,Malignant,B cell,Dendritic,Endothelial,Fibroblast,Macrophage,Mast,T cell
001,0.7581464648246765,0.039028865098953244,0.002908453531563282,0.09291976988315583,0.062022839486598966,0.01571651268750429,-0.0014327700482681394,0.010191556997597218
002,0.7454435706138611,0.04454202726483345,0.0032395950984209776,0.07297460436820984,0.08057385534048081,0.029916877299547194,0.005979067320004106,0.009148360509425402
003,0.8330382108688354,0.08242283165454864,0.022741036862134932,0.05629339888691902,-0.0379481241106987,0.03550158366560936,0.0007595155853778124,0.020207032188773157
004,0.7549647450447082,-0.004708091355860233,-0.0004831560421735048,0.07810238301753998,0.10946900993585587,0.03898279741406441,0.0024183383909985425,0.006946591008454561
005,0.8367728948593139,0.03103407546877861,0.006829096795991063,0.06447802111506462,0.04972551092505455,0.02352313548326492,0.0029710271395742894,0.009771337639540434
006,0.7930533647537231,0.048631809651851654,0.00201553157530725,0.058707129955291745,0.04741687327623367,0.0411621555685997,-0.0016887145349755884,0.010831842198967934
007,0.7933526158332824,0.05464227050542832,0.0014108077622950077,0.09112208485603332,0.02298065721988678,0.005252896249294281,-0.0007140348898246884,0.0011769621167331934
008,0.7249173045158386,0.011415504105389118,1.9258307293057442e-05,0.07658182978630065,0.13225277215242387,0.03795492611825466,0.0012687201146036387,0.0013945570681244135
009,0.8335005402565002,-0.002324146404862404,-0.008498528227210044,0.05999263077974319,0.06877168267965317,0.02526746578514576,0.011297551169991493,0.001623589964583516
010,0.8193404674530029,0.004095488786697387,7.203505374491215e-05,0.06659013479948044,0.05885510891675949,0.03159714043140412,0.00508751820307225,0.002254657493904233
011,0.7708736300468445,0.03402579128742218,0.0024655130691826344,0.0629653200507164,0.10146123915910721,0.007779925689101219,-0.0046845217235386375,0.006461708713322878
012,0.7806685566902161,0.05470009669661522,-0.0009547329042106867,0.07287496477365493,0.06321918219327927,0.013982149958610534,0.007196781830862165,0.008972224872559309
014,0.7157526612281799,0.04362703710794449,-0.002544210199266672,0.0583912119269371,0.13009949326515197,0.040182985737919806,-0.0016127226408571005,-0.0023722719866782426
015,0.7994178175926209,0.04087786227464676,0.001266371039673686,0.07869278490543366,0.07476678043603897,0.010156831704080105,0.008396923635154962,0.004575795913115144
016,0.7223726630210876,0.033694255724549295,-0.0026492155622690914,0.08868785500526429,0.11250499188899994,0.041209356486797334,-0.0037049957551062106,0.0074063694104552266
017,0.6854970455169678,0.009627258032560348,-0.009889122098684311,0.0735709771513939,0.1918724834918976,0.02749471887946129,0.0015386424027383327,-0.004497976740822196
018,0.7074848175048828,0.022957703098654747,-0.004008277412503957,0.07512986361980438,0.15195148885250093,0.024062305688858032,0.0031905125128105284,-0.0008676491212099791
019,0.7631715536117554,0.05801541358232498,-0.0015977349597960711,0.0869822546839714,0.049485798180103305,0.017969517596066,0.001872798684053123,0.007945882342755794
020,0.7615089893341065,0.08870403319597245,0.016667530685663224,0.06287253201007843,-0.00041837990283966064,0.04612479582428932,0.0031118959886953235,0.01921204328536987
021,0.7016233325004577,0.012374412082135678,-0.0014559338800609113,0.0871038407087326,0.15526034086942672,0.02657623402774334,0.00040314896032214167,0.0036684525664895775
022,0.7247855305671692,0.020069310441613197,-0.008609271422028542,0.09167511612176896,0.14053571820259095,0.015926755778491498,0.000347479316405952,0.0018126141279935838
023,0.7716794729232788,0.045807813107967374,-0.00847639674320817,0.0719411849975586,0.1077272653579712,0.009286182932555676,-0.0014947365270927548,-0.0026315029244869947
024,0.76355060338974,0.027314696088433267,0.01690141633152962,0.08591991662979126,0.04520337730646133,0.03237614706158638,0.0060404309071600435,0.017451949417591095
025,0.7901862978935241,0.009479193761944772,-0.001272130711004138,0.07164612337946892,0.08611833602190018,0.02869631052017212,0.0007902044337242842,0.006003643339499831
026,0.7086093783378601,0.026654386334121226,-0.001591360569000244,0.08399937897920609,0.11327985674142838,0.047959575057029726,0.0014682906679809094,0.007378305122256279
028,0.7771602272987366,0.05180167406797409,0.007684173434972763,0.0629101924598217,0.06356854885816574,0.03462559767067432,0.004749415582045913,0.011374094150960445
029,0.7253598928451538,0.056264032423496244,0.009522355254739523,0.07487810552120208,0.017438952624797822,0.07315126657485962,-0.00948226903565228,0.023962507024407387
030,0.7740638017654419,0.08028571903705597,0.00801802147179842,0.05382589921355248,0.00469791293144226,0.05290400162339211,0.0005618090741336346,0.014435265958309174
031,0.6505194187164307,0.03481482118368149,0.006612893333658576,0.09321142733097076,0.15392740517854692,0.035925823450088504,-0.0070965253747999665,0.00806618258357048
032,0.7003604531288147,0.04443029314279556,0.0006798126269131899,0.06995952650904655,0.14292708337306975,0.026470062509179115,-0.0018063778756186367,0.004861054802313447
033,0.7893300533294678,0.01177832242101431,-0.005186256533488631,0.07389486432075501,0.05437223017215729,0.0446387879550457,0.005241196346469223,0.0030058265198022126
034,0.7843230247497559,0.05833573788404465,0.009097935678437353,0.04021280184388161,0.013722746074199677,0.06633418872952461,-0.011076394375413657,0.013326362799853086
035,0.7409136056900024,0.04014628976583481,-0.0006414338480681181,0.08019297271966934,0.08357956260442734,0.03538280371576548,0.004656099388375879,0.012817435339093209
036,0.8522386312484741,0.048056910559535024,-0.0038230858277529477,0.04949760288000107,0.03631121963262558,0.0031664108857512472,0.0015873217023909092,0.0014704060275107622
037,0.8084461092948914,0.07008466720581055,0.008208888676017522,0.06446028053760529,0.0011665105819702148,0.02963903434574604,0.000741018820554018,0.013759941793978214
038,0.7707378745079041,0.0802173912525177,0.011443258449435233,0.06495488435029984,0.009148211777210235,0.04350894466042519,0.0019962434424087407,0.02071640342473984
039,0.7109922766685486,0.003549659810960293,-0.004975249385461211,0.06419442296028137,0.17113825380802156,0.03865288645029068,0.00262933736667037,-0.0027780238073319198
040,0.7769036293029785,0.039152728766202925,0.005633572395890951,0.07741557508707046,0.04988858550786972,0.020235779881477355,0.009173958376049996,0.008988951612263919
041,0.8304416179656983,0.02979997955262661,-0.0033178767189383507,0.07244870364665985,0.028985728323459626,0.028950834646821022,0.00018456690013408662,0.001678871037438512
042,0.7773863077163696,0.05696250349283218,0.015536193922162055,0.06789438501000404,0.022279760241508482,0.04428166076540947,0.003051728545688093,0.016002984531223775
043,0.8260636329650879,0.010642957873642445,-0.0057266178540885445,0.07192687392234802,0.056491120159626006,0.019874893687665464,0.0027213043300434946,0.003928981395438314
044,0.7373210787773132,0.025887421891093255,-0.007079561566933989,0.07445645928382874,0.11100391447544097,0.04498138651251793,0.0018863686360418796,-0.0008926491718739271
045,0.7301199674606323,0.0848382905125618,0.009343101270496845,0.06691385805606842,0.02049626111984253,0.05381101593375206,0.0012794292997568846,0.020614591985940935
046,0.7385818243026734,0.016234905831515788,-0.007360939402133226,0.07001491487026215,0.14014971554279326,0.024587581306695937,-0.0007832170464098454,-0.00314125195145607
047,0.7816431879997253,0.04114602543413639,0.0042321245651692155,0.06746291443705558,0.035789453983306886,0.04399480074644089,0.007013802696019411,0.013503708876669407
048,0.786476981639862,0.060017143934965135,0.007261002017185092,0.07788687348365783,0.019052180647850036,0.030944735556840897,0.00270005080383271,0.014081785269081593
049,0.6941799402236939,0.016947548463940622,-0.0021205077413469554,0.08772799521684646,0.12294759303331375,0.06067291796207428,-0.0008705035084858537,0.010512941516935825
050,0.886783242225647,-0.0019038056954741478,-0.00566536420956254,0.05848666206002236,0.05194842666387558,-0.0012986354529857635,0.009695848450064659,-0.0026209555100649594
051,0.8155106544494629,0.0041354715824127196,-0.003608309431001544,0.06367430463433266,0.059375958144664766,0.029338914901018143,0.003854397009126842,0.0063448493834584955
052,0.7047543406486512,0.033301891013979915,0.007112812111154198,0.064320307970047,0.1388499304652214,0.03411957658827305,0.006217420333996415,0.005456036003306508
053,0.7605502963066101,0.03104269802570343,0.0026873471681028603,0.07097849547863007,0.09651831984519958,0.019469763711094858,0.0019227311946451663,0.009109674673527478
055,0.7538804173469543,0.024678831920027733,-0.001798913348466158,0.08022906109690667,0.08286432325839996,0.03639766126871109,-0.006467830203473568,0.008977070916444063
056,0.7739709854125977,0.03446254432201386,-0.0017793782986700534,0.08340969532728196,0.06676900088787079,0.028414586186408998,-0.004522599908523261,0.004224795987829566
057,0.768214476108551,0.015506980009377003,-0.006219158973544836,0.06532898470759392,0.11297792792320252,0.01158944796770811,0.009207025915384293,-0.0018356926273554563
058,0.7514816641807556,0.014204423315823079,-0.004309519054368138,0.07191870957612992,0.12017685323953628,0.025596693344414233,-0.007436966430395842,0.0032396231312304736
059,0.753507387638092,0.0255994014441967,-0.005211703618988395,0.06351650580763817,0.1168943390250206,0.031183625012636183,0.004979275981895626,0.003398175584152341
060,0.7347005248069763,0.02534734569489956,0.00022715963423252105,0.0865379348397255,0.12182750254869461,0.021490884758532048,-0.0026051006047055126,0.0009140488225966692
061,0.7138117909431457,0.023487209528684615,-0.0036158361472189426,0.07367079854011535,0.15749666094779968,0.024207019433379173,0.0010237063048407435,0.0003604073077440262
062,0.698747742176056,0.050597994774580005,-0.0031892218627035617,0.06864585652947426,0.13113499134778978,0.040297532081604005,-0.0017228125827386976,0.006172522623091936
063,0.7707250714302063,0.01568009629845619,-0.005259380163624883,0.0622723251581192,0.11703805476427079,0.024416265636682512,0.0020634665386751296,0.0011640666984021665
064,0.6896275043487549,0.04171572178602219,0.005747532565146684,0.08327537253499032,0.1076743707060814,0.05502922162413597,-0.0028903216822072863,0.010904967971146106
065,0.7201947569847107,0.010752001032233238,-0.00516988723538816,0.07174452617764474,0.17809268832206726,0.01711437813937664,0.004722510138526559,-0.005419758381322026
066,0.6905542016029358,0.019436366483569147,-0.00018848017789423465,0.08090292513370514,0.12475473880767822,0.060136885941028596,0.007082076603546738,0.008190905023366214
068,0.726599907875061,0.032329023256897925,-0.005090451659634709,0.09036020338535308,0.09116166979074478,0.04321921542286873,-0.004037996637634933,0.0062742789275944235
069,0.7336227536201477,0.030395559035241604,-9.006536565721035e-05,0.07329468652606011,0.11114346086978913,0.02855563834309578,-0.0006768729770556092,0.007332152221351862
070,0.8199363946914673,0.03286897912621498,-0.0037082361988723276,0.07387064248323441,0.061265099048614505,0.010534875467419625,0.0007585323415696621,0.004864222602918744
071,0.7046207070350647,0.01671616118401289,-0.011122074164450168,0.055760759860277176,0.18761352002620696,0.02468137852847576,0.004942628112621606,0.00013330918736755847
072,0.6851829648017883,0.03107740804553032,-0.0021200693678110837,0.06911100000143051,0.1439023271203041,0.05265300646424294,0.0012275632005184888,0.0025496394373476505
073,0.6468574166297912,0.05113324671983719,-0.0002550328150391579,0.08496667891740799,0.12467482537031174,0.05915605202317238,6.7176995798945425e-06,0.004254348808899522
074,0.7185303568840027,0.015703209862113,-0.009954483900219201,0.05658617913722992,0.1709059953689575,0.03279210776090622,0.007342334743589163,-0.0039182116743177176
075,0.600694227218628,0.028106759861111642,-0.008025636430829763,0.09092511087656022,0.23306743204593658,0.0444982536137104,-0.005997449415735901,0.0030156373046338557
077,0.7753130674362183,0.07975733578205109,0.01819499470293522,0.05901452004909515,-0.018517006933689118,0.05414609685540199,-0.0030178050976246594,0.023997482284903525
078,0.8000277042388916,0.025765608996152878,-0.007111458387225866,0.05124511197209358,0.10085732489824295,0.014348594471812248,0.00801042877137661,-0.0013252688106149435
079,0.67330983877182,0.024895763769745827,-0.005188219249248505,0.09859223812818527,0.14404640197753907,0.04492877870798111,-0.0017030679155141115,0.009621587488800288
080,0.7153295397758483,0.03326668031513691,-0.005226755188778043,0.08736695647239685,0.1268990993499756,0.02579045481979847,-0.0012190563138574362,0.003216535644605756
081,0.8340072989463806,0.013293007761240006,-0.009750598249956966,0.05924946442246437,0.00561121255159378,0.04487351477146149,0.004835432395339012,0.006693766498938203
082,0.7305380344390869,0.0024081893265247346,-0.0007437601219862699,0.08467623144388199,0.12720773220062256,0.04362879768013954,0.0032258110819384455,0.006601469311863184
083,0.7704586982727051,0.07669519484043122,0.019158096984028816,0.06039637625217438,0.022739660739898682,0.04337134398519993,0.0018938935594633222,0.021190555393695833
084,0.7847770690917969,0.03181965462863445,-0.012383976206183433,0.06324718222022056,0.06447819024324417,0.04264139048755169,0.00915959645062685,0.00602256590500474
085,0.8618666052818298,0.025229838117957114,-0.00382936648093164,0.05415622740983963,0.06497827768325806,0.002382585033774376,0.002099893335253,-0.0018048736732453109
086,0.8239070415496826,0.011913943104445934,-0.007249102648347616,0.06941091939806938,0.05673400908708572,0.03303215280175209,0.005821027467027307,-0.0015260977204889059
087,0.7990192651748658,0.012513631582260131,-0.001983949216082692,0.07299317121505737,0.09270818382501603,0.020334235019981863,-0.00028637838549911977,0.002328500198200345
088,0.6410992264747619,0.04679780155420303,-0.0010850075166672468,0.07963758260011673,0.1885499969124794,0.0317742295563221,0.0027958276681602,0.0005183245986700058
090,0.858539593219757,0.035833537578582764,0.004526515351608395,0.05047883316874504,-0.019386546313762666,0.04491503983736038,0.0021601620363071563,0.010411632247269154
092,0.7553552508354187,0.012873503752052784,0.005748429195955395,0.07723075300455093,0.11918948292732238,0.017882556281983854,0.004186527524143458,0.0011355683207511901
093,0.7283158898353577,0.0604338102042675,0.007043966231867671,0.06223858222365379,-0.00621502697467804,0.10617784261703492,0.0003158132079988718,0.020010446943342686
094,0.7590598583221435,0.03828346133232117,-0.005561263160780072,0.07327406480908394,0.09021256864070892,0.020317068323493004,0.007852154131978751,0.005695844441652298
095,0.7887093424797058,0.038508563116192815,0.009016868099570275,0.06882685720920563,0.04264822602272034,0.03779645934700966,-0.003038103156723082,0.013886958546936511
098,0.8679618835449219,-0.023613660037517546,-0.003310560993850231,0.036234918236732486,0.072618667781353,0.02420859709382057,0.0059254545951262115,-0.0015521130990236998
099,0.8588919878005982,0.012340152636170387,-0.0046676791738718745,0.06113151013851166,0.041064807772636415,0.017940343543887138,0.011647621542215348,-0.006349936779588461
100,0.7737067341804504,0.016435981541872025,-0.0018216682597994804,0.08172220140695571,0.09338507801294327,0.02583982739597559,0.008323907945305109,0.002810900332406163
101,0.7296321034431458,0.00853089801967144,-0.00040866932831704614,0.08390289694070815,0.12870796024799347,0.031095656007528304,0.001708698528818786,-0.0023963437881320713
102,0.7144270896911621,0.0194891644641757,-0.003547075763344765,0.08402818143367767,0.16158688813447952,0.009235333651304245,0.00025912332348525523,0.0017924767453223467
103,0.6780893087387085,0.004027855210006237,-0.0015470309183001519,0.07518752813339233,0.19235587418079375,0.03915918618440628,-0.0029863978270441294,0.008440609090030193
104,0.7284124255180359,0.04425133392214775,-0.004165383847430348,0.06443891301751137,0.12763637453317642,0.017124146781861783,-0.0013914545299485326,0.007031436730176211
105,0.736197316646576,0.023929698020219804,-0.00020852931775152683,0.07713874951004981,0.12286471575498581,0.026600779592990877,-0.000883783889003098,0.0022591904271394014
106,0.8341960310935974,0.037570581585168836,-0.003558071656152606,0.05834299921989441,0.04063315838575363,0.012142117694020271,0.00777435814961791,0.0029160495847463607
108,0.8041842341423034,0.0413624782115221,0.005995548330247402,0.06819098666310311,0.04511498808860779,0.019128235802054406,0.006444395752623677,0.010819369275122882
109,0.7523416996002197,0.12038910388946533,0.013634140789508819,0.0618066817522049,-0.0528798058629036,0.07284185588359833,0.0009369568433612585,0.02625075466930866
110,0.7763116955757141,0.013787871040403844,-0.0038146352395415305,0.07906190901994706,0.08705165237188339,0.04372670687735081,0.003708901349455118,0.0024682911578565838
111,0.8285317301750184,0.002055687643587589,-0.005408066976815462,0.0603891409933567,0.08595118671655655,0.011935065872967244,0.008221573103219271,-0.0017344604711979628
112,0.7483653783798218,0.04449600055813789,0.005939106456935406,0.06415122896432876,0.07424654066562653,0.0363432951271534,-0.0002643604762852192,0.009076109621673822
113,0.6875799775123597,0.008980566635727882,0.0010790491476655006,0.11065790206193923,0.1525024503469467,0.03978085815906525,-0.0056417983723804355,0.008133664820343256
114,0.7739715814590454,0.0405751995742321,0.0073232094291597605,0.06617800369858742,0.03455295413732529,0.042353380843997,-0.0018942852271720766,0.01426441129297018
115,0.699663507938385,0.04697092995047569,-0.001698688929900527,0.09421993345022202,0.12842136472463608,0.021233068965375423,0.0007203220156952739,0.0132580591365695
116,0.7845755338668823,0.011355689726769924,-0.0015205895062536002,0.05042286366224289,0.11369261294603347,0.024437789991497993,0.00268318266607821,0.0008928917814046144
117,0.7805923461914063,0.0442479245364666,-0.005322642344981432,0.06826976537704468,0.04786048233509064,0.031524193659424785,0.004287379491142928,0.004949326300993562
118,0.7809997200965881,0.04391912370920181,0.002055208617821336,0.049812295287847516,0.048522910475730895,0.046387079358100894,0.0028940750751644375,0.010099840816110373
119,0.7938412308692933,0.08303036242723465,0.008312444481998683,0.06236438304185867,-0.013686932623386383,0.04245272502303123,-0.0003141420194879174,0.016941937245428564
120,0.7456511616706848,0.02213580869138241,-0.0017856442835181951,0.07375138252973557,0.052052201330661775,0.06449645757675171,0.001734134997241199,0.0077104188036173586
121,0.7500588178634644,0.008705186657607555,-0.007949347700923681,0.058301353454589845,0.14782769680023194,0.026418014988303186,0.0011501440079882742,0.0017798472195863723
122,0.7432397723197937,0.03891286998987198,-0.003968758974224329,0.07581868171691894,0.09293273836374283,0.025408858060836793,0.006327024009078741,-0.001066420553252101
123,0.7455830931663513,0.04310825616121292,0.00270056719891727,0.08209509402513504,0.07518437504768372,0.031539030745625495,-0.004586110706441104,0.008923341147601604
124,0.8827195763587952,-0.0061492245644330975,-0.0007953857537358999,0.05106372907757759,0.029425786435604097,0.02053388636559248,0.002627092460170388,0.004382799239829182
125,0.7194535374641419,0.03366045281291008,-0.002928403252735734,0.08992174863815308,0.10323459506034852,0.03658190220594406,0.0006649750052019954,0.008818118739873171
126,0.7878102421760559,0.01623226925730705,-0.0020181068684905767,0.06267308369278908,0.10775044858455658,0.01332968007773161,0.0016500785248354077,0.0047368742525577545
127,0.7729657649993896,0.015665026381611824,0.0028787799179553985,0.0733118936419487,0.08607650846242905,0.024785131216049194,0.006098017818294466,0.0031631098594516517
128,0.7786648154258728,0.032780048251152036,0.0047951637301594015,0.07050244212150573,0.05815286412835121,0.03288393057882786,0.0019804676063358783,0.007483209390193224
130,0.8678089261054993,0.007564202696084976,-0.006794387614354492,0.05390730574727058,0.03842781037092209,0.015412893146276474,0.012876461446285247,-0.0013917658012360334
131,0.8182533860206604,0.04374590590596199,0.013644896447658539,0.05919100791215896,0.018516252934932708,0.02663415130227804,0.005079383519478143,0.01397166345268488
133,0.7214052200317382,0.020939918607473372,-0.007043439615517855,0.0678359441459179,0.16482235193252565,0.024541986733675004,-0.004170926404185593,-0.004093852965161205
134,0.7765733957290649,0.08805909901857376,0.01196797713637352,0.06769020408391953,0.008879441022872924,0.03964272886514664,-0.0015032451832666994,0.01657366156578064
135,0.7544333577156067,0.02340119704604149,-0.010078312922269106,0.06641996651887894,0.10998446345329285,0.03847931250929833,-0.0013513392535969616,-0.001541407173499465
136,0.7490782856941223,0.008656265400350093,-0.003947062883526087,0.08919836282730102,0.1455556184053421,0.0055443402379751205,0.005071244086138904,-0.0009598589967936277
137,0.7365482807159424,0.01898016221821308,-0.008023636136204004,0.06403111144900323,0.14405526220798492,0.02413458712399006,0.0005394504405558109,0.007162779476493597
138,0.7554885983467102,0.09505821019411087,0.019086432456970216,0.06301759481430054,-0.003501023352146149,0.05136731788516045,-0.005891866586171091,0.0242961585521698
139,0.7792917490005493,0.03154904395341873,-0.003549735527485609,0.07490451335906982,0.09262406677007676,0.012943064048886298,0.0010975515004247427,0.003197117568925023
140,0.8062337875366211,0.021314449980854987,-0.006595380185171962,0.054924942553043365,0.09620352387428284,0.017604488879442215,0.0061741442885249855,-0.00018897163681685925
141,0.7402468204498291,0.0480141893029213,-0.0023994294460862875,0.07207751646637917,0.04442567676305771,0.06641758307814598,0.0021847625263035297,0.010927523206919431
142,0.7766572713851929,0.011995618790388107,-0.0008622283115983009,0.07776692062616349,0.11354340463876725,0.013200652971863746,0.0041056361747905615,-0.0020292996894568207
144,0.6962470054626465,0.03124907799065113,-0.005111490329727531,0.09697426706552506,0.174834144115448,0.010453953966498375,-0.001641884515993297,0.0007439533714205026
145,0.5076802134513855,0.005711903050541878,-0.024464188888669015,0.03624857142567635,0.35386894941329955,0.06314142122864723,-0.004000574117526412,-0.0016833414789289235
146,0.7977899789810181,0.01613437067717314,-0.0022640233859419824,0.056799667328596114,0.10717870146036149,0.018303674086928366,0.0028964920435100793,-0.0023751794826239346
147,0.7575920701026917,-0.0004323052242398262,-0.0035832841414958237,0.09055319428443909,0.11549506336450577,0.027171996608376502,0.009241754189133644,0.0048385228961706165
148,0.7445907115936279,0.0623156264424324,-0.001658816821873188,0.07358953803777694,0.053650607168674466,0.04353261962532997,0.004154507676139474,0.008787664491683245
149,0.8836944937705994,0.0486175924539566,-0.00430706674233079,0.05516536384820938,0.0022438883781433104,-0.0006007714197039604,0.0037559612421318887,0.011129758227616549
151,0.6894157886505127,0.036444544047117236,-0.008957214746624231,0.06729281395673752,0.13664188981056213,0.04514538422226906,0.005615149694494903,0.006252746377140283
152,0.7259035229682922,0.024489232525229453,-0.0123700350522995,0.05877351462841034,0.1534318745136261,0.03558085635304451,0.002649829047732055,0.009770114067941904
153,0.7644353985786438,0.03515101745724678,0.0007539541460573673,0.055667570978403094,0.09224785268306732,0.03294460251927376,-0.00022623436525464057,0.0058681630063802
154,0.7022190928459168,0.0019425826147198677,-0.0034262919798493385,0.09371897131204605,0.16688625514507294,0.024747979268431662,-0.0006016028113663196,0.008367130905389786
155,0.7958530426025391,0.009909101948142051,-0.0009332570713013411,0.06728922426700593,0.09587595164775849,0.016702508740127086,0.003215872007422149,-0.0004589132498949766
156,0.7238481044769287,0.011307676509022712,-0.005096587585285306,0.07579548060894012,0.16114428341388704,0.021460001915693284,-0.0010843179188668728,-0.0023750081192702053
157,0.685495138168335,0.029154731333255766,-0.004559479793533683,0.07036738097667694,0.1589467257261276,0.03828580677509308,0.0027979555539786815,-0.00016702874563634396
158,0.7600425124168396,0.02865469567477703,-0.0015995784662663937,0.06113513186573982,0.09174302369356155,0.0380584366619587,0.0016783650033175945,0.0057548638433218
159,0.7173222184181214,0.03878613263368606,-0.0010482916608452798,0.06655203551054001,0.11063604950904846,0.0472842164337635,0.0046893521444872025,0.0036980757024139164
160,0.7118886470794678,0.029203806445002554,-0.0017581226769834758,0.07382931113243103,0.1437490925192833,0.02370459772646427,0.00017677610740065574,-0.0006158437114208937
161,0.7494098544120789,0.015683112666010857,-0.010282011143863201,0.06354052200913429,0.1306835025548935,0.024262214824557305,-0.00034677840303629635,0.004989887494593859
162,0.7634983062744141,0.03667924199253321,0.008627156913280486,0.0801084965467453,0.07446884214878083,0.029522188194096088,-0.006787004019133747,0.014134012721478939
163,0.8048033714294434,0.010223587788641453,-0.008267223462462425,0.0711748331785202,0.08497842997312546,0.02492522429674864,0.009314639866352082,0.0026500217616558077
164,0.7751816391944886,0.009155751205980778,-0.013203136250376701,0.05802659094333649,0.12733781188726426,0.016285565309226514,0.011572539433836937,0.0016651776153594256
165,0.7750576496124267,0.014960262551903724,0.0009066694881767034,0.07228743880987168,0.09166641533374786,0.023351239413022994,0.007177360123023391,0.005476463353261352
166,0.7356448531150818,0.03672822341322899,0.00442634099163115,0.062041936814785,0.10419277250766754,0.03874241299927235,-0.002458416437730193,0.00870977696031332
167,0.7409770846366882,0.008770694956183434,-0.006908250693231821,0.07296761423349381,0.15042858719825744,0.02350107841193676,-0.003155455458909273,-0.0022595552261918785
168,0.6987812638282775,0.01830047070980072,-0.003035661904141307,0.08046006634831429,0.14347513914108276,0.03783364892005921,0.0016036449931561946,0.017542816884815692
169,0.6370060443878174,0.011847973242402077,0.0014469760004431008,0.09098827540874481,0.1793799430131912,0.045025937259197235,0.005755012528970838,0.0029100054409354923
170,0.7548541903495789,0.032043295726180074,0.0004133509937673807,0.07518433928489685,0.07760241180658341,0.03282532151788473,-0.0014675617683678865,0.00345766837708652
171,0.6449780225753784,0.001829051971435547,-0.0008187016006559134,0.10153825283050537,0.1997227668762207,0.0361228384077549,0.011471140757203102,0.0045756780542433265
172,0.7611804842948914,0.030606963485479356,-0.0013707685749977828,0.0743203729391098,0.09590232372283936,0.028072570636868476,-0.0020636261440813543,0.0051880486775189635
174,0.7760666131973266,0.010323593951761722,-0.0047848175279796125,0.07296731173992158,0.09098572432994842,0.024573930725455283,0.009487993642687797,-0.0016697350423783065
175,0.9725563883781433,-0.00721659567207098,-0.0024497431237250566,0.021568936109542847,-0.0014792338013648986,0.006716338358819485,0.0062321826815605165,-0.003752033272758126
176,0.8314958333969116,0.01674181893467903,-0.006979459617286921,0.04452890157699585,0.09720321297645569,0.014147462695837021,0.006821303092874586,-0.0048552787397056815
177,0.6933429837226868,0.029842033982276917,-0.002431229315698147,0.10146244168281555,0.14826678335666657,0.020183492079377176,-0.004860651190392673,0.0020057486835867167
178,0.6947299718856812,0.034537558630108836,0.000515366904437542,0.08964279443025588,0.1273162543773651,0.033586546778678894,-0.006952216359786689,0.00564341670833528
179,0.7070456385612488,0.014566981978714467,-0.0010875923093408347,0.09207105040550231,0.13276642113924025,0.03607078604400158,0.0005930213956162333,0.0013814755249768496
180,0.7103622794151306,-0.0016084393486380578,-0.010830664914101363,0.06613430082798004,0.19574668109416962,0.025631504133343697,0.004081842978484929,-0.0021691092755645514
181,0.7663667917251586,0.032481932267546657,-0.006484335055574775,0.08635532110929489,0.07561636716127396,0.020191787183284758,0.010836752876639367,0.004932568967342376
182,0.7849517703056336,0.008249837532639503,-0.01079614581540227,0.06813599690794944,0.10957510620355607,0.023265928402543067,0.008761224057525396,-0.0035807338543236257
183,0.8047561526298523,0.03465759642422199,0.0047986334655433895,0.07386671602725983,0.04127472341060638,0.02483531516045332,0.002585077192634344,0.012097756750881672
184,0.7871382355690002,0.05362680032849312,0.023261356353759765,0.06786640509963035,-0.022317983210086823,0.04770687073469162,0.0014937400817871093,0.027766084671020506
185,0.81411052942276,0.015085141733288765,-0.0016395302023738622,0.058456403017044065,0.07999041080474853,0.02143832705914974,-0.00018304779659956695,0.005242871958762408
187,0.8195284366607666,0.03705250360071659,0.0028827192261815073,0.0639963060617447,0.02905309796333313,0.03497718181461096,0.0059820918133482335,0.004205449670553208
188,0.7488573670387269,0.02226467877626419,-0.0014090076554566621,0.08684877455234527,0.09711486250162124,0.024690771475434303,-0.0031346719013527037,0.0035806354600936173
189,0.7615992307662964,0.02741990387439728,-0.004088498326018453,0.07937818765640259,0.0929220363497734,0.023164909705519675,0.0100654530338943,0.0049717089161276816
190,0.8131480693817139,0.0293033629655838,0.004303869139403105,0.06429200395941734,0.08358541578054428,0.006002089567482471,0.006526879174634815,0.008962946850806475
191,0.7551310777664184,0.09528745114803314,0.025468676909804346,0.06311064809560776,-0.012654587626457214,0.051433631032705304,-0.0072864372283220295,0.024873072654008864
192,0.7154343605041504,-0.007740454003214836,-0.0035033670719712973,0.08681187778711319,0.16873717606067656,0.016971834748983384,0.006662527401931584,-0.0031602725386619566
193,0.7633335947990417,0.03428417481482029,-0.004015309829264879,0.07022398561239243,0.11540101766586304,0.011189769953489304,0.008739812206476927,0.003442804887890816
194,0.7185162901878357,0.018327422626316547,-0.007409428153187037,0.07962566167116165,0.1531199187040329,0.029737125523388384,0.0036147248465567827,-0.005315161123871803
195,0.7664927959442138,0.0342918049544096,-0.0006214702036231757,0.04751743748784065,0.08962481915950775,0.034733213111758234,-0.0021408620523288846,0.007925283256918192
196,0.8010354042053223,0.03264405243098736,0.008505773544311524,0.062202683091163634,0.049867545068264005,0.02970672994852066,0.00413424433209002,0.010860738437622785
198,0.7095895409584045,0.07560699135065078,0.014815438725054263,0.08351167514920235,0.042437002062797546,0.05613013356924057,0.01415259949862957,0.01771586127579212
200,0.7646007657051086,0.05829371064901352,0.005494284443557262,0.047421318292617795,0.043171426653862,0.059818600118160245,-0.002048762608319521,0.011397895775735379
201,0.7465900897979736,0.011847218126058578,0.009328643791377544,0.07512934803962708,0.08522013276815414,0.04753141328692436,0.0007857763208448887,0.007334743672981858
202,0.8426600456237793,0.027517100051045417,-0.0012265219818800687,0.053332799673080446,0.02346876710653305,0.026785399205982684,0.008487790822982788,0.0011345953214913606
203,0.796756899356842,-0.0005376236513257027,0.0015038913115859032,0.07458519488573075,0.07341305762529374,0.0366446353495121,0.010900355875492096,0.004646328976377845
205,0.7480012536048889,0.008796543814241886,-0.005131151992827654,0.07793686538934708,0.11535321474075318,0.04016979485750198,0.003164875949732959,-0.002366196317598224
206,0.7407071828842163,0.01110197901725769,-0.0056731781456619505,0.07339440137147904,0.12299766391515732,0.04552663192152977,0.0013227405725046992,-0.0021957585122436285
207,0.7469947934150696,0.06893246471881867,0.00864886911585927,0.07323523014783859,0.044960179924964906,0.0425555057823658,-0.0022104419302195312,0.013041088543832301
208,0.7702267527580261,0.02549328822642565,0.0030810777097940445,0.07491534352302551,0.018570993840694428,0.07394195720553398,-0.008390166703611613,0.006675144704058766
209,0.752880585193634,0.05339407995343208,-0.000899210711941123,0.07601105719804764,0.020486660301685333,0.06075986176729202,0.0007233160082250834,0.012478006817400456
210,0.7603699922561645,0.015239398181438445,-0.00953782070428133,0.07473537549376488,0.10489285588264466,0.03110927753150463,0.011026683822274208,0.005393819138407707
211,0.6869730234146119,0.027137651294469833,0.000581539748236537,0.11661718189716339,0.14438392221927643,0.014127003401517868,0.00032900338992476464,0.0010589402634650468
212,0.7411020278930665,0.032860615849494935,0.0023024104069918395,0.07748376280069351,0.08995679467916488,0.033814570680260655,0.0043386078206822274,0.008024659194052219
213,0.7354353785514831,0.017691701464354993,0.0005476233083754778,0.07300866022706032,0.12807788997888564,0.027391491830348967,0.006735713873058558,0.003846370801329613
214,0.7343279480934143,0.08199204355478287,0.011497939564287662,0.06358647122979164,0.004880827665328979,0.06856710612773895,0.0002752098487690091,0.025238313525915147
215,0.7804395675659179,0.026140088215470314,-0.0019546679221093656,0.07107608467340469,0.058693982660770416,0.03641868159174919,0.0029723169980570676,0.0016117848921567202
216,0.9175397992134094,0.029857444390654565,0.0005130989942699671,0.03755231350660324,-0.0048595771193504335,0.01110851876437664,0.0066118921851739286,0.013819662947207689
217,0.7429831981658935,0.0452753946185112,0.00700863185338676,0.06064729914069176,0.03190352469682693,0.07236233875155448,0.007765306113287807,0.01773526966571808
218,0.713533902168274,0.026012161374092103,0.002872877847403288,0.09299643337726593,0.12485646009445191,0.025971060059964655,-0.0014619354624301195,0.0020048296544700863
219,0.7659929633140564,0.12322716116905212,0.021449534967541695,0.05603471845388412,-0.024406804144382475,0.044340942054986954,-0.004477423685602844,0.025875360891222953
220,0.7400537014007569,0.03188652731478214,-0.0032628013286739588,0.06379031613469124,0.12236001193523408,0.031228916719555855,0.0021600025473162534,-0.003828927827998996
221,0.825573992729187,0.02472070828080177,-0.00562088554725051,0.05756737291812897,0.0727478802204132,0.014611701294779778,0.005670977476984263,0.0019246276933699846
222,0.776423168182373,0.05127450451254845,0.011579892318695783,0.0764397330582142,0.009021304547786713,0.05069299265742302,0.005974695878103375,0.020825622230768205
223,0.7779764175415039,0.023210398852825165,-0.012254693172872066,0.05245085284113884,0.1020904541015625,0.03308137655258179,0.009352547209709882,0.01103535359725356
224,0.7770938277244568,0.03719705492258072,-0.004542268393561244,0.06619921177625657,0.07468559294939041,0.03279285132884979,0.00660552796907723,0.006278891302645207
225,0.8540877342224121,0.016742971166968344,0.006013519736006856,0.054588225483894345,0.02232646495103836,0.03164893537759781,0.002104433299973607,0.012422175146639347
226,0.7898133754730224,0.03623425029218197,-0.0069681377150118354,0.06956082731485366,0.07831250131130219,0.02206833679229021,0.005180284078232944,0.0008474253583699465
227,0.7769100785255432,0.02686223592609167,-0.007078488636761904,0.06527139097452164,0.1004690408706665,0.017492561228573324,0.007614731159992516,0.0008726466912776232
228,0.8062398672103882,0.06159010455012322,-0.005156257515773177,0.07284311726689338,0.037331287562847135,0.01724545881152153,-0.00387600464746356,0.012548876740038396
229,0.7841403365135193,0.021749377995729447,-0.002402062062174082,0.07419742494821549,0.07863716185092925,0.02328299768269062,0.002917614090256393,0.0034015303011983634
230,0.7970639348030091,-0.00809677541255951,-0.006114182900637389,0.06700500100851059,0.12521333396434783,0.013362274691462516,0.0008621702902019024,-0.003867187397554517
231,0.6958131313323974,0.027593517675995827,-0.009040533285588025,0.05810118466615677,0.16312750577926635,0.047454825788736346,0.006211717170663178,-0.00025479751639068127
232,0.6985534191131592,-0.00476270467042923,-0.003361521475017071,0.0822701871395111,0.19041397869586946,0.023753130808472633,0.005339166079647839,0.0032995530404150487
233,0.7145655989646912,0.012865284457802773,-0.00736217238008976,0.08325235992670059,0.12502776831388474,0.04514495432376862,0.007990095438435674,-0.001267482340335846
234,0.6426837801933288,0.02733815386891365,-0.0018735992256551982,0.11111402958631515,0.1813081830739975,0.021242782846093176,0.0031526776496320964,-0.0018591766711324453
235,0.7766008496284484,0.054379165172576904,0.0021642978303134442,0.05667218342423439,-0.015329125523567199,0.07695711404085159,0.0025146225932985546,0.010554739460349082
236,0.7208455204963684,0.016645127907395363,-0.008710482995957137,0.0697049356997013,0.1485245257616043,0.0357089601457119,-0.0013006907887756825,-0.005813809018582106
237,0.7540146231651306,0.007974973507225513,-0.008218649681657553,0.055729500204324725,0.16258690059185027,0.01100528910756111,0.005699984659440815,-0.005566133139654994
238,0.8743263006210327,0.00466472003608942,0.013462796993553638,0.08916355967521668,-0.013663537800312042,0.017363674566149713,-0.00371855185367167,0.009838808514177799
239,0.7695842027664185,0.05642510801553726,0.014000733569264411,0.0689445160329342,0.05690181702375412,0.015065174549818039,0.002521988656371832,0.00789137277752161
240,0.7501063942909241,0.016998516768217085,-0.0015714629087597131,0.06032897606492042,0.1441616088151932,0.019085403718054294,-5.907576996833086e-05,0.003848040848970413
242,0.7906937599182129,0.0022893957793712616,-0.0033489626832306383,0.07024043500423431,0.07813607603311538,0.03225438818335533,0.0017622020561248064,0.003686093958094716
243,0.8051612496376037,0.009744273312389851,-0.007656814996153116,0.05866124853491783,0.08938338905572892,0.02250937893986702,0.004097480187192559,0.0013485160190612078
244,0.7283183336257935,0.04797251522541046,-0.0007289052475243807,0.07704019248485565,0.0888076364994049,0.031050882861018182,0.005647727334871888,0.010835408605635167
245,0.6612367391586303,-0.004289333708584309,0.005178490094840527,0.08166150897741317,0.15805096924304962,0.06920857205986977,0.004511731257662177,0.006723895529285073
246,0.7245891928672791,0.08986649960279465,0.008910578303039074,0.06462945267558098,0.021702706813812256,0.05907221212983131,0.0018956134794279934,0.02339252158999443
247,0.8207647204399109,-0.004205692745745182,-0.003258262947201729,0.056823629140853885,0.07373232692480088,0.03724088594317436,0.0012213325826451182,0.004919556900858879
248,0.7630594372749329,0.04309869930148125,-0.0018977603875100612,0.05993858724832535,0.07308844774961472,0.03284836038947105,0.008290971536189318,0.009480552561581135
249,0.7410581231117248,0.04161854386329651,0.001466511283069849,0.07402132749557495,0.07852420508861542,0.03557846248149872,0.0001350349746644497,0.01076724212616682
250,0.6858602881431579,0.02783910259604454,-0.005357180628925562,0.0985362023115158,0.14501603841781616,0.024047675356268883,-0.0016511522931978106,0.007860237453132867
251,0.8055175065994262,0.044663629680871966,-0.0023001883644610645,0.06075443029403686,0.051240052282810214,0.02142651900649071,-0.0007877492578700184,0.005171535117551684
252,0.7699278712272644,0.06396106109023095,0.007083851378411055,0.05921164825558663,0.02536443918943405,0.0443049069494009,-0.0006842502858489752,0.017041231133043767
253,0.7476525068283081,0.029164399206638335,-0.007275299681350589,0.059267566353082654,0.14004401564598085,0.011502797529101372,0.005168142402544618,0.000123435677960515
254,0.7617070078849792,0.007047350890934468,-0.003905781637877226,0.06816688403487206,0.12385089993476868,0.021303482353687286,0.0035998358158394693,-0.000348877115175128
255,0.734652578830719,-0.00757906474173069,-0.003953461209312082,0.08527005016803742,0.16769832521677017,0.016275381669402122,0.00165801749099046,0.0011089611332863569
256,0.7874032378196716,0.02758126687258482,0.0034752215258777143,0.07359812706708908,0.07193515449762344,0.03588711731135845,0.0030343496007844807,0.004851579805836082
257,0.7763222575187683,0.027219070680439474,-0.0036736038979142903,0.07171151638031006,0.10742707699537277,0.01826775074005127,0.00011875210329890252,0.0010200897697359324
258,0.7284412741661072,0.03596137911081314,-0.011237384006381034,0.06668933853507042,0.13339855670928955,0.030305391177535057,0.0037380545167252422,-0.0026855075266212225
259,0.7773063540458679,0.03555355742573738,0.009904846083372831,0.06296818852424621,0.03995878994464874,0.05205997005105019,-0.0038444773526862264,0.011158011667430402
260,0.69385666847229,0.03754957616329193,0.0008680003695189953,0.08263167142868041,0.1319039434194565,0.03502270020544529,-0.003524600784294307,0.016267524287104606
261,0.7332661986351013,0.019422589987516403,-0.006176642421633005,0.07068010121583938,0.1270760178565979,0.033802371472120285,0.0002615626202896237,0.0036132846493273974
262,0.7808100581169128,0.041504115983843806,-0.0013052584137767554,0.06750190183520317,0.06579031944274902,0.021468686312437056,0.011826299503445626,0.0033063165843486785
263,0.7742204427719116,0.014877965301275253,-0.009497595392167569,0.07150722518563271,0.09109312146902085,0.03438551668077707,0.0007088753394782543,0.0012576184701174498
264,0.695802366733551,0.002814348414540291,-0.0021938733290880917,0.08500209003686905,0.188736692070961,0.019009116291999816,-0.0029253789223730566,0.006663074064999819
267,0.7450377106666565,0.04457322023808956,0.0034621725790202618,0.07113585248589516,0.1131373718380928,0.017744192853569984,-0.0009134937543421983,0.004865831509232521
269,0.6848616361618042,0.03235495761036873,-0.006567578110843897,0.07555861100554466,0.16543635427951814,0.029141994938254357,0.0005123077891767025,-0.0022109521087259054
270,0.7290882110595703,0.027840255945920944,-0.004199074162170291,0.10244624167680741,0.11139636188745498,0.015999647416174413,0.003021613578312099,0.002883738651871681
271,0.6457661628723145,0.012842898443341254,-0.004768879618495703,0.07413384318351746,0.24058909118175506,0.021791030839085578,-0.003994372207671404,-0.0014015115331858397
273,0.7728504538536072,0.005756105855107307,-0.0018226371612399817,0.08654682934284211,0.10222630947828293,0.018977545946836472,0.00017384428065270185,-0.0066433997824788095
274,0.7657981395721436,0.020198971033096313,0.0019365616608411074,0.07194271162152291,0.10225110501050949,0.03098313622176647,0.0007347452221438289,0.0019945107866078614
275,0.7556070327758789,0.011075665801763534,-0.00029054824262857436,0.07354440987110138,0.10724425166845322,0.03835773356258869,0.0015798856038600206,-0.0011282172054052353
276,0.7464927434921265,0.030756734311580658,-0.004352777218446136,0.06423526033759117,0.11909976452589036,0.02084411568939686,0.008281799685209989,-0.0016755748074501753
277,0.8339032173156739,0.025360222905874252,-0.0005316877737641335,0.06551634520292282,0.04334595501422882,0.026195693016052245,0.008172746701166033,0.007413374725729227
278,0.7321568489074707,0.009219496883451939,-0.0013365263119339942,0.08231276720762253,0.14229120165109635,0.023997167870402337,0.0007259710924699903,-0.0041289005894213915
279,0.7920815110206604,0.02342615872621536,0.011779664317145944,0.08014347404241562,0.06565546095371247,0.03435082212090492,0.006564976135268808,0.008982214285060764
280,0.7583889365196228,0.02523823529481888,-0.006995288142934442,0.08010689169168472,0.11017428785562515,0.02479982078075409,0.008160206209868192,-0.001898949174210429
281,0.8447327613830566,-0.012055492028594017,-0.009209632314741612,0.06857356354594231,0.06175738275051117,0.024636748433113097,0.0207147054374218,0.0013611276168376206
283,0.7137477278709412,0.05699063837528229,0.0020129041746258735,0.0858638897538185,0.0856408417224884,0.03442927822470665,-0.001849010307341814,0.010825703851878643
284,0.7699066638946533,-0.002365710586309433,-0.0029311304446309806,0.08655148446559906,0.14306756258010864,-0.0026787787675857542,0.002930039050988853,-0.0024564619641751053
285,0.7513936877250671,0.04913260936737061,-0.0038149030413478615,0.05479005500674248,0.08324024975299835,0.03677481636404991,-0.00024598995223641397,0.005232686316594482
286,0.7854834794998169,-0.006350031681358814,-0.003049890836700797,0.061025158315896985,0.1275630310177803,0.02122901938855648,0.007072893925942481,-0.0020922559779137373
287,0.838097095489502,0.041087714955210686,-0.00017669880762696266,0.0706748515367508,0.03778846859931946,0.008180186897516251,0.0006790978135541081,0.008129939530044794
288,0.7615568399429321,0.015895757265388964,0.008684183098375797,0.08392906934022903,0.06747587323188782,0.024017952382564545,-0.003520895354449749,0.0018573084380477667
289,0.7126457810401916,0.018703663349151613,-0.004751439904794097,0.08189157843589782,0.14398220777511597,0.030229831859469414,0.0005164011381566525,0.0011541614774614572
290,0.7414672613143921,0.017203336209058763,-0.002766911964863539,0.07352197766304017,0.12081110775470734,0.03462305180728435,0.0023390787653625013,0.0031603746581822635
291,0.7545963525772095,0.05249533504247665,-0.007089776173233986,0.10244412124156951,0.09181486219167709,0.005898512899875641,-0.00025440314784646033,0.007775442395359278
292,0.7448982000350952,0.014502538368105888,-0.00474132844246924,0.06297356560826302,0.1364111065864563,0.027399321645498277,0.0007593720452859998,-0.000168283237144351
293,0.7534363985061645,0.04603765457868576,0.014270083978772163,0.06029461026191711,0.031852167844772336,0.047837056964635846,0.0017232126090675592,0.0227410152554512
294,0.6951273441314697,0.03517697304487229,-3.2230466604232785e-05,0.08639773279428482,0.14316545575857162,0.026633186638355254,-0.00015900367870926856,0.0065753933973610405
295,0.8513418912887574,-0.011712344363331795,-0.010846300236880779,0.04993280842900276,0.08445916622877121,0.01740409918129444,0.008559612184762954,-0.0033032468520104883
296,0.6848216533660889,0.004923820681869984,-0.0035024646669626234,0.0692938432097435,0.18996275514364241,0.02593085989356041,0.0006148512242361903,0.0006078381557017565
297,0.7110684275627136,0.019978573359549046,0.00020037665963172912,0.08875508457422257,0.13186874985694885,0.022566129639744758,0.004620457300916314,0.003428648412227631
298,0.6644854307174682,0.006220016442239284,0.000434555159881711,0.09338692426681519,0.19334836900234223,0.022930363565683363,-0.002939130109734833,-0.00011385730467736722
301,0.886008358001709,0.01996625177562237,0.00681160488165915,0.0858019545674324,0.027088548243045806,-0.011233573034405708,0.0026161766611039637,0.003723570704460144
303,0.7371281266212464,0.006645843014121055,-0.006560067180544138,0.06779495626688004,0.16468670070171357,0.018148548156023025,0.006149604194797575,-0.0001821636687964201
304,0.7669145345687867,0.014106149040162563,-0.0030990560539066792,0.07227504998445511,0.11265316307544708,0.026634294912219046,0.0030221802182495592,0.0013763800729066134
306,0.686913526058197,0.013776391185820103,-0.005660302331671118,0.07226524651050567,0.21624231338500977,0.011942151561379432,-0.0005058125592768192,-0.0049780618865042925
307,0.8158561229705811,0.0018280219286680222,-0.0034287028014659882,0.05401590019464493,0.10983365327119828,0.01347398068755865,0.0058433111291378735,0.0030119661707431076
308,0.7125951409339905,0.030452120304107665,-0.00485355881974101,0.07143164873123169,0.1480748638510704,0.02778237946331501,0.004214486549608409,-0.0042435018811374904
309,0.756034767627716,0.023195522837340832,-0.006364297168329358,0.07504079043865204,0.10164139717817307,0.032993904501199725,0.006056792521849275,0.007078117225319147
310,0.7540565967559815,0.020076598040759563,-0.004278026893734932,0.0573157474398613,0.14470590949058532,0.019238766841590406,-0.002323139365762472,0.0020100649446249006
311,0.6781002521514893,0.056877008825540545,-0.006264257151633501,0.07209502905607224,0.14835411310195923,0.041668178886175154,-0.00205567697994411,0.005588689167052507
312,0.7399238467216491,0.01363590955734253,-0.008085410064086317,0.07573023736476898,0.14169506281614302,0.009117842279374599,0.006185593688860536,0.005286861583590508
313,0.7462090492248535,0.016405512019991873,-0.0006364183500409126,0.08393014669418335,0.10027843415737152,0.03643226288259029,0.004036385053768754,0.008429495617747307
314,0.7297742605209351,0.026439715176820755,-0.0011746067088097335,0.08033657744526863,0.10620956569910049,0.03601996265351772,-6.411520298570395e-05,0.004165270971134305
315,0.7600239276885986,0.03465221896767616,-0.005512069631367922,0.05845715403556824,0.11338715851306916,0.01971099302172661,0.006927978526800871,0.003435828536748886
316,0.8067441701889038,0.034555503726005556,0.0006226262077689171,0.07641156017780304,0.05928489416837692,0.017580516822636127,-0.003445175220258534,0.004062026413157583
317,0.7972337007522583,0.010120696574449538,-0.00011953194625675678,0.07185689359903336,0.10456666648387909,0.00694987028837204,0.005945088900625705,0.0014746077358722687
318,0.7986282587051392,0.009921442158520222,0.0016835948918014765,0.08753984421491623,0.07241220027208328,0.019781065359711646,0.0017811943776905536,0.00035148230381309986
319,0.7086309909820556,0.035753825306892396,-0.004601098876446485,0.07919689193367958,0.1318628340959549,0.03418785855174065,-0.007065265043638647,0.002055942313745618
320,0.7185689091682435,0.02186223603785038,-0.009747854806482792,0.07023999541997909,0.1379411369562149,0.04127458110451698,-0.0037803977029398084,-0.0005031782668083907
321,0.6728105664253234,0.030019345879554748,-0.0010892631020396949,0.08418723493814469,0.11370016187429428,0.07752411812543869,0.0003271223045885563,0.006208441546186804
322,0.7248507022857666,0.04300663620233536,0.0042590837925672535,0.07878905534744263,0.07599600404500961,0.048520173877477646,-0.001460977946408093,0.010606078244745732
323,0.7586754083633422,0.010886975564062595,-0.010329238092526793,0.10110801011323929,0.1105977714061737,0.023032919317483903,0.0005029666004702449,0.0028688133228570224
324,0.8009421944618225,0.02133678626269102,-0.005081078130751848,0.07771876454353333,0.08532416373491288,0.004372992366552353,0.0030073803616687657,0.001546332286670804
325,0.7850174188613892,0.006060681119561195,-0.0031024823430925606,0.07270833104848862,0.1084045797586441,0.013915438950061799,0.005199940805323422,-0.0017157148104161024
326,0.8053403377532959,0.021097717992961406,0.012274337001144886,0.07886369079351425,0.07454941719770432,0.020936493948101997,0.004553939262405038,0.01058661243878305
327,0.8011400103569031,0.044023459404706956,0.0028256536461412907,0.04738631695508957,0.025675331056118012,0.04756406396627426,-0.004450091230683029,0.012283825315535069
328,0.6733883857727051,0.023445073515176773,-0.0013355722185224295,0.07152666002511979,0.1544189855456352,0.04739726260304451,0.0041714961174875494,0.008319938834756613
330,0.806295907497406,0.02753879949450493,-0.005725002009421587,0.07679086625576019,0.06715115159749985,0.008606165274977684,0.0057672517839819195,0.0022096187341958283
331,0.7333758354187012,0.018669899366796017,0.0006242628209292888,0.06852332055568695,0.1104579895734787,0.037854728475213054,-0.002768693398684263,0.006190904742106795
333,0.7880071640014649,0.020127406530082225,-0.007625190680846572,0.06744990199804306,0.08938436657190323,0.02085830271244049,0.009835127927362918,0.001007931726053357
334,0.8736667037010193,0.03864269107580185,-0.006801271345466375,0.04156695082783699,0.026739847660064698,0.005258115753531456,0.008628841675817966,0.006488182861357927
335,0.722203254699707,0.021057559922337533,-0.0003382666502147913,0.09597118496894837,0.12673190236091614,0.0165186733007431,0.002353694918565452,0.0019159447867423296
336,0.7236746430397034,0.027989893592894076,0.0015583135653287172,0.08717263638973236,0.10596787929534912,0.04178986400365829,0.0014702676562592387,0.007782560028135777
337,0.7662418842315674,0.005159656703472138,-0.002850374532863498,0.07689141482114792,0.1350998416543007,0.01224026009440422,0.006906887423247099,0.001956984167918563
338,0.7299138188362122,0.03844481520354748,-4.485235549509525e-05,0.07683048248291016,0.11816511154174805,0.025568956136703493,0.0007400672184303403,0.0035394914913922547
339,0.7664081573486328,0.08942708224058152,0.015921470895409583,0.05155677273869515,-0.012313555181026458,0.05315051674842834,0.00227705342695117,0.027709152549505234
340,0.71149662733078,0.03739277422428131,-0.002202827064320445,0.0742254376411438,0.12852933555841445,0.028616855666041375,0.0009457037784159183,0.00012311958707869052
342,0.8247957825660706,0.03534280098974705,-0.004135462921112776,0.0725204698741436,0.05113498121500015,0.007442743144929409,0.003089826973155141,0.005669115204364061
343,0.7919632077217102,0.03393352869898081,-0.005536302644759417,0.056896064430475235,0.08556361645460128,0.017895482853055,-0.0032278575003147126,0.0071235189214348795
344,0.7554519534111023,0.005993443168699741,0.005316247045993805,0.0886931598186493,0.11146271824836732,0.012649217806756496,-0.0019456806359812618,-0.0022033922839909794
345,0.77156662940979,0.013726959377527237,-0.007292791036888957,0.07246723771095276,0.07699716985225677,0.045558401942253114,-0.0035741916624829175,0.005139788007363677
346,0.8035456657409668,0.015926534682512282,-0.0016257756855338813,0.060233724862337114,0.10090831816196441,0.011703216470777988,0.006511021335609257,0.0004484407603740692
347,0.774992024898529,0.024137826077640055,-0.0074274961836636065,0.058674868941307065,0.10837028026580811,0.023507528379559516,0.0042449454311281444,-0.0006059644278138876
349,0.8426806569099426,0.035796035826206204,-0.001260693185031414,0.05206962302327156,0.07481775283813477,0.0008479632437229156,0.00027323225513100626,-0.0003943630959838629
350,0.743234646320343,0.03433441519737244,0.006197619438171387,0.06448905915021896,0.05639923810958862,0.06576628237962723,-0.0015795985469594597,0.016540365852415563
351,0.6937686562538147,0.033110729232430455,-0.0008785394486039877,0.07761281579732895,0.14980518966913223,0.031310532614588736,-0.001176696363836527,0.008350969851016998
352,0.717825198173523,0.05101442337036133,-0.0013083080761134625,0.0987867385149002,0.07278657108545303,0.04089916050434113,0.0028617310104891657,0.010516908951103687
353,0.7313360214233399,0.021651792526245116,-0.005327918333932757,0.06516843736171722,0.1475998193025589,0.02471412643790245,-0.000654150266200304,-0.002563603548333049
354,0.7386803030967712,0.022188453003764153,-0.005136209866032004,0.08159076720476151,0.11685633808374404,0.03355204425752163,-0.0032201541122049092,0.0021692645270377396
355,0.7983077049255372,0.010141770727932454,0.00040018898434937,0.06985826790332794,0.09403408914804459,0.008188539184629917,0.004188465932384133,0.012290711887180806
357,0.7016395688056946,0.053311335295438765,0.001913015777245164,0.07987045496702194,0.1029330089688301,0.045088692009449004,-0.005089483107440174,0.01233693417161703
358,0.7657073140144348,0.06555812358856201,0.006302743963897228,0.06877126097679138,0.007527796924114228,0.0591855563223362,0.0006486767204478383,0.01711934246122837
359,0.7942157506942749,0.03221267648041248,0.015233147144317626,0.06958116963505745,0.04286348521709442,0.025945010781288146,-0.0037259080447256563,0.010695633944123983
360,0.7195359349250794,0.04063415825366974,0.0006471224594861269,0.0785500556230545,0.08514758795499802,0.04359062947332859,0.003085915301926434,0.006336524710059166
361,0.7148121356964111,0.03181210570037365,0.0021593649405986072,0.07159297093749047,0.09540980607271195,0.059587550908327104,-0.003518494078889489,0.011190168466418982
362,0.8048215746879578,0.05259623974561691,-0.0034140540286898614,0.06535213515162468,0.04138561487197876,0.024429154023528098,0.007724571134895086,0.006507072690874338
363,0.729587459564209,0.03286001868546009,-0.004060066770762205,0.08592386841773987,0.09763750433921814,0.0358909547328949,0.007053721928969026,0.010577366221696138
364,0.751463258266449,0.03192483000457287,0.0005394802894443274,0.07391367256641387,0.09612485915422439,0.038266610354185104,0.006578513095155359,0.008224157337099313
365,0.6668715596199035,0.013468862883746624,-0.007625445164740086,0.07866393774747849,0.19628366231918334,0.032145758345723155,-0.0015369800152257086,-0.0008451237808912992
366,0.6924498915672302,0.029126378521323205,-0.008168694376945496,0.06809439659118652,0.18269526362419128,0.01791945695877075,0.0025138342287391426,0.0030316745862364767
367,0.7109347224235535,0.03780375719070435,-0.0006457265000790358,0.07377923727035522,0.11089257150888443,0.04040667116641998,0.001069901790469885,0.0067084009759128095
368,0.7624755501747131,0.01701441388577223,0.0008272325154393912,0.0816891372203827,0.08282373994588851,0.04429764896631241,-8.478800300508738e-05,0.007389234099537134
369,0.805526053905487,-0.006193708628416061,-0.007755531836301089,0.06822424083948135,0.08879583328962326,0.02399432584643364,0.007001870404928922,0.0017039921600371598
370,0.7373401761054993,0.03234409242868423,0.0019003589171916247,0.07878829687833785,0.10863658934831619,0.031407305970788,0.008725633798167109,0.006316898949444294
371,0.7153620600700379,0.0345479354262352,-0.004463505698367953,0.0864918127655983,0.09394290000200271,0.044750988483428955,0.00038123903796076774,0.002295480715110898
372,0.756454062461853,0.05845603346824646,0.004428381938487292,0.0689504474401474,0.02422637343406677,0.05281023979187012,0.003504367615096271,0.012801053933799267
373,0.7528838157653809,0.01758123766630888,0.0036631501745432614,0.07786144316196442,0.1068688988685608,0.038820785284042356,0.0002971806563436985,0.0035495431628078224
374,0.7378081798553466,0.019195613078773023,-0.009489136934280395,0.06089821085333824,0.13729138374328614,0.03232867270708084,0.0014223056845366956,-0.00019964496605098247
375,0.7764242649078369,0.027777276188135146,0.0030456716660410164,0.04861735254526138,0.11824011951684951,0.027806942537426948,0.006955776968970895,0.0053469368256628515
376,0.7512908935546875,0.004632100090384483,-0.004668011981993914,0.04789925888180733,0.16591516137123108,0.021292080357670783,0.008483640383929014,-0.0018132999073714017
377,0.7309873580932618,0.03254077062010765,-0.0010026109404861927,0.08242268115282059,0.11126978993415833,0.02594571337103844,0.0029743910534307362,0.002809774177148938
378,0.7133901476860046,0.029739205539226533,-0.004609877569600939,0.07413543313741684,0.13092964887619019,0.03542715273797512,-0.00027423652354627846,0.006509500090032816
379,0.758961808681488,0.02417536675930023,-0.00032655997201800344,0.09282726645469666,0.08512196391820907,0.029926953092217445,0.00434921660926193,0.006825216207653284
380,0.7852777481079102,0.011809390597045421,-0.004362273123115301,0.07101091518998146,0.1107375368475914,0.021433328837156297,-0.004398686136119068,0.004099552053958178
383,0.7628889918327332,0.005898783728480339,-0.0018162320833653212,0.06959280222654343,0.13852886259555816,0.01600235663354397,0.003466331074014306,0.00023156781680881976
384,0.7235090732574463,0.012755299545824527,-0.0046887283213436605,0.08800204992294311,0.15486465394496918,0.014924135431647301,0.004463052656501531,0.004594236239790916
385,0.7782217979431152,0.022331135161221028,-0.007025440502911806,0.07093118280172347,0.09778716564178466,0.028991084545850754,0.0005155122838914394,-0.0008201259654015303
386,0.7478777527809143,0.019264412485063075,-0.006327956961467862,0.07349229380488395,0.12653614282608033,0.02055685594677925,0.006564930360764265,0.0026407961267977953
387,0.7955421328544616,0.052017470449209215,-0.00023925653658807278,0.05930993035435676,0.036659763753414155,0.036837492138147354,-0.00350203316193074,0.007438238151371479
388,0.7657176971435546,0.010705834068357945,-0.006307262647897005,0.06621754467487335,0.10091311484575272,0.03155892081558705,0.005419321963563562,0.0026034120935946705
389,0.744187867641449,0.037774046510457994,-0.0015772290993481875,0.09099228382110595,0.08887504041194916,0.025392333418130873,-0.003365603880956769,0.005139813432469964
390,0.8530615091323852,0.02614099867641926,0.005743324477225542,0.06346736252307891,-0.009367138147354126,0.03779978081583977,0.003044094773940742,0.00963043635711074
391,0.7756219387054444,0.032552603632211685,0.0016192641109228135,0.0736640989780426,0.07451373338699341,0.02945074811577797,0.0008861599024385213,0.012078260257840156
392,0.7724626064300537,0.039639176800847054,-0.003363507380709052,0.05989848747849465,0.068448244035244,0.03875196427106857,0.006567736016586423,0.006969058606773615
393,0.6986304521560669,0.03255376145243645,-0.002124475687742233,0.07806547731161118,0.14095764756202697,0.034226732328534126,0.0009201088920235634,-0.0001290371175855398
394,0.7419443011283875,0.005946433916687965,-0.008672698866575956,0.09485764652490616,0.14674704074859618,0.015284987911581994,0.0019829871831461786,-0.002469856245443225
396,0.9011858701705933,0.014749941416084766,-0.008509993273764848,0.017373330891132355,0.05120027139782905,0.002672412246465683,0.0138856191188097,-0.007731720246374607
397,0.8409227967262268,-0.009893371164798737,-0.0068836416583508255,0.06340319514274598,0.08757513165473937,0.007145813852548599,0.009175831452012062,-0.007756061293184758
398,0.7670918941497803,0.027491781674325467,0.0008275708183646202,0.0652749702334404,0.05341655611991882,0.05194574370980263,0.005835358309559524,0.0077614547219127415
399,0.8638619184494019,0.08807196766138077,0.020511606335639955,0.06963150650262832,-0.06000227481126785,0.011748089641332626,0.000848197634331882,0.012858854047954083
400,0.8021462559700012,0.028577763587236404,0.008636528439819813,0.0692099466919899,0.04252598434686661,0.029864341579377653,0.0023169681197032334,0.01107555665075779
401,0.7511121034622192,0.01511149611324072,-0.003128871275112033,0.08354943394660949,0.1341710329055786,0.006402300298213958,0.006277185911312699,0.0014935419429093599
402,0.7058567762374878,0.023883820325136185,-0.005228394223377108,0.09232044517993927,0.1510702133178711,0.0256494227796793,-0.0028134901775047185,0.00262782764621079
403,0.6955634474754333,0.015347720310091972,-0.004202794097363949,0.06166297420859337,0.13968359231948851,0.05350592583417892,0.007666412461549044,0.003083365550264716
404,0.7786960124969482,0.03271061964333057,0.0014084496535360814,0.05729009062051773,0.07792382538318635,0.03572114147245884,0.0038287316216155886,0.005557401990517974
405,0.7823252558708191,0.01647648848593235,0.0014287683181464673,0.07465298846364021,0.11004154980182648,0.011509490385651588,-0.00236551808193326,-0.000659977039322257
406,0.8075330972671508,0.014056108519434929,-0.005603492725640535,0.07434082627296448,0.052472937107086184,0.03390839025378227,0.011544770747423171,0.0019437425304204225
407,0.724339735507965,0.029000532999634742,-0.008703432511538267,0.06545105054974557,0.14487098008394242,0.03202633373439312,5.1520299166440964e-05,0.0029216863214969633
408,0.6612946033477783,0.023953266441822052,0.005441409721970558,0.08469132706522942,0.17639923542737962,0.029849597811698915,-0.003204971645027399,0.0025625364854931832
409,0.7338858842849731,0.02627042606472969,-0.006088520539924503,0.07933371365070344,0.12257360816001892,0.022224195301532745,0.001908308919519186,0.001995894173160195
410,0.7842885375022888,0.0070458827540278435,-0.005689730774611235,0.08847064971923828,0.08509757220745087,0.029552999883890152,0.008415359957143664,-0.0011949970852583648
411,0.7887468338012695,0.006140472367405891,-0.0024786619935184715,0.08617201298475266,0.07723290026187897,0.02638671509921551,0.007208902528509498,0.005521419458091259
412,0.7491852283477783,0.033895060420036316,-0.0004955696407705545,0.07577459514141083,0.07689104676246643,0.0485958606004715,0.011173859797418117,0.00883847177028656
413,0.7157127737998963,0.019328924641013146,-0.007904027868062258,0.061340372264385226,0.15818076431751252,0.03588447347283363,0.0023226887919008733,-0.0024587308522313832
414,0.7118589162826539,0.03327890671789646,-0.0049545994959771635,0.0646999143064022,0.15509638637304307,0.019745739921927453,0.0037204666761681436,-0.0006346981506794691
415,0.7445023417472839,0.03575509935617447,0.0008580707013607025,0.08447386175394059,0.07877025008201599,0.03571325317025185,-0.005178929562680424,0.004304836457595229
416,0.7787119030952454,0.03430025540292263,-0.005073669459670782,0.07060026302933693,0.07918110191822052,0.0234811183065176,0.003821653197519481,0.007642210833728314
417,0.8416163086891174,0.03254018537700176,0.0016881313174962997,0.07164109349250794,0.028199170529842377,0.022368406504392625,0.00975485707167536,0.009908821899443865
418,0.7472176551818848,0.01657115239650011,-0.0008266012649983167,0.09081819206476212,0.11662073880434036,0.022114938497543334,-0.0022136242361739276,-0.002372574573382735
419,0.7777932047843933,0.08401162773370743,0.019484150782227518,0.06494045034050941,-0.014363127946853637,0.054145647585392,-0.004204335971735418,0.022502686455845834
420,0.7671400427818298,0.04339253455400467,0.008018063846975565,0.07684271782636642,0.05515825152397156,0.03317587971687317,-0.000484395632520318,0.011138481460511685
421,0.856610107421875,0.0002455811947584152,-0.004649604065343737,0.06184072643518448,0.06546098068356514,0.011521056666970253,0.004758894722908735,-0.006586185749620199
422,0.7604980945587159,0.030462519079446793,-0.005563689908012748,0.06686382293701172,0.11619637161493301,0.020235991664230825,-0.0018626549048349262,0.0003602857235819101
423,0.7400739073753357,0.0200573718175292,-0.0019244725815951824,0.07641823291778564,0.10790987759828567,0.02567067388445139,0.009066846780478954,0.0050410778727382425
424,0.7498153924942017,0.04262094274163246,0.005122865550220013,0.07047063410282135,0.07066543400287628,0.046708909422159196,-0.009605327993631363,0.0042757656890898945
425,0.8739995241165162,0.03329513762146234,-0.0073303939308971165,0.03601537793874741,-0.035839833319187164,0.0565029326826334,0.01421856377273798,0.010460770968347789
426,0.787305748462677,0.05923383682966232,-0.001005778694525361,0.06736804991960525,0.05626498609781265,0.02586352378129959,-7.117735221982003e-05,0.010592222865670919
427,0.7797195434570312,0.024710767343640326,0.002125405799597502,0.061930453032255174,0.05820835530757904,0.04699202701449394,0.010294374823570252,0.014717159606516362
428,0.7383806228637695,0.03392404466867447,-0.0075342206750065085,0.0808050960302353,0.1133758544921875,0.02058022916316986,-0.0012452969793230295,0.004771495750173926
429,0.8209495186805725,-0.007201024331152439,-0.004804029641672969,0.06193414553999901,0.0721902996301651,0.03780057579278946,0.0021774946246296166,-0.0010861871764063836
430,0.8171075940132141,-0.010951180011034012,-0.008428966719657182,0.055717500299215315,0.12094906121492385,0.011161462217569352,0.012930125370621682,0.0018763930071145295
431,0.731384563446045,0.027201854437589646,-0.0030106774531304835,0.06942974627017975,0.12067164033651352,0.035985582321882245,-0.0022181720938533544,0.008977246098220348
432,0.740663754940033,0.07234296500682831,0.006331568723544479,0.0671087570488453,0.049441538751125336,0.03895336166024208,-0.002151563437655568,0.006423363229259849
433,0.7407331347465516,0.0976035550236702,0.017187237925827503,0.06978009939193726,0.007262679934501648,0.049741650372743605,-0.0018807955086231232,0.025694272294640542
434,0.7550426125526428,0.03331582173705101,-0.0017860726453363895,0.07330632954835892,0.08038604706525802,0.028050177544355393,0.010643902607262135,0.0037929566111415624
435,0.7309022545814514,0.011545935831964015,-0.0065731645561754705,0.09686990529298782,0.13611165136098863,0.014421183057129383,0.002683991100639105,-0.004350220039486885
436,0.7663413047790527,0.05917191877961159,0.002262762933969498,0.07399347871541977,0.039625680446624754,0.04328487738966942,-0.0030710086692124607,0.009169034752994775
437,0.8091606736183167,0.04564133733510971,-0.003487499337643385,0.07986589819192887,0.055644893646240236,0.008792290650308131,0.00016177007928490638,0.00662820041179657
439,0.6894192934036255,0.02048160806298256,-0.0018418304156512023,0.07714746221899986,0.16560522913932801,0.025136318430304526,-0.0018481360282748937,0.001586717227473855
441,0.718390142917633,0.03778882771730423,0.0012523466255515813,0.08804604709148407,0.11209648996591567,0.024045395851135253,1.4345278032124043e-05,0.006995077989995479
442,0.7004400372505188,0.03587207607924938,0.004204497952014208,0.08176707774400711,0.08939773887395859,0.07111217081546783,0.0012683948036283255,0.006459891842678189
443,0.7926038503646851,0.10077388286590576,0.011048505268990993,0.05667371153831482,-0.06116822212934494,0.06978589147329331,-0.0008847043151035905,0.018930487520992755
444,0.7824697971343995,0.003315427340567112,-0.007628197688609362,0.06243241503834725,0.10068407356739044,0.02759936824440956,0.0076827466487884525,0.0033053569961339234
445,0.736894941329956,0.03872854895889759,0.0005008360836654902,0.06651395186781883,0.11837910115718842,0.0229963269084692,0.0008062579901888967,0.0040174202062189576
447,0.7638463020324707,0.03783352375030517,-0.0035160661209374666,0.05319449454545975,0.10163154602050781,0.024311012588441372,0.005710466532036662,0.005342588294297457
449,0.8495957255363464,0.006410911306738853,0.0002093115821480751,0.04871102944016457,0.014402818679809571,0.04755356833338738,-0.008857847470790148,0.010607266239821911
450,0.7459485650062561,0.023694893345236778,-0.010068884259089828,0.09315645545721055,0.07734062224626541,0.03678110055625439,0.009737934079021215,0.0017608621623367072
451,0.7809154391288757,0.032407074607908724,-0.009038212709128857,0.07337108701467514,0.09667088389396668,0.024859803169965743,-0.006004345696419477,0.005490655917674303
452,0.7900506019592285,0.09525838792324066,0.01611653622239828,0.061778650432825086,-0.016584594547748566,0.03992535173892975,-0.0021689367247745396,0.023838026076555253
453,0.6526989102363586,0.03294445276260376,-0.0032300782389938832,0.08732137978076934,0.1571341872215271,0.04274816885590553,0.0005213088355958462,0.0025127400178462265
454,0.7801299333572388,0.009923088923096656,-0.005541066825389862,0.0689460128545761,0.10670638829469681,0.018518050014972687,0.004364236700348556,-0.0031131431460380554
455,0.8553778767585755,0.02581937424838543,-0.006048311665654183,0.06460012197494507,0.018759608268737793,0.021658537536859514,-0.0017562795896083117,0.005642176559194923
456,0.7327888965606689,0.014363480545580388,-0.004865377489477396,0.07747751176357269,0.12339553087949753,0.030023720860481263,0.001531560975126922,-0.0004474740009754896
457,0.8279485464096069,0.029339953511953353,0.0034246380906552075,0.06293413564562797,0.048800453543663025,0.012703899294137955,0.002135182823985815,0.009168728813529014
458,0.7982098817825317,0.027621513605117796,0.0012400217819958925,0.07302167117595673,0.0655117928981781,0.018317054584622385,-0.0015992604894563556,0.0035885320976376534
459,0.7265492081642151,0.01743074841797352,0.008103894907981158,0.0949818655848503,0.1010722428560257,0.0381690289825201,-0.0009092744672670961,0.010234949551522732
460,0.7045036673545837,0.008863168768584728,-0.002052099769935012,0.07759968489408493,0.12992636859416962,0.048708556592464446,0.0039084504125639795,0.004742227960377932
461,0.8039880752563476,0.03747115135192871,-0.0010524868965148925,0.07424903810024261,0.06319748312234878,0.01653662994503975,0.002905687945894897,0.0046246168203651905
462,0.7355120658874512,0.03305674493312836,0.0038714590948075054,0.09574246108531952,0.11183619797229767,0.009348833188414573,0.0014260859228670598,0.008557274285703898
463,0.721903383731842,0.013973977789282799,-0.009185547102242708,0.08025130033493041,0.14488492608070375,0.028201183676719664,-0.0012545614736154675,0.004352114070206881
464,0.7842489361763001,0.038146667182445526,-0.002305026398971677,0.06798522174358368,0.0701836496591568,0.02771027199923992,0.0018952016718685627,0.002353815035894513
465,0.7460233569145203,0.04359843581914902,0.004349800478667021,0.06049424111843109,0.09085697084665298,0.046096382290124895,-0.0030669565312564373,0.010005322098731995
466,0.8341496586799622,0.018115263245999814,-0.011829623952507973,0.06172417476773262,0.03972335308790207,0.03221839033067227,0.009475493244826794,0.0029735345393419265
467,0.7885672569274902,0.06398019045591355,0.005417836550623179,0.057633602619171144,0.04677429050207138,0.025409602373838425,-0.00035623316653072835,0.010258938930928708
468,0.8494974732398987,-0.008718666806817054,0.0028292909264564514,0.07562864571809769,0.057620604336261746,0.023053470999002457,0.004553531715646386,0.0038923670537769793
469,0.7940748691558838,0.03917909413576126,0.004024365590885282,0.07531504034996032,0.020587222278118135,0.03252001795917749,0.0005230366019532085,0.015621215850114823
470,0.8084332942962646,0.013851774111390113,-0.0032051521353423595,0.07268896251916886,0.08404506742954254,0.011828505992889404,0.008661679178476333,0.0074082078412175175
471,0.716707420349121,0.027689534425735473,-0.006475363997742534,0.09173681139945984,0.12437809258699417,0.026941390708088875,0.00644621301908046,0.0047913823742419485
472,0.7560406565666199,0.01937180869281292,-0.0011144270654767751,0.07534711062908173,0.09932975172996521,0.03785515353083611,0.0014868072234094144,0.002431913884356618
473,0.863665759563446,0.025753667950630187,-0.0033939657732844353,0.07201984077692032,0.0030191540718078613,0.021015674248337744,0.0012221491895616054,0.006388593371957541
474,0.8162662148475647,0.01561061069369316,-0.010523819550871848,0.05895713493227959,0.07745159566402435,0.022534244880080222,0.010283629782497883,-0.0009443219285458326
475,0.7282703518867493,0.033989737182855605,0.0034051764756441115,0.07397806346416473,0.06213466078042984,0.06264206022024155,0.01169756818562746,0.006537376483902335
476,0.7904036402702331,0.030898015946149826,0.00013569132424890996,0.06231451258063316,0.058512833714485166,0.03245650865137577,0.004112228634767234,0.007260741153731942
477,0.8352331638336181,0.029127668775618076,4.767053760588169e-05,0.06514404267072678,0.028074313700199128,0.026589342579245567,0.004089493909850717,0.004657876538112759
478,0.8289699196815491,0.06847277581691742,0.007441254332661629,0.030836132913827898,-0.026726236939430235,0.056172612309455874,-0.005123125808313489,0.018890722654759884
479,0.7476454615592957,0.012714080326259137,-0.006870728358626366,0.08285739719867706,0.12759944796562195,0.007940507866442204,0.0049702508840709925,0.005454055592417717
480,0.7608625888824463,0.014135215990245342,-0.0018357710447162389,0.08063689768314361,0.09877962321043014,0.03029427081346512,0.0022138274041935803,0.004726164555177092
481,0.7420905709266663,0.01455773040652275,-0.01148683186620474,0.049573066830635074,0.16747589707374572,0.021091542020440102,0.0045119966613128785,-0.003091297531500459
482,0.7165265321731568,0.05482226982712746,0.006473260978236794,0.07860160619020462,0.053878788650035855,0.052348806709051135,0.002829121472314,0.017659548111259936
483,0.7876824498176574,0.024754917621612547,-0.003905009292066097,0.07071199640631676,0.10189501196146011,0.0014380574226379394,0.002463870169594884,0.005793727189302445
484,0.721181845664978,0.034671978652477266,0.006897086650133133,0.08631213754415512,0.11125914752483368,0.03492092899978161,0.007377586932852865,0.01199043272063136
485,0.7442167282104493,0.030390626192092894,0.001280200993642211,0.07368536740541458,0.10746100544929504,0.025174712762236595,0.006462812097743154,0.006885060947388411
486,0.7819982767105103,0.005448191612958908,-0.006711921002715826,0.07213518992066384,0.11338421553373337,0.01777356117963791,0.006202429020777345,0.002916311891749501
487,0.8136727333068847,0.029051372781395912,0.008955925842747093,0.0815898671746254,0.05902652442455292,0.0252504738047719,0.006882440904155374,0.009088516840711236
488,0.8087659239768982,0.005617228522896767,-0.007774715032428503,0.07191405594348907,0.07091307938098908,0.039404114708304405,0.0035167053109034898,-0.0019340969156473875
489,0.8072494745254517,0.008699464052915573,0.005567149864509702,0.06412894278764725,0.09001441299915314,0.027076228335499764,0.006066848197951913,-0.0005188350565731526
490,0.8077934980392456,0.00043737292289733885,-0.005587229784578085,0.05987144038081169,0.11578365862369537,-0.0016200466081500054,0.007905064430087805,-0.004849113896489144
491,0.795024287700653,0.043995191156864163,0.003354155644774437,0.06682104021310806,0.04459467977285385,0.03066491223871708,0.0049152900232002136,0.006279695779085159
492,0.5249669790267945,0.004394683614373207,-0.009981208387762308,0.05422013700008392,0.37006254196166993,0.03768344819545746,-0.013486005738377571,-0.0045309985987842085
493,0.7185689806938171,0.03553073033690453,-0.009634277876466512,0.06164836585521698,0.1287367433309555,0.04220326691865921,0.0020125587470829487,0.00031457697041332723
494,0.7594577550888062,0.013082279637455941,-0.004919003648683429,0.07222149223089218,0.1153209701180458,0.021502011641860008,0.002001946303062141,-0.000507038226351142
495,0.7654261350631714,0.03486712016165257,-0.0010321937501430512,0.07312655001878739,0.06518054306507111,0.03461907394230366,0.0013815100304782391,0.008955487795174123
496,0.7016689777374268,0.012217752635478973,-0.0049704234581440685,0.08388097584247589,0.15555011928081514,0.04332470968365669,0.0058344346703961495,-0.0006995494943112135
498,0.6428678035736084,0.0010082857683300973,-0.0012484584469348193,0.07487954497337342,0.19352613985538483,0.04761250987648964,0.002634800714440644,0.004684526845812798
499,0.8471985578536987,0.037640505284070966,-0.00622937073931098,0.052262261509895325,0.030880586802959444,0.017551274225115775,0.005787203926593066,-0.0005137312691658735
500,0.7945499420166016,0.047563643753528596,0.004026727098971605,0.07359932735562325,0.03274989426136017,0.02912876568734646,-0.001435867417603731,0.010595425125211477
501,0.7546734571456909,0.022003179229795933,-0.0038910926785320045,0.05938993617892265,0.14724428802728654,0.016077248752117156,0.003973705368116498,0.00568055622279644
502,0.7228063106536865,0.04011852666735649,0.0012471620459109545,0.07730861604213715,0.09168194830417634,0.035074781626462936,0.0017168442718684673,0.010470975376665591
503,0.7935454726219178,0.05531895831227303,0.008479543216526508,0.03663010820746422,0.02568744122982025,0.06051995158195496,-0.0026553696487098934,0.012456290423870087
504,0.6927708506584167,0.02759147770702839,-0.01035854984074831,0.07210783064365386,0.17941102981567383,0.01686222068965435,-0.0005264409817755222,-0.00019318941049277781
505,0.7578872799873352,0.030333558470010756,-0.0032670163549482823,0.0809302031993866,0.10415804833173752,0.004797095619142056,0.001534271496348083,0.005542058125138282
506,0.7535929918289185,0.013923948258161544,0.0019687742460519075,0.08278517872095108,0.09130989462137222,0.03593672066926956,0.0028608844382688402,0.0024144183844327927
507,0.75918527841568,0.02395806685090065,-0.001450102124363184,0.06854066923260689,0.0794417291879654,0.05123220607638359,0.005135918827727437,0.004715734021738171
509,0.7203351378440856,0.04048266559839249,-0.00447086738422513,0.07223293632268905,0.11816513538360596,0.02866447828710079,0.0014013729291036726,0.0033260239753872154
510,0.7662812113761902,0.03796021826565266,0.004438550071790814,0.0858403578400612,0.07236101627349853,0.023300294950604438,-0.0012476724572479726,0.0055475951172411445
511,0.8253198504447937,0.03844340518116951,0.0037632673978805543,0.06220987364649773,0.050666479766368865,0.01785866841673851,0.002131491363979876,0.01036414559930563
512,0.741277277469635,0.014596918039023877,0.0005301696248352528,0.09327603727579117,0.13501946926116942,0.010912546515464782,0.004682083404622972,0.009172302950173617
513,0.7692430496215821,0.08962284326553345,0.01101327668875456,0.06440824046730995,-0.014667072892189026,0.055570744723081586,-0.005469043995253742,0.0216410256922245
514,0.7632866859436035,0.014886309206485749,-0.0027011496014893053,0.0772856242954731,0.10207681506872177,0.027386104315519334,-0.0017607931979000569,-0.0002923924010246992
516,0.7088570833206177,0.024395503848791123,-0.004300310555845499,0.09008609056472779,0.14622188061475755,0.024919407069683076,-0.001430265698581934,-0.0009483113419264555
517,0.7508819937705994,0.08213648647069931,0.023415854200720787,0.06577639058232307,-0.01258326917886734,0.04600515365600586,0.0014302113093435764,0.02991950698196888
518,0.7171032905578614,0.025340516492724417,-0.0015408716630190612,0.08508110493421554,0.12199821919202805,0.038605735450983045,0.005255295755341649,0.008439636928960681
519,0.8673482775688172,0.022521645203232764,-0.009800795279443265,0.0687771663069725,0.026889148354530334,0.003759545460343361,0.007054043910466134,-0.0036421685479581358
520,0.7649252891540528,0.023916924931108953,-0.00193735440261662,0.08588986545801162,0.09845849573612213,0.024268976971507074,-0.0022257017670199277,0.0044541758019477126
521,0.6979602336883545,0.025250620394945144,-0.007471176376566291,0.07809935361146927,0.13955182433128357,0.04837765172123909,0.0019790018908679486,0.001542299473658204
522,0.8011677026748657,0.08109363615512848,0.020728320255875586,0.06109430119395256,0.008350774645805359,0.02773233726620674,-0.002201673248782754,0.018806008622050285
523,0.8039265871047974,0.017112095095217227,0.0009478662628680468,0.08353964239358902,0.06748785674571992,0.016996339336037634,-0.0004204261116683483,0.0018656051252037287
524,0.8028260588645935,0.01612077411264181,0.0004448267165571451,0.05948125720024109,0.0758366972208023,0.019033702462911604,0.00592851999681443,0.008119626995176077
525,0.7606773972511292,0.013471511751413345,0.0028634993359446526,0.06462898477911949,0.10682493150234222,0.0284691521897912,0.0036696224473416806,0.0009497188497334718
527,0.8275158882141114,0.014623888209462166,-0.0038176908157765864,0.08417158722877502,0.05424349904060364,0.01094613540917635,-4.1725230403244495e-05,0.006613040808588266
528,0.8227258920669556,0.04072006642818451,-0.008823313051834702,0.0842261180281639,0.046597547829151154,0.01645982265472412,0.007821322558447719,0.003825364820659161
529,0.8365132808685303,0.010986775159835815,-0.005329439509660005,0.05628877282142639,0.04854650646448135,0.02326629273593426,0.010769832506775856,-0.004273154959082604
530,0.78032466173172,0.016073735244572163,0.009291379014030099,0.0754824236035347,0.05288187712430954,0.03521241247653961,0.0008552376646548509,0.01298912512138486
531,0.781382429599762,0.02567090392112732,-0.0011199410073459148,0.0582554504275322,0.1187101125717163,0.015859730169177057,0.016096911765635012,0.0048550542443990706
532,0.8317784428596496,0.04730107635259628,0.00745179308578372,0.0641659900546074,0.015265502035617828,0.01131979636847973,0.009793627820909024,0.018678918480873108
533,0.70466468334198,0.024120735004544258,-0.003489373018965125,0.07816610485315323,0.16084339171648027,0.024986062571406363,0.0038131938083097337,0.004837228078395128
534,0.8096184968948364,0.03336919322609901,-0.003001230861991644,0.08252874463796615,0.04780321940779686,0.013021575286984444,-0.00030706292018294333,0.006126467604190111
536,0.7960034728050231,0.012293007969856263,0.00384247750043869,0.06909803599119187,0.06748622804880142,0.040397995710372926,0.001089844247326255,0.004184406204149127
538,0.7438909888267518,0.026031723618507384,-0.005693747336044908,0.07460307776927948,0.12131132334470748,0.029125525802373885,-0.0015292155323550106,0.004563595727086067
539,0.7216418147087097,0.03349075019359589,-0.005130165116861462,0.07798541337251663,0.1265219509601593,0.029019665345549582,0.0019740945426747203,0.005278778821229934
540,0.7625024437904357,0.08306963145732879,0.016551120020449162,0.0689366601407528,0.014216899871826172,0.03778090924024582,-0.003633634792640805,0.020817820727825165
542,0.7501911520957947,0.04643646106123924,-0.0028557367622852325,0.08161842226982116,0.11297473460435867,0.007528851181268692,0.0009113944135606289,0.008838312141597271
543,0.6702216029167175,0.043859536200761794,0.002159666735678911,0.08503179550170899,0.1223075196146965,0.05277599170804024,-0.001451172959059477,0.005904539069160819
544,0.6087669014930726,0.027247681096196175,-0.013338020443916321,0.08914759159088134,0.1934223398566246,0.06742128804326057,-0.0011936071794480085,0.0035302368458360435
545,0.8111364126205445,0.020619590766727924,-0.006756772380322218,0.05823605433106423,0.06896879076957703,0.032415632531046866,0.007759390585124493,0.0017673959489911794
546,0.781311571598053,0.02080239336937666,-0.002578782243654132,0.08217697292566299,0.09010954797267914,0.013808363303542136,0.008399222791194916,0.00234849457629025
547,0.7717447519302368,0.025842685252428055,-0.0003327902406454086,0.06725529879331589,0.09717205315828323,0.029278909787535667,0.003551920410245657,0.001876753894612193
548,0.7598340272903442,0.019583273306488992,-0.007076783431693911,0.06290887296199799,0.09332635253667831,0.04296908341348171,0.0026720918016508222,0.007412347756326198
549,0.7417898297309875,0.020199625566601754,0.0012278429232537747,0.06743486821651459,0.07776583731174469,0.05309290513396263,0.004983011516742408,0.010687742941081524
550,0.710421109199524,0.09257557839155198,0.009404340386390686,0.07969019338488578,0.02032485157251358,0.06332022175192834,-0.004695514589548111,0.0172188438475132
551,0.7490887403488159,0.051739397644996646,5.641826428472996e-05,0.07684009820222855,0.08698245882987976,0.026244348101317882,-0.0027428253553807734,0.007486477866768837
552,0.7956571221351624,0.02072413396090269,-0.0005665478762239218,0.07054592818021774,0.08133698999881744,0.021342546865344047,0.0016885473160073161,0.00745860617607832
553,0.7021944999694825,0.02493828646838665,-0.0015143978875130416,0.08326968401670456,0.14119000732898712,0.026314844191074372,0.0006364634959027171,0.005777511093765497
554,0.7831910967826843,0.05885536968708038,0.0024771862663328648,0.06936592012643814,0.038437649607658386,0.03525286540389061,-0.001076514762826264,0.007299501542001962
555,0.7563947081565857,0.024799058213829994,0.00253088534809649,0.07722115218639374,0.11586896032094955,0.014319805055856704,0.002545009646564722,-0.0004224234726279974
556,0.8484853625297546,-0.0009159795939922333,-0.000928134610876441,0.06222414970397949,0.049016605317592624,0.019999368861317635,0.005525202210992575,0.012172741629183293
557,0.8237835764884949,0.03105930835008621,-0.01176469074562192,0.03877990990877152,0.08800790905952453,0.02008122280240059,0.0005372493527829647,-0.0006426132749766111
558,0.7799657940864563,0.005536926910281181,-0.0022455190774053335,0.06242554634809494,0.1021145299077034,0.029088105261325835,0.005413379380479455,0.0018792629707604647
559,0.7472645163536071,0.03159345798194409,0.022297180071473122,0.09019413888454438,0.0468923807144165,0.039216700568795206,-0.004372623260132968,0.01671688035130501
560,0.6818170785903931,0.013384062983095645,-0.0036380614154040815,0.08237115442752838,0.13689460456371308,0.04784245193004608,0.004868598934262991,0.013912089355289935
561,0.789336371421814,0.09493476450443268,0.008439304959028959,0.05776878818869591,-0.01252964287996292,0.0457401692867279,-0.0036356742260977627,0.022546929866075517
562,0.7802621603012085,0.07174325585365296,0.009986095316708087,0.05061233714222908,-0.006574608385562897,0.05428430289030075,0.0034148179460316897,0.02058892585337162
563,0.7882819652557373,0.04800252318382263,0.012525157630443573,0.05327778235077858,0.034572955965995786,0.041299328207969666,0.0027995041338726876,0.011921069212257862
564,0.806674063205719,0.01889699697494507,-0.009705725964158774,0.05206842944025993,0.10906309336423874,0.016930313035845756,0.004250523680821061,0.0031498172786086796
565,0.7614798784255982,0.007240634225308895,-0.0022287141066044567,0.0831495240330696,0.12184768617153167,0.02015291303396225,0.007406934257596731,-0.005989255663007498
566,0.8586865544319153,0.04506901353597641,-0.004909891681745648,0.04642806351184845,-0.0014201164245605468,0.0376799039542675,0.007345732813701033,0.0007004246581345797
567,0.8131844639778137,0.04009721986949444,-0.002555087860673666,0.06489376723766327,0.07068982869386672,0.008286697417497635,0.0042191055370494725,0.006823349185287953
568,0.739776861667633,0.07575800269842148,0.01547535862773657,0.06549903750419617,0.0015982642769813537,0.06702556014060974,0.00238353512249887,0.023014593869447708
569,0.7627703785896301,0.017558956518769264,-0.003969233017414808,0.06494896858930588,0.12165520191192628,0.011641999706625938,0.008878929167985916,-0.00022050025872886181
570,0.7293931365013122,0.019313008338212968,-0.005961487721651793,0.0705619640648365,0.14224426001310347,0.03030012212693691,-0.001114051532931626,-0.00044407057575881483
572,0.8011512637138367,0.07139269262552261,0.03171072006225586,0.07014555335044861,-0.0473248228430748,0.051817641407251355,6.24584499746561e-05,0.025424169003963472
573,0.7722335696220398,0.0369757279753685,0.004819422448053956,0.06282131224870682,0.06415573805570603,0.03180816061794758,-0.007082847389392554,0.008767453767359257
574,0.8662585973739624,0.016634106636047363,-0.00044630290940403936,0.055060873925685885,0.003698623180389404,0.03603123128414154,0.005881132511422038,0.0024026823695749043
575,0.7654284238815308,0.023012246750295163,-0.0007502930238842964,0.07373323142528534,0.08345095217227935,0.031879885494709014,0.006679050158709288,0.005623423773795366
576,0.7637619853019715,0.03038537800312042,-0.0007000080775469541,0.05916086062788963,0.108941750228405,0.024275867268443108,0.0005319214425981045,0.0020148538518697024
577,0.7965911507606507,0.0065822495147585865,-0.012474508956074715,0.050675398856401446,0.1032792091369629,0.02524292692542076,0.00047469763085246087,-0.0014782707672566175
578,0.801492977142334,0.06483461335301399,0.010641336441040039,0.07034448310732841,-0.028066426515579224,0.052217256650328635,0.0015992057044059039,0.017457320354878902
579,0.7915323853492737,0.04618802629411221,9.82807483524084e-05,0.07547730579972267,0.08021721839904786,-2.195984125137329e-05,-0.0015584563137963415,0.007117077056318521
581,0.7575126528739929,0.07319684177637101,0.010010401345789432,0.05965271070599556,0.04128108322620392,0.042107243463397025,0.002681201579980552,0.016659218817949295
582,0.7259115099906921,0.045462082326412204,0.0033694423735141756,0.0754675567150116,0.10197507441043854,0.032634340971708295,0.0012039762921631336,0.007853256165981292
583,0.7808152914047242,0.008431081473827363,-0.006801867019385099,0.060290230065584184,0.10814913511276245,0.026313051208853723,0.004259625519625843,-0.0017970989923924209
584,0.749026083946228,0.020285557210445403,-0.004075289471074939,0.0645727775990963,0.12518223971128464,0.033791159838438035,0.00878112653736025,-0.0020913816522806885
585,0.7816975474357605,0.07302710562944412,0.005554785253480077,0.06728626862168312,0.019112707674503328,0.041978200525045396,8.731188718229533e-05,0.014227074198424816
586,0.7119368314743042,0.023592400178313256,-0.0029749315232038497,0.09055887460708618,0.157261860370636,0.011847994104027749,0.006798219168558717,-0.003618126688525081
587,0.7253416180610657,0.03245486468076706,-0.009932014625519514,0.06421772986650467,0.11793740540742874,0.048903468251228335,-0.0017340431455522775,0.004255465930327773
588,0.7373500347137452,0.014894663915038108,-0.005209074122831225,0.07377971038222313,0.12803318351507187,0.035948346555233004,0.004304766515269875,0.000578174414113164
589,0.7448555827140808,0.022004077211022377,-0.0005118485074490309,0.076874278485775,0.09857650399208069,0.036276766657829286,0.005309574608691037,0.01000745790079236
590,0.7052246332168579,0.032074791565537455,-0.005820248601958155,0.08621912002563477,0.12147316038608551,0.0398056548088789,0.0056975973071530465,0.0016821359749883413
591,0.8212493181228637,0.0116946866735816,0.006604867056012154,0.059820597618818284,0.039020280539989474,0.02967742830514908,0.009932794794440269,0.006331167137250304
592,0.725654125213623,0.04298523180186749,0.014763836376369,0.08165569007396697,0.054907339811325076,0.0511543869972229,-0.0004863008391112089,0.01511904876679182
593,0.7460668921470642,0.023405931517481805,-0.0053238109685480595,0.0746115654706955,0.10087570995092392,0.036365854740142825,0.0029888300923630595,0.001985775725916028
594,0.7725724220275879,0.04968488290905952,0.007941913418471813,0.059096590429544446,0.06370866745710373,0.032999515533447266,0.0008124099113047123,0.010872082971036433
595,0.7026813507080079,0.010269457660615443,-0.0013589190784841776,0.09044665992259979,0.13963380306959153,0.041739270091056824,0.0044774981681257485,0.0034418766852468254
597,0.7521275997161865,0.08206719011068345,0.01633582413196564,0.060773537307977674,-0.020619232952594758,0.06637377068400382,0.001754475082270801,0.031133027002215385
599,0.8338750123977661,0.04632099270820618,-0.0011692170519381762,0.055176093429327014,0.0333212748169899,0.016023652628064156,0.005335916625335812,0.008721604850143195
600,0.8003764629364014,0.0322103887796402,-0.003613509517163038,0.074772809445858,0.0681058019399643,0.018529218807816505,-0.00431429659947753,0.0037481226492673157
601,0.7535670399665833,0.05374088808894158,0.002738322922959924,0.07524043247103691,0.06324419528245925,0.030726247653365134,-0.0028462092159315944,0.013467659056186677
602,0.8003895878791809,0.017934552021324636,-0.0006508746650069952,0.07750132083892822,0.07292583137750626,0.021424317359924318,0.003150958986952901,0.0037248043809086084
603,0.814974844455719,0.026536714285612106,-0.002199370926246047,0.059270701557397845,0.07407602071762084,0.02158055417239666,-0.0007083666743710638,0.005708635319024324
604,0.7582498908042907,0.005696403235197068,-0.009534151572734118,0.07224909216165543,0.12279758602380753,0.03123450614511967,0.009533770568668842,0.001970994984731078
605,0.7521000981330872,0.031015743501484394,0.0074223597068339585,0.07832475304603577,0.09304632395505905,0.036164294183254245,0.001501195994205773,0.014921980723738671
606,0.7078861713409423,0.0231622651219368,-0.003450045920908451,0.0731930360198021,0.15683491230010987,0.023069695010781287,-0.005352502758614719,0.004153169319033622
607,0.7744481801986695,0.032899434491991994,-0.0022724018432199954,0.08926382809877395,0.0832399845123291,0.014713295362889766,0.003300529276020825,5.2505778148770334e-05
608,0.739609158039093,-0.0036504711955785752,-0.007217635307461024,0.07929036915302276,0.17550869882106782,0.016074688546359538,0.0016448895214125514,-0.006280637672170996
609,0.8116981387138367,0.02968725748360157,-0.0037846287246793508,0.06196150630712509,0.07698460966348648,0.014970775693655014,0.0007037528790533543,0.004614484822377562
610,0.7141735911369324,0.023958930000662803,-0.0015398305840790272,0.07016869038343429,0.12237210869789124,0.043768472224473956,-0.001065104524604976,0.007557845301926136
611,0.7610082149505615,0.03806844353675842,0.013271070644259452,0.08571737259626389,0.02076956182718277,0.03522729240357876,-0.002207450126297772,0.014403629302978515
612,0.7452229499816895,0.07279753684997559,0.013089455105364323,0.08382749855518341,-0.00591588020324707,0.05311903581023216,0.002102620992809534,0.02212726026773453
613,0.7666393399238587,0.02106684595346451,-0.0026855690404772757,0.06858530417084693,0.11326811462640762,0.017968844249844552,-0.0006028765346854925,0.003050858899950981
614,0.8210257053375244,0.012039640732109547,0.0007409071084111929,0.07066760659217834,0.05688326954841614,0.018429923243820666,0.00031679263338446617,0.004064038023352623
615,0.7847548127174377,0.04574780538678169,0.002919861115515232,0.07720091342926025,0.05090286135673523,0.025666935741901396,0.007908425480127334,0.01198813198134303
616,0.7182706594467163,0.00390918105840683,-0.002963155834004283,0.0728514201939106,0.15026203244924546,0.032633500173687935,-0.0011570223374292254,-6.174403242766857e-05
617,0.6772875189781189,0.026502861455082894,-0.0009554589632898569,0.08153305947780609,0.144139164686203,0.04797634556889534,-0.004871494043618441,0.005873915320262313
618,0.7364363312721253,0.02124626524746418,0.002791310613974929,0.07469928860664368,0.11547582149505616,0.02632271498441696,0.005469679879024625,0.00855245692655444
619,0.756768810749054,0.04641928598284721,0.0007159969303756952,0.06295834928750992,0.08033309727907181,0.03145629167556763,0.002937060268595815,0.005958521505817771
620,0.7083221316337586,0.0321662712842226,0.00024640602059662343,0.0808211162686348,0.12145522087812424,0.03100520372390747,0.0015378701267763973,0.00517896800301969
621,0.796120798587799,0.044565966725349425,0.00822660755366087,0.06521247327327728,0.028482159972190856,0.033683917298913,0.000962033960968256,0.011287194304168224
622,0.7002973198890686,0.02086116336286068,0.0003206328023225069,0.09113264828920364,0.15296727120876313,0.023849161341786385,-0.0034514368511736394,-0.000499382195994258
623,0.680720865726471,0.02245457097887993,-0.003869260381907225,0.1043802559375763,0.15012321770191192,0.033876325190067294,-0.00018429988995194435,0.0021983299870043994
624,0.9082803964614868,-0.007137417979538441,-0.0068771365564316515,0.05818996950984001,0.022703492641448976,0.01874113492667675,0.005551668582484126,-0.0013172111939638853
625,0.860618257522583,0.029579519107937813,-0.0012562439311295747,0.05359712839126587,0.024107927083969118,0.019152511656284333,0.003600799897685647,0.0131113326177001
626,0.8061115741729736,0.0029023541137576103,-0.0047811442520469425,0.07140511125326157,0.09773954749107361,0.014270417205989362,0.0033565162448212504,-0.006043267343193293
627,0.7417074561119079,0.07161854058504105,0.010109690949320793,0.05690961852669716,0.038098369538784024,0.05198239982128143,-0.001252743578515947,0.018408460170030595
628,0.7958316087722779,0.035466162115335466,0.004706488130614162,0.07008897885680199,0.04855922162532807,0.024689240381121635,-0.0032170959282666447,0.0072844218462705616
630,0.7400903820991516,0.018892006017267704,0.0005400016438215971,0.08594740480184555,0.11171247065067291,0.030902154743671417,0.0015190583653748035,0.007875565905123949
631,0.6747710466384887,0.028213411569595337,-0.003851591609418392,0.0981193169951439,0.13962583094835282,0.03229672722518444,0.0008610215969383717,0.0004213640931993723
632,0.8196395397186279,0.021597732976078986,-0.005026985798031092,0.06228548809885979,0.08254451751708984,0.012415018677711488,0.0032972570275887846,0.007426804490387439
634,0.6953003764152527,0.02262202836573124,-0.008269294817000627,0.066255833953619,0.17098922431468963,0.03623673170804977,-0.001782638975419104,0.0025937289465218782
635,0.7847983241081238,0.025472399778664112,-0.009893483575433492,0.06711841523647308,0.08649595677852631,0.026679865270853042,0.00375203441362828,0.0005588952917605639
636,0.7850365161895752,0.030260130017995834,0.0028424940537661314,0.06405311450362206,0.0707596942782402,0.02012658305466175,0.012204204313457012,0.014435608685016633
637,0.8633575797080993,0.02175307348370552,-0.007543418649584055,0.055313131958246234,0.029956601560115814,0.0204467061907053,0.002621560427360237,0.002973349392414093
638,0.7488283038139343,0.015420273877680302,-0.006232719263061881,0.06774780973792076,0.12298735082149506,0.03284805119037628,-0.0017153509659692645,0.004734536772593856
639,0.7963696599006653,0.029124282673001288,-0.00366630544885993,0.06856947243213654,0.06020401120185852,0.030813946947455408,0.007437014160677791,0.00817459225654602
640,0.7440829157829285,0.020572576299309732,-0.004113520449027419,0.06706240475177765,0.16145676374435425,0.006085334345698357,0.007398369768634438,0.0071919050998985766
641,0.843578827381134,-0.003430889919400215,-0.000687911082059145,0.05066591277718544,0.04943923801183701,0.03082728125154972,0.007438600435853005,0.008614888973534107
642,0.8397386550903321,0.01999710351228714,-0.004052905319258571,0.07647213935852051,0.04643638134002685,0.02003186009824276,0.0015109019819647073,0.0017296188976615666
643,0.7074048519134521,0.02416081503033638,-0.00611426318064332,0.07774590700864792,0.14972185492515563,0.03358975909650326,0.0012738912366330624,0.005153437051922083
644,0.6773187994956971,0.005836910009384156,-0.012862227112054824,0.06171694621443748,0.20593019127845763,0.038132494688034056,0.0003385998774319887,-0.0035669548902660607
645,0.755584979057312,0.0013512006029486657,-0.0024901451077312233,0.0885975643992424,0.1413801908493042,0.015303735435009003,0.006548964465036988,-0.0023475057911127805
646,0.7743622541427613,0.021440751291811465,-0.0040248944889754055,0.07557177990674972,0.07507301419973374,0.03517312556505203,0.00030497414991259575,0.0016379077453166247
647,0.819580590724945,0.029696018248796464,-0.0022620530799031258,0.05592176839709282,0.07477360963821411,0.018806691840291025,0.0024792256765067576,0.009219318628311157
648,0.7633741617202758,0.01962650902569294,0.003237102273851633,0.07544251531362534,0.1054306760430336,0.020824035815894603,-0.0012665414484217762,0.0018058086279779673
649,0.7245683670043945,0.033759552612900735,-0.008745638560503722,0.0584102101624012,0.11941557973623276,0.04359209612011909,0.0032776738749817013,0.0032076895702630283
650,0.72858726978302,0.03433425799012184,-0.0032991940155625344,0.08538305312395096,0.10749640762805938,0.02745681069791317,0.0028703595278784634,0.012451632507145404
651,0.7229383111000061,0.042500820383429526,-0.0013412296306341887,0.08577135801315308,0.11644142270088195,0.01878011114895344,-0.0003484110115095973,0.003176849940791726
652,0.7044999837875366,0.058561842888593674,0.013725703582167625,0.0987404689192772,0.05015817731618881,0.04894786775112152,0.005925777461379766,0.02161804437637329
653,0.8106562495231628,0.021055208519101143,0.005232913373038173,0.06684366762638091,0.07967736721038818,0.015735454857349396,0.010818704403936863,0.004934460017830133
654,0.7634570002555847,0.025293465331196786,-0.002650856878608465,0.07104021310806274,0.09830524772405624,0.02524448707699776,-0.006291074375621974,0.003257246734574437
655,0.7421979188919068,0.02382601723074913,-0.0015998272690922021,0.07047835737466812,0.1180750459432602,0.02528645806014538,0.0067757754120975735,0.007009450905025005
656,0.7455419659614563,0.02799704596400261,-0.002090001944452524,0.08482314497232438,0.10336493253707886,0.022295987233519554,0.007617148803547025,0.010938652418553829
657,0.7404116034507752,0.030370130389928817,-0.008612803462892771,0.05732292011380195,0.13079462200403214,0.033655036240816116,0.0009333335794508458,-0.00028467574156820774
658,0.7064626336097717,0.022523455694317816,-0.0025196365546435117,0.07258207648992539,0.14785434752702714,0.03225103691220284,0.0018212172202765942,-0.0036602364853024483
660,0.8805560946464539,0.012373923137784005,-0.009993269853293896,0.044141805917024615,0.04205122143030167,0.013093863427639008,0.007364234700798988,-0.002922104252502322
661,0.6983645915985107,-0.0030238837003707885,-0.0072681671939790245,0.07598879933357239,0.15369844138622285,0.05148681774735451,0.006727303005754947,0.001124554080888629
662,0.7743797898292542,0.022028493136167525,-0.0010299980640411377,0.08569821864366531,0.09626045376062393,0.0006358452141284942,0.00403568078763783,-0.0008131792303174735
663,0.800627076625824,0.0515239767730236,0.01921054720878601,0.08352201581001281,-0.04888419061899185,0.04693490415811539,0.002211879240348935,0.0331547025591135
664,0.7044135928153992,0.034015581384301184,-0.0008343220222741365,0.08070024847984314,0.10152162313461303,0.051663704216480255,0.001849570358172059,0.013854839093983173
665,0.81810622215271,0.046161354333162305,-0.004689244320616126,0.055858715623617175,0.053678543865680696,0.013003774359822274,0.007414833083748818,0.008159454260021449
666,0.7790528774261475,0.018400690518319607,-0.005642162589356303,0.060100742429494855,0.0668194681406021,0.03894224464893341,0.005445335735566914,0.0011085853446274995
667,0.787291157245636,-0.0037733515724539756,-0.00027396217919886114,0.073109732568264,0.054859180748462674,0.051934565603733066,0.003896394628100097,-0.0005312835332006216
668,0.775462007522583,0.05827085301280022,0.007358166947960853,0.05844223648309708,0.023352622985839844,0.05060518905520439,0.0015307276742532849,0.017106026224792004
669,0.6719041109085083,0.0028847694396972657,-0.0056793239898979666,0.09827174097299576,0.17423274517059326,0.034640592709183696,0.0028449236182495953,-0.0005429137032479048
670,0.8708852410316468,0.010913125798106193,0.004514838894829154,0.045842308551073074,0.022499650716781616,0.03367415778338909,-0.0030867219669744373,0.00784484795294702
671,0.7323828339576721,0.09484653621912002,0.018703971430659293,0.06291070729494094,0.03032575696706772,0.0393900740891695,-0.008749040029942989,0.020500804483890533
672,0.8091219067573547,0.027061130106449127,-0.000365366879850626,0.07111709415912629,0.04862874448299408,0.026601121947169303,0.003662022645585239,-0.00187232936732471
673,0.7804917693138123,0.05969883129000664,0.0018242377787828445,0.06654154062271118,0.04904085546731949,0.027379850298166274,0.008311774116009474,0.013807540386915207
674,0.7461716055870056,0.033250486850738524,-0.002544255834072828,0.06714417710900307,0.12162766754627227,0.02197233885526657,0.0027509166626259684,0.004405535385012626
675,0.7435798645019531,0.027591748908162118,-0.005501113785430789,0.09636454433202743,0.103611421585083,0.01648670546710491,0.0008354417281225323,0.004465284943580628
676,0.8077087640762329,0.00317629836499691,-0.0033349566627293827,0.06606983542442321,0.09563800990581513,0.021509908512234686,-0.0024923974182456733,-0.004096735641360283
677,0.6785291790962219,0.017400977946817876,-0.006714143697172404,0.08610591888427735,0.1907554179430008,0.015875644609332086,0.0031206640182062984,0.0004445095080882311
678,0.7501931428909302,0.062243140488862994,0.012563685327768326,0.07053723186254501,0.03483236283063888,0.0564960278570652,0.007957560988143087,0.023633799329400063
679,0.7094815850257874,0.06005936339497566,0.016291571781039238,0.07044393718242645,0.04004529118537903,0.07411646395921707,-0.0051065092906355854,0.018945812061429024
680,0.7891930341720581,0.07340382337570191,0.011279587261378765,0.054801791161298755,0.008226095139980317,0.0476640410721302,0.000372150307521224,0.02227744311094284
681,0.8001449465751648,0.03256145119667053,-0.006291501689702272,0.07338775098323821,0.06783443987369538,0.013028187677264214,0.006085363402962685,0.006008911971002817
682,0.7661639809608459,0.026383861154317855,-0.00826186193153262,0.06079006269574165,0.1070901557803154,0.03483505435287952,0.0017724095843732357,0.004833611566573382
683,0.7238863825798034,0.03297494053840637,-0.011408819817006588,0.07783582359552384,0.13526268005371095,0.03411003537476063,0.003756515425629914,0.0021532401908189057
684,0.8448367714881897,-0.008353658765554429,-0.007518089236691594,0.051136618852615355,0.08344018757343293,0.013584860786795615,0.017795197665691376,-0.006560957478359342
685,0.795507299900055,0.019481735490262508,0.003127879276871681,0.08205055296421052,0.09596504420042037,0.004106047004461289,0.005345384450629353,0.00270003080368042
687,0.7789207220077514,0.02653489261865616,-0.0022543500643223526,0.05878395140171051,0.06917101293802261,0.039119625464081764,0.004355868929997087,0.012110657058656216
688,0.8044015884399414,0.012301179766654968,-0.005491830734536051,0.06416858732700348,0.08309048563241958,0.022556985169649123,0.004311958933249116,-0.003022178402170539
689,0.7487775206565856,0.050221949070692065,0.013056055828928947,0.05814307779073715,0.0029342561960220338,0.08174396753311157,-0.006059384066611528,0.024918024055659772
690,0.6975475192070008,0.028177591413259505,-0.003600380476564169,0.09010675847530365,0.13950653225183487,0.03469854518771172,-0.0010143962921574713,0.0030197636689990757
691,0.7027322053909302,0.043034593015909194,-0.0020352561958134176,0.09846005290746689,0.12153924554586411,0.028851098939776422,0.001609080540947616,0.006423559598624706
692,0.7950068593025208,0.01340511254966259,-0.003924984019249678,0.06145681217312813,0.08630468845367431,0.022530940547585487,0.0028859025333076715,0.004003341449424625
693,0.82110675573349,0.03283457048237324,0.001454015215858817,0.06526655778288841,0.04509805291891098,0.02412828616797924,0.0101798708550632,0.006940523721277713
694,0.8456649065017701,0.014874745905399323,-0.005593632021918893,0.061063569784164426,0.047261057794094084,0.015863482654094697,0.01229477785527706,0.005479856394231319
695,0.6864558696746826,0.03220256939530373,-0.004136971943080425,0.08410279601812362,0.15112017840147018,0.026720490679144858,0.0012045419542118907,0.00431327261030674
696,0.7468775749206543,0.03810463845729828,-0.006502293841913342,0.06903653740882873,0.09052148908376693,0.035727359354496,0.013668926991522312,0.009655373077839613
697,0.736087155342102,0.0512191042304039,-0.00435384651646018,0.06437028273940086,0.11735762357711792,0.02036861963570118,-0.004492892720736563,0.005986504349857568
698,0.8048903703689575,0.06544672548770905,0.02779543362557888,0.05555927604436874,-0.021944426000118256,0.04151831530034542,-0.006610693386755883,0.022405577078461646
699,0.795834994316101,0.010867464356124401,-0.005559382867068053,0.051092393696308136,0.10948445200920105,0.029899263754487038,-0.0016924223862588405,-0.0034122720826417208
700,0.7577853918075561,0.010720707103610038,0.0017597128171473742,0.07172863632440567,0.10067839920520782,0.03218651004135609,0.005573763744905591,0.008059763349592686
701,0.8179245471954346,0.022345113940536974,-0.0014933481346815825,0.05897892117500305,0.04255179315805435,0.036486389115452766,0.005766706680878997,0.008532747253775596
702,0.7376320958137512,0.010432016849517823,-0.006408281298354268,0.06349569112062455,0.1232432097196579,0.036404463648796084,0.005327539378777146,0.007473745662719011
703,0.7913162350654602,0.010195394791662694,0.004549143929034471,0.06724316775798797,0.09014753401279449,0.013326387852430344,-0.006331201177090406,0.0023497354704886675
704,0.7519139051437378,0.0068858865648508075,-0.004733699699863791,0.09653141349554062,0.11390112638473511,0.021675850078463555,-0.00020357789471745492,0.0029671065509319305
705,0.7783825993537903,0.026879286020994188,-0.005096292728558183,0.07840048670768737,0.08467799425125122,0.022568509541451932,0.0038528912235051395,0.00396038074977696
706,0.7695233583450317,0.04380544647574425,0.0024277756921947,0.06500014215707779,0.057698167860507965,0.03789206370711327,0.0005077778594568371,0.011919495649635792
707,0.8221362113952637,0.018900087848305703,0.0005648147780448198,0.06793593168258667,0.06353983432054519,0.017486180923879147,0.0037318092538043855,0.006650947872549296
708,0.8169543385505676,0.022033023089170455,-0.002455203188583255,0.06880821287631989,0.055345474183559416,0.030249400809407235,0.008360081538558006,0.004102518083527684
709,0.7334958553314209,0.035937827080488205,-0.003917367151007056,0.08710873723030091,0.10372616350650787,0.030590071342885494,0.003796269977465272,0.002628611074760556
711,0.7376981616020203,0.01794649977236986,-0.005010127881541848,0.09429795742034912,0.12784953117370607,0.018120450899004936,0.007068550167605281,-0.0018439959269016982
712,0.7572885632514954,0.011324544064700603,0.0006719042081385851,0.06547183096408844,0.1448258265852928,0.012938326038420201,0.006501996424049139,-0.0035694091115146876
713,0.7536442041397095,0.01123404074460268,-0.004265106376260519,0.06764009892940522,0.12616221308708192,0.026252492517232894,0.0019284176640212535,0.0016768079716712237
714,0.7459436535835267,0.02129420228302479,-0.0024492281954735518,0.06806504875421523,0.148747318983078,0.012519553303718567,-0.0031709060538560154,0.0024345424491912125
715,0.8116718649864196,0.008464493043720722,-0.005940665584057569,0.06190601736307144,0.09311223179101943,0.023810502141714096,0.005429344298318028,-0.0018382236361503602
716,0.6415330648422242,0.0276944637298584,-0.0028484934009611607,0.0879560187458992,0.1972419172525406,0.03980378843843937,-0.009367992356419563,0.008142553362995386
717,0.6660461902618409,0.06727073863148689,-0.005550738703459501,0.06315753310918808,0.0963525652885437,0.07893510013818741,0.0008138587698340416,0.011417273711413146
718,0.7729128003120422,0.04886552318930626,0.0012493505608290433,0.06753714010119438,0.0575237438082695,0.029977371171116828,0.005791395204141736,0.004440469713881612
719,0.7519132733345032,0.0218027226626873,0.003125093411654234,0.08499899506568909,0.09794692695140839,0.02702028974890709,0.005782817536965012,0.003227993519976735
720,0.7703164219856262,0.0288465540856123,-0.0051539752166718245,0.07627058327198029,0.09185639917850494,0.022043805196881296,0.0028700192226096986,0.001955103920772672
721,0.7292912244796753,0.04145805612206459,0.0009138691704720259,0.0832167848944664,0.08999305069446564,0.02265082597732544,-0.0035779122728854416,0.007074438873678446
722,0.7459354400634766,0.018335905484855176,0.00010923747904598713,0.08969821631908417,0.11255445182323456,0.019314831122756004,0.004430497670546174,0.005343847721815109
723,0.7702826857566833,0.04957899302244186,0.005578963411971926,0.058564112335443494,0.07438980937004089,0.026500871032476427,-0.0056889657862484455,0.013302150554955006
724,0.7199132323265076,0.03239683285355568,-7.186145521700382e-05,0.09651365876197815,0.12912683933973312,0.0034215923398733137,-0.0023885292233899237,0.0016744234133511781
725,0.7609192371368408,0.04022370222955942,-0.0015420360490679742,0.07265030071139336,0.07665257602930069,0.03573695383965969,-0.0027151555055752396,0.0076390992850065235
726,0.7341983199119568,0.023712798207998275,-0.00081638153642416,0.05991685166954994,0.12213462740182876,0.027584201842546462,0.008053157106041908,0.008385903108865023
727,0.791538417339325,0.023349601402878763,-0.005051000136882066,0.06146750301122665,0.09190957099199296,0.02593066096305847,0.005485217180103063,0.0033747182693332433
728,0.7551541566848755,0.022982442937791347,-0.0015574246179312467,0.0879148706793785,0.12137223035097122,0.00445476621389389,0.003931344184093177,0.0026255045551806687
730,0.7152380466461181,0.006764916516840458,-0.0028352844528853893,0.08242741823196412,0.15119848847389222,0.030791377276182176,0.0007126538781449199,-0.00150708663277328
731,0.7913734316825867,-0.0036642376333475115,0.0012980124447494745,0.07943811565637589,0.1094827875494957,0.007510345801711083,0.009732186049222945,-0.0010538078378885985
732,0.7751474380493164,0.06028566062450409,0.01706784274429083,0.07076297029852867,0.02164866477251053,0.04270550385117531,-0.0012238291092216969,0.017482843063771725
733,0.6891284584999084,0.014145402237772942,-0.0040483630262315275,0.08149171769618987,0.1695094347000122,0.02907297611236572,-0.001097203907556832,0.0011091940570622683
734,0.7310319900512695,0.09369990974664688,0.017223314568400382,0.059011048078536986,-0.0013806983828544618,0.05730857402086258,0.0023696762043982746,0.02728821411728859
735,0.6778328061103821,0.021562831848859786,-0.008031891565769911,0.07553138881921768,0.1870303124189377,0.0351783387362957,0.003392556984908879,-0.0006374855991452932
736,0.6288962960243225,0.04428536519408226,-0.0004354023840278387,0.0773248702287674,0.1866193175315857,0.03521420955657959,-0.0011862223036587238,0.0070435057394206526
737,0.7657379269599914,0.018616211786866187,0.0017738255206495523,0.07181219160556793,0.10185272246599197,0.025143776461482047,0.00441408553160727,0.004472728958353401
738,0.7666629314422607,0.04208931140601635,0.015011858381330966,0.07248544469475746,0.08483343720436096,0.017795328050851822,-0.002006775396876037,0.01229616180062294
739,0.736508572101593,0.01987585239112377,-0.005677411984652281,0.07709252834320068,0.1223650798201561,0.0286250077188015,0.0030769360018894076,0.00046570785343647003
740,0.7803474187850952,0.03206157237291336,-0.005291665811091662,0.05203307420015335,0.1018833041191101,0.022953050211071968,0.001381558063440025,0.006004710309207439
741,0.6900639653205871,0.058289486169815066,0.003613401437178254,0.08381239026784897,0.12422227561473846,0.03431724794209003,-0.003300834307447076,0.012621867842972279
743,0.9033547759056091,0.039661066979169844,0.008740262873470784,0.06125595867633819,-0.010944412648677826,-0.007620025053620338,0.0036362689454108475,0.01736537292599678
744,0.7306455731391907,0.02595417872071266,-0.00868383413180709,0.05646876022219658,0.15788066983222962,0.025438699498772623,0.0031295667169615625,-0.007189024658873677
745,0.6861634850502014,0.019914454221725462,-0.006155595323070884,0.07809897363185883,0.1615041434764862,0.039764361828565596,-0.002565441024489701,-0.0013570889364928006
746,0.7880639553070068,0.037121386453509334,0.0016038421541452407,0.06072312742471695,0.07322912067174911,0.027646198868751526,0.002076480444520712,0.011123511008918285
747,0.7864550471305847,0.016827131807804107,-0.0067664067260921005,0.06967739909887313,0.09846701323986054,0.024193571507930757,0.0038460027892142533,-0.006892744731158018
749,0.7408907294273377,0.03785119093954563,0.0006394853815436363,0.09277070611715317,0.08744691163301468,0.02544804885983467,-0.0032155931694433093,0.010033415723592043
750,0.7821194052696228,0.04548929333686828,-0.004823694145306945,0.06761646568775177,0.06182729005813599,0.028826411068439483,0.003934814454987645,0.006099709076806903
751,0.7287989377975463,0.018598210997879505,-0.002274496201425791,0.07728498131036758,0.11995544731616974,0.039793220907449724,0.0021158481715247033,0.0057554000057280065
752,0.797078537940979,0.024073921144008636,-0.0008428097236901522,0.05924284905195236,0.02066570967435837,0.048171157389879225,0.004542711074464023,0.011630394868552685
753,0.7565946340560913,0.0401412732899189,-0.005985407158732414,0.08758525997400284,0.09172839373350143,0.022688184678554536,-0.0017187575111165642,0.0091241842135787
755,0.7575791120529175,0.016859150491654873,-0.004517879243940115,0.0762963354587555,0.10617100596427917,0.028035628050565718,0.004908759030513465,0.00948347020894289
756,0.8311829209327698,0.021536944806575774,-0.006288841972127557,0.06107923835515976,0.04517849832773209,0.027892206236720084,0.010827658139169217,0.00080452268011868
757,0.7975037813186645,0.022441381216049196,0.004457771591842174,0.059501621127128604,0.06146010905504227,0.027779903262853622,0.01166017223149538,0.009319117479026317
758,0.7588402986526489,0.08131384253501892,0.0029563131276518105,0.062143804132938386,0.025194539129734038,0.04422537013888359,-0.0009100210387259722,0.01464319285005331
760,0.704732871055603,0.013051866926252842,0.00016676448285579681,0.08652822375297546,0.14142283499240876,0.04035996049642563,0.00548317648936063,0.003103433595970273
761,0.7376351594924927,0.02141382675617933,-0.0008929896634072065,0.06494724005460739,0.12154224067926407,0.03378729671239853,-0.0008608299307525158,0.0036187564488500356
762,0.7477569818496704,0.06521356105804443,0.012610491923987865,0.07005013376474381,0.00860118269920349,0.056597549468278885,0.0037660417845472695,0.021167900785803793
763,0.6817713141441345,0.04251717664301395,-0.00032894238829612733,0.09626663029193878,0.127132385969162,0.029353762790560723,0.0010185410734266042,0.010941386315971613
