,0
COL1A2,0.9007578258643572
COL6A3,0.8739942377121246
SPARC,0.8703814843886567
POSTN,0.8609856522337843
FN1,0.8547196777589195
CCR5,0.8524775063984572
CSF1R,0.8523893115718613
COL3A1,0.8523177760350603
IGHV3-21,0.8500316351414965
GASK1B,0.8460673832812339
DOCK8,0.8452462113625971
PTPRC,0.8426830734013603
VCAN,0.8419249394608799
HAVCR2,0.8393746244818902
FSTL1,0.8339846468280079
MS4A6A,0.8333228087082991
LRRC25,0.8299141683327552
LCP2,0.8298634370152703
CD163,0.8293818301056188
TLR8,0.8275649924476459
IGLV3-25,0.8220315179192802
CYBB,0.821658601417411
IGLV1-40,0.8196067829368395
CTSS,0.819593965777008
CD53,0.8188483995550953
MXRA5,0.8183951813301904
LAIR1,0.8181645386824884
IKZF1,0.8177747524215673
FCGR3A,0.8170697344218093
MNDA,0.8168950679457256
C1QA,0.8163617469829254
IGHV1-18,0.8158616103585168
DOCK2,0.8157557080057125
SASH3,0.8135132932418657
C1QC,0.8120575555317279
CYTIP,0.8072507692626354
NCKAP1L,0.8068315903708004
IL10RA,0.8065669378059614
DOCK10,0.8050107435823814
FPR3,0.8041118657110351
C3AR1,0.8026105040555747
TNFAIP8L2,0.8015914620455192
VSIG4,0.800909777951265
MPEG1,0.8002721141626029
CD3E,0.7990720879608103
COL6A1,0.7980710153260894
PLVAP,0.7973754289817446
IGKV4-1,0.7963979117885281
IGKV3-11,0.7938187604256984
WDFY4,0.7932014409542557
CD86,0.7930495480683192
SNX20,0.7910958659065633
LAPTM5,0.790258491900755
SULF1,0.7900980089027753
PLEK,0.7894405770936088
ARHGAP15,0.7890166179336582
CD14,0.788065551765216
FOLR2,0.7869850886927211
IGHV1-3,0.7868565725991132
COL5A1,0.7840984469371995
IGLV2-14,0.7840177580216863
SH2D1A,0.7837585044687725
FCGR1A,0.7833436465255539
TAGAP,0.7829398097969835
MMP2,0.782556193363255
COL6A2,0.7815494025600506
IGHV3-23,0.7808683519355994
AIF1,0.7807473904604583
IGKV3-15,0.7793011233405611
ADAMTS2,0.7790585564754675
IGHG1,0.7782526071922901
PIK3AP1,0.7781507303951137
GAB3,0.7763876155639092
IGHG2,0.7749803698096104
COL12A1,0.773911694902454
IL21R,0.7732009559627332
IGHV3-73,0.7728193438323722
IRF8,0.7722817453569857
FAP,0.7715726037513352
IGHV3-15,0.7710763552256177
TIGIT,0.7704217199576024
LYZ,0.7703578004458383
ICOS,0.7702524192011039
IGHV3-49,0.7699740796067973
TNFRSF1B,0.76902564500489
COL5A2,0.7689532397081548
RASSF4,0.7683712054474483
CDH11,0.767600173564788
CST7,0.766602309205312
PTPN22,0.7649160154866341
IGKV1-16,0.764752912032968
C1QB,0.7630088130936885
PDGFRB,0.761908027747857
TRAC,0.7618923024350001
CCR7,0.7614163411405331
IGLC2,0.7612647053194511
FGR,0.7608636819615002
IGKV3-20,0.760313285970121
IGKV1-6,0.759615980265819
P2RY10,0.7595253851389993
CD28,0.758641105755184
HK3,0.7584545550523591
COL11A1,0.7581065956500803
IGKC,0.7579594517912527
SLAMF8,0.7574277431255086
CD3G,0.7568352111345211
NCF4,0.7566890722877246
HLA-DQA1,0.7555677786400804
LILRB1,0.7547648399837957
BIN2,0.7544056837828234
IGHV6-1,0.753983689707491
FCER1G,0.7539666400145792
ADAM12,0.753395287645848
NOX4,0.7509506950669207
ARHGAP18,0.7491956142409621
ZBP1,0.7484267757861592
CD8A,0.7480191617811527
SLAMF7,0.7479513298861558
SLA,0.7476715025873009
LILRB2,0.7472743486974991
ST8SIA4,0.7470495294537807
SAMSN1,0.7466625340720526
IGHV3-7,0.7461545321488423
SIRPG,0.7452961344935324
ITGAL,0.7450100320859457
TYROBP,0.7445132557113426
HLA-DPB1,0.7440805316693437
MRC1,0.7437931544044221
LAX1,0.7425297979520924
TESPA1,0.7422286959767957
CD84,0.7415765535417997
IFNG,0.7408465341806667
ARHGEF6,0.740266366736844
TRAT1,0.7401576729454368
MMP14,0.7398249523105466
AEBP1,0.7397257066580291
HSH2D,0.7389671606624083
IGLV2-23,0.7374453620489064
MZB1,0.7356093903213249
IGKV1-5,0.735276417553469
IGLV2-11,0.7341403636039312
GPR171,0.7328939554144676
NRP1,0.7328735679896915
IGHV2-26,0.7318568158957164
CD300LF,0.7311541423579624
IGLV3-10,0.7307630423529742
MS4A2,0.730494887891352
TNFSF13B,0.730064825741765
IGHV4-34,0.7296982198142383
HLA-DMB,0.7293003685541437
NID2,0.7284139518767903
CD48,0.7277319394190778
IGHV1-2,0.7272346422121947
HLA-DPA1,0.7265334853404638
IGHV4-39,0.7249438977401762
IGLV3-19,0.7243166895528349
SLAMF6,0.7236605710886576
RCSD1,0.7233770288782043
HCK,0.7232009497913433
HLA-DOA,0.7228753771961279
CCL4,0.7228278429687918
LINC01614,0.7225456182067688
CD96,0.7216508359567171
CD74,0.7202518763679246
LRRC32,0.7200720231677298
ANGPTL2,0.7199341588629696
IQGAP2,0.7189326397904982
CTHRC1,0.718746307653115
FCGR2A,0.7183150485516421
HLA-DRA,0.7183117114594806
IGLV3-1,0.7177557700738281
IGLV7-46,0.7161058776515878
IGKV1D-8,0.7159945523106612
ANGEL1,0.7157971546289368
IGHV4-28,0.7141366938842688
IGLV2-8,0.7140082607797166
TRBC2,0.7138040730362502
DAB2,0.7136585487994962
ZC3H12D,0.712642751935975
IGLV3-21,0.7123840914364604
FLT1,0.712365128154991
FBN1,0.7111243077971943
RAB20,0.71082223852151
COL10A1,0.7106142782822529
MRAS,0.7091869622809545
DERL3,0.7087687851633332
TLR7,0.7082334821894476
JAML,0.7072264170028619
MYO1F,0.7062941553828769
LY86,0.7061700871353703
ITGB2,0.7060163097367306
CCR1,0.7043595007560268
IGHV3-69-1,0.7042615078280078
GCSAML,0.704040247034578
IGKV1-12,0.7040081521194141
IGHV3-48,0.7040053965254228
DACT1,0.7034902831822031
BTK,0.7024804647883485
VIM,0.7024265645168586
SFRP2,0.7023901540085824
CD300A,0.7016806040496786
THBS2,0.7015957308885921
THEMIS2,0.7013781023181931
DCN,0.7013680843620003
IGHM,0.7011747499595702
LPXN,0.701133357936808
CD79A,0.7004660460000424
IGHV3-74,0.6992023341317506
SIGLEC9,0.6970414663069632
F13A1,0.6959021227996153
IGFBP7,0.6957845433182384
IL2RB,0.6949930319815247
IGHV3-11,0.6948630457372871
GPSM3,0.6932647852610527
ANKRD44,0.6929286775888892
AOAH,0.6924551383124217
SLAMF1,0.6923281052465379
IL12RB1,0.6920469595371966
SLCO2A1,0.6912139805263662
LRRC15,0.6911364156726563
CD80,0.6907720169093801
OLFML3,0.6906663522302803
COL8A1,0.6903850257986311
ARHGDIB,0.6903559568796387
NLRC3,0.689777893844137
MMP11,0.6897401964707534
HLA-DQB1,0.6893758444059739
CYRIA,0.6890600967659498
C16orf54,0.6883110624555155
HLA-DMA,0.6883036031186434
IGHV1-46,0.6874936752028784
CCL18,0.6874614107352114
IGKV1-27,0.6869893835173237
MYCT1,0.6868034102726734
CTSK,0.6865490987345976
FBLN2,0.6857276423271056
LUM,0.6856214930228806
SIGLEC10,0.6848591522608926
BICC1,0.6845336062869358
ETS1,0.6844578088654012
PLA2G7,0.6842433364022208
PCOLCE,0.6838635798933477
SERPINA1,0.6837743258566343
PLPP4,0.6835113498925266
FPR1,0.6830239486192444
NLRP3,0.682746928757425
IGKV1-39,0.6820758322624741
CRISPLD2,0.6817617679345006
LRRC17,0.680832394842561
SH2B3,0.6806260411217017
GZMK,0.679264569248049
ELK3,0.6785369433458724
ZNF831,0.6775599169594199
TNFAIP6,0.6774141911978264
IGHV4-31,0.6769780175016564
IGHV2-70,0.6758461222400096
GPR65,0.675056495147332
ELMO1,0.6750495916525666
ISLR,0.6747464652552813
GPX8,0.6741060090652579
IL2RA,0.6739609858286495
IGHG4,0.6734485749331062
IGHV4-61,0.6731320493706543
LMCD1,0.6730343131190271
ITK,0.6726637275573235
CCL3,0.6726598177954768
IGHV3-72,0.6725048006482605
AXL,0.6719773685572836
APOE,0.6713573257109524
ADAMTS12,0.6709775796338108
GPRIN3,0.6706766830967854
TNFRSF17,0.6702435557417508
CD2,0.6700719305220376
GIMAP4,0.6699975238860327
CCR2,0.6691503414898325
IGKV1-9,0.6691091916167567
MCOLN2,0.6681198893523138
IGLV4-69,0.6677319341281719
FCGR2B,0.6676253295017264
TGFB3,0.6665874535818371
TIMP3,0.6660992379776568
CD6,0.6652667937745745
LY96,0.665075168431876
LAT2,0.6649531379631898
TBC1D10C,0.6645593933902959
MGAT4A,0.6645574398712776
TLR4,0.664385269814117
PRRX1,0.6642121372381625
RNASE6,0.6640879634216357
MSR1,0.6638758313567823
LINC00996,0.6637819096595758
IRF4,0.6637516606011982
SIGLEC1,0.6634204540674904
CTLA4,0.6631043240171232
GIMAP2,0.6629065628688802
FNBP1,0.6628992771934706
CCL13,0.6625160650116345
IGHV1-24,0.6622201577178062
SLFN12L,0.6621759730736505
SCARF2,0.6620824284825172
P2RY8,0.6612917377181168
EMILIN2,0.6610385001242611
CIITA,0.6610304190414582
TPM1,0.6609243866176026
LAMA4,0.6608482419155766
TIMP2,0.6607681909963193
PTPRJ,0.6599317746495096
PSAP,0.6595681789408464
ITGA4,0.6594531603500315
IGLV8-61,0.6592650376553731
OLFML2B,0.6580863958356029
ADAMTS6,0.6570260133271766
IGHV3-30,0.6570098463873776
GLT8D2,0.6561781986432591
ASPN,0.6556151062148875
BCL2A1,0.6555562752068884
SEPTIN6,0.6538855971767955
APBB1IP,0.6534372813209556
SLC7A7,0.6533365872599703
RASA3,0.652654604244122
VMO1,0.652627293774601
NCF1,0.6525670747625022
SIT1,0.6510644319410297
FERMT3,0.6505980973606327
PLEKHO2,0.6501988424755734
EPDR1,0.6498439138873922
CRTAM,0.6497960518788677
IGHV2-5,0.649752539768165
CPQ,0.6496898213411485
SOCS5,0.6494679960228691
KLRC4,0.649044903058445
FBXL7,0.6487839470561357
CLEC2D,0.6486541940953603
LAMC1,0.648197136482302
EOMES,0.6471928599492324
SAMHD1,0.6468811219334987
WIPF1,0.6465050502960712
IFNG-AS1,0.6464569085704941
CD83,0.6462704963030741
HTRA3,0.6460758178572185
SLC35G2,0.6453511028712362
IGHV3-33,0.6436048011038602
ATP8A1,0.6435308047550583
FYB1,0.6428190497658381
TMEM156,0.6426852879498409
EFEMP2,0.6425563320864442
CALHM5,0.6423831573312513
FMNL1,0.6416885762868134
THBS1,0.6416239841348808
C1orf162,0.6411546755334274
VAV1,0.6410979525978528
PPM1K,0.6410763317604012
SCML4,0.6404024765537707
LILRB4,0.6402018903246941
COLEC12,0.6401948266702621
MS4A4A,0.6401169892161296
TAGLN,0.6394188219333474
IGHV1-58,0.6392710945163638
BGN,0.6390379255793176
IGHV4-4,0.6386887784870282
IGHV3-53,0.6385187896819864
DDR2,0.6380087853525956
TRAV8-2,0.637399716444094
LTBP2,0.6372620379549109
KCNJ8,0.6371953094172528
ARHGAP9,0.6371412620762307
LCP1,0.6367864669280578
IGKV2D-29,0.6365416570438918
IGHG3,0.6359317975614971
CCN2,0.6357755284278407
STAT4,0.6353370069359489
MEF2C,0.6353340833455567
CYTH4,0.6351530428382338
HEPH,0.6350566496681707
SLCO1A2,0.6350037630493122
FAM30A,0.634737798280239
CTSZ,0.6344628170924478
OLFML1,0.634180270051909
FGL2,0.6337812897019466
ITGAX,0.6336340597858594
TRGC2,0.6324264631294227
RHOH,0.6323461587700199
THY1,0.6319753476226739
CLMP,0.6319238459671278
GBP4,0.6318645102047535
TGFBR2,0.6316118185197306
LILRB5,0.6304557900653789
SYT11,0.6300867252939351
AKNA,0.6300679496697679
PLXNC1,0.6300217328253829
IGKV2-24,0.6296779747190011
SPI1,0.6295356388190109
SIGLEC7,0.628357086651052
CCR4,0.6281905939850612
P2RX1,0.6280797183172045
LAMB1,0.6278987571526246
IGHV3-43,0.6277384816866356
LINC00892,0.627650731013621
GPR183,0.627474699932898
HLA-DRB1,0.6273705529873274
CYS1,0.6269597802368689
EMILIN1,0.6264485155055058
FERMT2,0.6262411105510473
LGALS9,0.6262045803331575
ACP5,0.6260673763901626
KCNA3,0.6259467993979588
TRPV2,0.6256830390608361
RCAN2,0.6252025342272644
SNRK,0.6251498512146727
ARHGAP25,0.6247934310587518
RAB31,0.6247241390054569
SERPINF1,0.6243052171715516
NKG7,0.623700276203247
NUGGC,0.6231620772697076
FAM171B,0.6230490822190176
SELL,0.6230230906353842
BMPR2,0.6225569968544885
LILRB3,0.6220567756140355
GLIPR2,0.62186751167535
SRGN,0.6216250532414409
IGLC3,0.621519590135758
SGCD,0.6214801251672194
IFI30,0.6208234121534548
FGD2,0.6207640230813491
IGLV5-45,0.6207032678918336
IGHV3-66,0.6206962693535844
KLHL23,0.620628163566914
KIF18B,0.6203049688618135
IGLV7-43,0.6202484702207354
PODXL,0.6199660049170513
TENT5C,0.6193269605245606
TBXAS1,0.6192711144863551
PALM2AKAP2,0.6190354394635466
GNLY,0.6182930808507241
HMCN1,0.6180451497387166
HCLS1,0.61776361552751
IGSF6,0.6174426324978884
IKZF3,0.617335042197866
TRG-AS1,0.617027011386538
IGHGP,0.6166199143304277
NID1,0.6160780421966767
TREM2,0.6159277195601532
PECAM1,0.6155080625770318
RGCC,0.6154271714548676
PRF1,0.6152772318301944
DNM3OS,0.615194934017232
ADAM19,0.6150818162989099
MTARC1,0.614342564657502
SKAP1,0.614321004537024
SP140,0.614142876693145
S100B,0.6139813013614255
MPP1,0.6136454669528418
GAS1,0.6133454993451908
NRROS,0.6132632064661955
PIM2,0.6124324457673117
FCRL2,0.6117352003238259
LHFPL2,0.6114372002226593
LY9,0.6113391809842011
FKBP10,0.6110518676172562
RCN3,0.6110341880933847
ADGRG5,0.6108496495020229
F2R,0.6107126885283086
CD4,0.610427419187598
N4BP2L1,0.6103199526888257
TRAF1,0.610293048344595
CSF2RB,0.6100878248061872
JAK2,0.6100727639046987
FNDC3B,0.6095999088464029
SIGLEC12,0.6085229880638143
ANGPT2,0.6084571205075054
IGLV1-51,0.6084238158964922
CYSLTR1,0.6083929130562097
UBE2J1,0.6083479069611416
NAP1L3,0.6079931795879367
LINC01943,0.6073581396268654
TWIST1,0.6070990749991678
PLPP1,0.6069182021755581
APBB2,0.6068805826978749
RGS1,0.6068651852982819
FCRL5,0.6062768166700951
IGLV3-16,0.6060897593392113
CD7,0.6059703212139315
IGHV4-59,0.604998981134759
CRCT1,0.6048991815104254
KCTD12,0.6048747979220264
CELF2,0.6046432154607827
WAS,0.6045485697654904
JAK3,0.603969724186565
SPOCK2,0.6034391742813411
STARD13,0.6030684912521974
TRBC1,0.6023286146702101
DLC1,0.6022687257360272
IL6ST,0.602058659690593
CD37,0.6020572727391399
CASP5,0.6020093118509117
FCRL6,0.6019075077020234
CERCAM,0.6015274398219334
PZP,0.6013802503122594
FCGR3B,0.601086296044713
CALHM6,0.6006118768871243
IL3RA,0.600386270319898
FKBP7,0.599629850754674
CD226,0.5995977680262607
RNF213,0.5995925339828552
CMTM3,0.5995307289522659
ATP2A3,0.5986753585435131
PDE4B,0.598443434147597
IL18RAP,0.5983572046204734
PICALM,0.5980881035850065
COTL1,0.5974829480643836
FUCA1,0.5973614787722941
LINC00861,0.5969796352188455
PIK3R5,0.5965986127349904
ST3GAL2,0.5964918994985363
MIR223HG,0.5963661660752557
CCL4L2,0.5963273031693306
NCF2,0.5963075651173042
SFRP4,0.5960694116922061
THEMIS,0.5950359887893082
CCDC150,0.5945251892746596
GFPT2,0.5943804140974156
APOC1,0.5942793291471116
ACTA2,0.594042897529492
TRBV19,0.5938200771681231
MILR1,0.5936400789931142
CPXM1,0.5935852643587411
EVI2B,0.5935202660849861
ST6GAL1,0.5935074793996945
GNS,0.5931813222690715
ARRDC3,0.5923730490468936
TFEC,0.591913568466355
IGKV2-30,0.5915380031258928
TM4SF18,0.5915278883425906
PLCL2,0.5914395841525004
GPR141,0.591159120328304
DOK2,0.5898621680097376
PNLIPRP3,0.5893032921319611
ITGA11,0.5892789204678636
LDB2,0.5887155280373292
PTPRM,0.5884151657375148
RNASE1,0.5884122515369365
JAM3,0.5882449459783857
GPR174,0.5880976176137566
IGLV1-36,0.5880671948246593
IGLV9-49,0.5876907573396722
PCNX1,0.5875825401146385
MYL9,0.5875333537257919
ADA2,0.587487306711525
NR1H3,0.5874315267455885
TMEM176B,0.5871564591384106
KLRC1,0.5869837557335505
MS4A7,0.5869449645349547
LIPA,0.5868540864860662
RFTN2,0.5864679079492201
TNFRSF14,0.5861600197208259
LILRA6,0.585994830814764
CD8B,0.5857597771724443
TRANK1,0.5853528493725487
CCRL2,0.5852035130137412
DHRS1,0.585097731522805
NOL4L,0.5850221980184543
COX7A1,0.5848477106772707
TLR10,0.5845632769582617
SELPLG,0.5843714965544369
TMEM140,0.58384742926616
SNAI1,0.5836435915566466
EOGT,0.5833891204567091
RGS16,0.5833709398900381
SORCS2,0.5832023447564891
CLEC4E,0.583029516603838
LINC02384,0.5828714046425815
EDIL3,0.5826418193611645
DUOX1,0.5817310169463582
EPCAM,0.5816477639065569
IGKV1-8,0.58159395592579
CLEC10A,0.5815675910265881
LHFPL6,0.5815553422528151
CD300C,0.5815206011388664
SLC40A1,0.581361062771233
HDC,0.5808757764677049
ABCD2,0.5802259459286232
FGF12,0.5797986336439144
RAB8B,0.5797805047957821
MXRA8,0.5792310702105494
BMERB1,0.5790468998724981
NTM,0.5777796032905896
CD69,0.5776958496178004
LINC01561,0.5774087205931105
IGHV3-20,0.5771095525034354
SDCBP,0.5770060076954497
SLCO2B1,0.5767040444079479
LINC01480,0.5761699280064423
JCHAIN,0.5758659839957003
TIFAB,0.5757387103526469
RAB37,0.5756499731635125
ANXA6,0.5752744901036981
KRT6C,0.574901080363114
IGKV3D-15,0.57467927483955
IFITM2,0.5744481189861559
PYHIN1,0.5744379154773376
IGKV3D-11,0.5743608182139875
LOXL1,0.5743277815999486
TMEM119,0.5742041623434067
IGKV1D-16,0.5735892924471689
CD5,0.5733591085600865
PIK3CG,0.573031428527316
CALD1,0.5725753411529235
OSM,0.5725612759867774
LSP1,0.5720347675514443
FAM25C,0.5718298104080802
CHROMR,0.5717376816062613
PDGFD,0.5715746065754623
GNG2,0.5712832279229648
GPR132,0.5710600934907839
IGLV3-9,0.5709144088597098
MICAL2,0.5709001695199861
GOLM1,0.5708034335669477
CSF3R,0.5707477236926516
SULT2B1,0.5703578718882646
SRPX2,0.5696625228379473
CLEC4D,0.5696507502663531
SMARCA1,0.5693270201645022
MYO1G,0.5692305666259406
ENPP2,0.569008579621314
CCDC80,0.5684188928456475
IGHA1,0.5683170604202622
PDGFRA,0.5681288316177436
HLA-DRB5,0.5680761393484355
IL7R,0.5678977932051714
TCN2,0.5673665848764925
IL16,0.5671602328755029
ARHGEF17,0.5670535259739049
SAMD3,0.5664583121827357
LMBR1,0.56644359054311
IGKV1OR2-108,0.5662571931043758
CD274,0.566255989941421
SPRR1B,0.5662165627700835
LMO2,0.5660945246943807
CNRIP1,0.5657725320912115
PDGFRL,0.5656935485933994
FBLN5,0.5654710567666946
CORO1A,0.5654154639419239
CDC42SE2,0.5653827347291236
ALOX5,0.5653464577861192
LCK,0.5653042134711287
CPA4,0.5652939733578036
LST1,0.5651699257374854
BTN2A2,0.5648090652153192
PPP1R16B,0.5645418968983127
SPP1,0.5644613848010863
SLC39A14,0.5644313016640885
PCED1B-AS1,0.5642106581569386
ANKRD1,0.5641551515871488
CYYR1,0.5640543833218591
ICAM1,0.5639147162058271
NMNAT3,0.5638075088203094
FAM114A1,0.5637829325346414
BDH1,0.5635638821897296
TRAK2,0.5635203909855842
CEP112,0.5632132569349212
ITGB2-AS1,0.5630029073813085
CD180,0.5629532563769202
RAI14,0.562563544886132
NOD1,0.5622291445919594
ISG20,0.5619175027061761
TENM3,0.5617333515540824
SAMD9L,0.5614443108433746
BTLA,0.5613582993725649
ABI3,0.5608700497290106
SLC41A1,0.560815124200608
STK4,0.5602066217139081
JAKMIP1,0.5598393855197574
SLA2,0.5592044482510786
RGS18,0.5590398055961842
SLC41A2,0.5590281234016763
PKD2,0.5589997152215773
CYBRD1,0.5584483130548977
SDR9C7,0.5579912986521272
TNS3,0.557833839825944
ZEB1,0.5578298977064193
FNDC3A,0.5577767649506673
FLT3,0.5576871733970932
IGHV3-64D,0.557364229286755
MAP4,0.5570904260324382
EPGN,0.5568161834522589
ZNF521,0.5562847894813877
GNG11,0.556258287297368
LYN,0.5562255019435862
SLC12A7,0.555810631133859
BHLHA15,0.5555783294954353
MAP3K21,0.5555054728946824
FUT8,0.5553039841134285
HERPUD1,0.554995349481327
PDZRN3,0.554873929464296
STOM,0.5543991253176034
MFAP2,0.5543648579165379
ZNF160,0.5541863003898417
FMOD,0.553810555138084
PDCD1LG2,0.5535776677245475
FUT7,0.5534549532854041
CCL24,0.553364330679839
RUNX3,0.5531997538607792
CD52,0.5527858334032563
GNAQ,0.5527155831803496
CIT,0.552636130554437
KAT2B,0.5524996917375584
RASSF2,0.5524133961148602
PEA15,0.55229798493537
GMFG,0.5522528168069124
GALNT15,0.5515789147645753
IGLV6-57,0.551468117705284
SLC2A10,0.5514337666888764
IGSF9,0.5512925465778007
TIMP1,0.5512772774701904
PMP22,0.5510950586996519
FASLG,0.5510440958195831
FCHSD2,0.5507186294648501
KLHL6,0.5505714855781303
CCL17,0.5504187075768037
PREX1,0.5502067708979071
IGHV1-69D,0.5501561093529281
CD200,0.5499020946663421
CSF1,0.5492703465565811
UGT8,0.5490088626371074
COL16A1,0.5484447613895277
ARSI,0.5476806590531593
TRIO,0.547267452980556
TMEM204,0.5471233444121584
TPSAB1,0.5469627806378471
LOXL2,0.5468914409103335
LAMP5,0.5468824030717513
MMP13,0.5467053979044644
CSGALNACT2,0.5466767691321525
ACSL5,0.5466095372914143
PILRA,0.546547418280151
GZMA,0.5463546392758076
SH3PXD2B,0.54604990768828
PXDN,0.5459554744870563
ENO2,0.5459367228180262
LEPROT,0.5459264625728226
CTSW,0.54573932737041
ATP8B4,0.5452304775957372
PARP15,0.5449937753833927
G0S2,0.5443266326783963
TRGV3,0.5443000298516539
LINC02820,0.5438218743332405
IL4I1,0.5437714977815713
UBASH3A,0.543674757970562
SIX4,0.5435725644757068
FTL,0.5434385797893393
LINC02362,0.5433205873649412
GPC6,0.5429200962495097
PCLO,0.5428331485807314
IGHV5-51,0.5426480049564545
HEXB,0.5425693016218242
WNK2,0.5425178575434066
CDH5,0.5425003176521811
DENND5A,0.541993829902602
AQP9,0.5417798409556711
SCARB2,0.5417360269937892
ARRB2,0.5415880339102661
BEX2,0.5413701637294908
GRAP2,0.5412690442241324
IGHV1-69,0.5411022263175955
IGLV1-47,0.5409850293841055
LTB,0.540730176416026
PLEKHO1,0.540297069648523
SMAP2,0.5402237040818532
SNX25,0.5401828223081183
ARFGEF3,0.5401641951293227
SLC29A2,0.5401452305849359
DRAM1,0.5400856850807809
TRPV3,0.5399134135904127
ZSCAN18,0.5396803347037717
PIP4K2A,0.5396737677627004
FCRL3,0.5393494444211169
ADORA3,0.539033355433491
DENND2C,0.5389364938253276
EPHA3,0.538864659250407
TRGV8,0.5385808558012278
IGFBP4,0.5385760972634
TRO,0.5385355309453111
TAMALIN,0.5383789944187144
HSD17B11,0.5380098985110345
CYFIP2,0.5374626204292143
NNMT,0.5374236648690227
PLXND1,0.5372224735914931
LXN,0.5365359042637313
HPCAL1,0.5365082519695843
TBC1D9,0.5363981342019941
EVL,0.5363711339001641
WWTR1,0.5359580146371337
MAP4K1,0.5359273740640232
CHST15,0.5358169159452996
CD99L2,0.5357740793561813
ZNF790,0.5356632910280741
LINC02446,0.5354109467250516
BMP1,0.5353323238722265
SLC39A8,0.5352691217176843
FGD5,0.5352038918510471
FILIP1L,0.5351207738828739
POGLUT2,0.5346283877494475
ARHGEF7,0.5342364531985606
USP2,0.5340354936479805
SALL4,0.5337527400002339
CBLB,0.5337427116094952
SRPX,0.5337309744287112
CHRM3,0.5333982546018264
CLIC2,0.5332237072686482
JAK1,0.5330147108106384
IDO1,0.5327462050797327
HNF4G,0.5326890155100171
PTGER4,0.5326375014727066
FAM20C,0.5324411544285174
SLC30A7,0.5324196024091056
HTRA1,0.5317426150463619
GNAI2,0.5316224536698921
INPP5D,0.5315898424617516
DOCK4,0.5313711801089507
ARHGAP31,0.531340795542166
A2M,0.5310540853982012
SECTM1,0.5308727265313632
ARHGAP30,0.5308428339374999
SAMD12,0.5307143521600665
DGKD,0.5306734164023769
SLC45A4,0.5303113205433784
DLX6,0.5301680837326939
LNPEP,0.530073786650561
CCDC69,0.5299375817085015
PASK,0.5296442268936615
SLC6A11,0.5290549611464401
TRBV24-1,0.529014947543971
TRAV12-2,0.5288961265421163
SLC66A3,0.5288451122754367
KLF10,0.5286541632306679
CD27,0.5284243667275021
GAREM2,0.5281804802849166
SIRPA,0.5280597632077266
SPAG4,0.5277619732701747
FAXC,0.5276243069645413
ITGB7,0.526774686653481
ARMC9,0.5265761356821058
ANKRD36,0.5259830563299165
DYNC1I1,0.5259343240638944
SMURF2,0.5259135712317964
NUMB,0.525796978488515
HDX,0.5257482698864107
VEGFC,0.5255931787119523
SPN,0.5247133273141892
RHOU,0.5247098000774024
SDC2,0.524641160848196
MELTF-AS1,0.5245742891791396
AMN,0.5244649556508645
KCNMB2,0.5241108067540095
SIGLEC8,0.5240945056775105
CXCR3,0.524088627746688
ZNF671,0.5239167966731075
ACAP1,0.5237917123291113
FCGRT,0.5237825822657196
MPZL2,0.5237402723937276
MARCHF1,0.5236407491209168
PNCK,0.5236038504321506
CFH,0.5234814754719012
SLC2A3,0.5233138406251309
S100A12,0.5232152801909215
GALM,0.523170487668933
HNMT,0.5231041404603721
ANKRD44-IT1,0.5230117795249981
ANXA5,0.5229563263930076
SLC5A12,0.5227720256974785
MYL2,0.5226051880577017
GCC2,0.5225706996757158
CEP68,0.5222712132441533
PTPN7,0.5218361863054618
APOL3,0.5218267750007703
AKAP13,0.5215247898874406
ZBTB18,0.521396281488246
ICAM3,0.5212233996770155
IL1R1,0.5208293792216353
IFIT2,0.5207839049098716
EDEM1,0.520757939511153
CPD,0.5206946878618365
NSG1,0.5203955083260458
PLXDC2,0.5202621242956016
IL26,0.5197354515239986
STX2,0.5191989641652336
PSMB8-AS1,0.5188488641257789
POU6F2-AS2,0.5188428687711193
CCN4,0.5187457942821632
ZNF711,0.5185686003793151
RNF130,0.518282731072194
APOBEC3G,0.5181574929867595
FADS2,0.518096250750052
ANKRD50,0.5179561920251782
DPYD,0.5179034195620777
KCNMB2-AS1,0.5177845279996917
ADAM8,0.5174728663541687
CLEC11A,0.5173865812648969
P3H1,0.5172857776152986
KLRD1,0.5172673096993079
SLC8A1,0.5172278396774675
IGKV1-17,0.5171979133965824
TPM2,0.5169224907499489
ADGRF5,0.5168722516830426
KRBOX4,0.5166196617562557
MMRN2,0.5164327486552827
MEF2C-AS2,0.5161526440514471
MMP9,0.5161447636073905
VPS13C,0.5161286542333896
RAC2,0.5160249773484442
HLA-DQB2,0.5160078743243636
ISYNA1,0.5159304281100338
IGKV2D-24,0.5157989823277598
CXCR4,0.5157489232111109
TCF4,0.5157207250380222
CHRNA1,0.5155472146545357
IGKV1D-39,0.515289211087056
CDK15,0.5152574106950324
RFLNB,0.5152036041661111
FSIP2,0.5151718061561719
NDN,0.5149601901750742
MMP12,0.514940957046666
FLVCR1,0.5146992029764436
CEMIP2,0.5145316853401558
CLEC14A,0.5144067608353503
DUSP4,0.5143646416601247
LGMN,0.5141660291812604
PDE4DIP,0.5139709013323777
PRKCB,0.5139102627327173
CRIM1,0.5138708999248028
LINC01050,0.5131448397807835
PTPRG,0.5129339714025692
DSG1,0.5128470639333575
PAPSS2,0.5128117716758137
APOL6,0.5127715037861753
SFXN3,0.5126733395131818
ITGB5,0.5125220147382962
ZFP14,0.5124215878659263
SLC1A3,0.5123340471906203
SAMD12-AS1,0.5122692173152167
TMEM97,0.5120609037249576
IGKV3D-20,0.5118229543353819
CCN1,0.5117772063141064
GIMAP5,0.5116373163421584
MYBPC2,0.5115962286562883
FZD1,0.5112463896649576
SLC11A1,0.5109519455855577
PODXL2,0.5108475288434986
STARD3NL,0.5108246256722335
IGHV3-13,0.5108226859519327
TLR1,0.5106917765972532
COL8A2,0.5105397378856894
CDA,0.5104559376687914
FLRT2,0.5104435888041181
ADGRE5,0.5104337487519154
COL4A1,0.5104094161409458
EFEMP1,0.5102944762640927
SEPTIN1,0.5102587514960168
DPYSL3,0.5101161220467287
TRAV14DV4,0.5101086378600426
KPRP,0.509756998928495
IRF1,0.5093321970609409
MRC2,0.5092488705037773
PLPP3,0.50909006588305
OR2I1P,0.5089372749242368
TRGV10,0.5086719399184609
PLA2G4E,0.5083382392224243
RAPGEF2,0.5082688896796903
IGHA2,0.5080861390672586
TMEM47,0.5079159404324894
CNFN,0.5078635588374145
MSH2,0.5077948662064862
RNASE7,0.507601501661493
TRBV28,0.5073902224507292
KCNG3,0.5073661647620362
GJB2,0.5068741046956456
PRKD3,0.5068295410776289
KCNMB3,0.5068285771401709
PARP8,0.506777706520557
TLR6,0.5065155174570989
EVC,0.5063535882159097
ZCCHC24,0.5063029729282594
DMXL2,0.5061315192115454
GAPT,0.5060108559701488
AQP1,0.5059048502533864
PHYKPL,0.5057080368998785
POGLUT3,0.5056567276587489
MMP16,0.5055370384061044
SUSD3,0.5055192817307824
PKP4,0.5055000278138521
ZNF496,0.5053785080169828
FABP5,0.5053294871000483
NIPAL4,0.5052981279107178
TRBV20-1,0.5052356582732744
KRT80,0.5052136230978101
TRPV4,0.5047807211173773
TNFRSF9,0.5047118271000987
IGKV6-21,0.5044241054114204
C1orf115,0.5043615320817655
RNF180,0.504226278323615
CFLAR,0.5041028984064589
CPVL,0.504048072129673
NUB1,0.5035134464301647
TXK,0.5031910885847893
PTGER2,0.5031588371328388
FCRLA,0.5029886070350388
PDLIM5,0.5027057932442959
ANTXR1,0.5024804142558155
DMKN,0.5024732545487571
RECK,0.5024304670173043
TRGV2,0.5022582426454499
RELL1,0.5020411205255404
KLK7,0.5020040989924245
CTSO,0.5017891120870897
DIPK2B,0.5017488197042886
CLDN3,0.5017173518172046
LINC01929,0.5017052804199784
BTN3A1,0.5016978871757065
CLIC4,0.5014252132663689
ENTPD1,0.5012749999304895
VNN2,0.5010913974820796
UTRN,0.5008133952715925
PRSS23,0.5007881352074158
ALOX5AP,0.5005360169413755
NTRK1,0.5004597196793938
SERPINB2,0.5003653783610772
AGAP1,0.5003211651027516
LINC01871,0.5002827727017807
ARL15,0.4998946985371913
PHTF1,0.49955106930165644
RIPOR2,0.49938788716961
BNC2,0.4993564042049793
CD3D,0.4992572174043757
TTN,0.49923514874216507
HEY1,0.49891007403999804
CDCA3,0.4988967426667345
IVL,0.49884362500852725
RNASE2,0.4987544304305385
LBH,0.49863861223895023
DSEL,0.4983484360442373
PDPN,0.497971407381433
LINC01876,0.4977556044291478
LILRA4,0.49772908544139394
ZNF708,0.4976970521757611
BST1,0.49762512261739933
FABP3,0.49756352534601767
ZNF93,0.49728446478366894
PKIG,0.4972377846238836
WDR86,0.4968154512940998
POU6F2,0.49674459034848845
AASS,0.49672323177799055
CAMK2A,0.4965969645601674
INPP4A,0.49625290648409015
ITGBL1,0.4962151762613117
TNFRSF19,0.49618858392029214
LYPD3,0.49609590370131207
CCDC34,0.4958665042622578
ARMH4,0.4956117783432813
ZDHHC2,0.4949320348792844
C11orf21,0.49487117862682634
JMJD1C,0.4948600916985701
IL32,0.4947806862711079
PSTPIP1,0.4945742828776635
CARD8,0.49439890293641947
CCL2,0.4943452618150354
P2RY13,0.4943280480600592
EDNRA,0.49416941580119855
CD33,0.49416301616920005
DOCK11,0.4939830967691807
IL1RN,0.49387495983518304
YEATS2,0.49370919036640054
ADAMTS1,0.4935248209631058
CXCR6,0.4934104986849012
LPCAT2,0.49337228005205996
CXCL9,0.4932955605404565
SYDE1,0.49297265503334486
ITGAV,0.49294816082272325
SYNE1,0.49274508509454135
HTR7,0.49271036491842546
RCOR2,0.4925913516339153
IGKV1D-12,0.4925468057401285
MAST3,0.4925356055714523
ZBTB20,0.49244480214333425
FADS1,0.4923723591487628
DAPK1,0.49235124024393256
C12orf56,0.492164891980184
C6orf132,0.4920325534032924
TOP3A,0.4919595867970957
MBNL2,0.4918285824414025
UBA7,0.491780349901577
BCAS3,0.4917542278935841
SLN,0.4917028528159132
ITGA9,0.4916272125702139
PPP3CA,0.4912499800352513
CALU,0.49115322960557645
CCL8,0.49085726028337245
ARSB,0.49084735638050525
UTP4,0.4908195441745445
DDX11-AS1,0.49070351552860597
LCE3D,0.49061582861060765
ZNF275,0.4905935820898771
LINC00645,0.49046358229787346
CASS4,0.4904037795575768
GUCY1A1,0.4903407918335118
FAM83A,0.49023022892416374
AKAP12,0.49023000458711263
LINC00702,0.4902000732324
NF1,0.49008326692501736
HEYL,0.48993777555677626
IGKV1-13,0.4898848775015617
RASGRF2,0.4898366446559689
BUD23,0.4897657798559672
NAIP,0.4896023334555352
WDR49,0.4895978101081579
SLFN5,0.48957944345669935
SOX2,0.4894485315340328
ADARB1,0.4893703285408807
ADAMTS14,0.48930847831295465
SYNDIG1,0.48912868250416347
PDLIM3,0.48893843232050993
MTR,0.48892029577024276
PRXL2C,0.48884804229281537
SERINC1,0.4888047344558245
IQGAP3,0.4887823593600824
HVCN1,0.48873185084079696
SEL1L3,0.488469882764318
POLE,0.4883392438797273
SPARCL1,0.4882435393209985
ARL6IP5,0.4880005515918563
CHD1,0.48783953059570634
RUFY4,0.4877812859628583
CR1,0.4877305169778314
COL5A3,0.48765282103761626
ANKRD28,0.48759318118896755
CMTM8,0.48748058498052427
TMEM178B,0.4874244156679879
IGKV5-2,0.48736249407013843
DPY19L1,0.4873260872926201
IGLV1-44,0.48720787546736616
HHAT,0.48720015796103716
KDM3A,0.4871242739187814
KLHDC9,0.486924384946142
LINC02325,0.48686913181340846
NKX3-2,0.486834718085221
SMIM3,0.48672497369590095
LINC-PINT,0.4861260334520308
TMEM154,0.4859128990575395
SNTB1,0.4858989800415141
PRRX2,0.4857915495294509
GCNT1,0.48568216708186185
LINC02367,0.48562785316869617
TPST1,0.4854769559234658
NBPF11,0.48538723667948785
TMF1,0.48537836466987017
LAMB2,0.48515067692798225
PIKFYVE,0.48494811409281086
TOX,0.48494516597884196
NINJ1,0.4849291975882781
FIBIN,0.48488501258219846
RNF125,0.48484278132566255
SLFN11,0.4848003679566722
IL7,0.4847295873098086
EPAS1,0.48460301451925275
STAT5B,0.4842676050689501
RBM24,0.4841400222662587
RASAL3,0.4840109351813705
ANKRD10,0.48361606577260075
RNF222,0.4834864223701166
CCDC74A,0.4833718179844736
GRHL3,0.48332877226231485
SP110,0.4830051470999474
FCHO2,0.48299112218794443
SLC16A3,0.48284854274803607
IGSF11,0.48277156535697935
ATM,0.48269558174125043
GIMAP1,0.4825414192673753
FFAR3,0.48250869151669934
ZNF621,0.4824120406164375
TRIM2,0.48235397395332114
FRMD6,0.4822457700346572
PDCD1,0.48198447201506994
TTC28,0.4819252162133652
CSF2RA,0.4817815602692867
CCPG1,0.48143070258761755
SAT1,0.48141210545574525
TRDC,0.48130251543152375
S1PR3,0.4812495516770166
FAM171A1,0.4811541813940454
MGST1,0.4811438681863183
PRKAA1,0.4809509591186861
SLC18A2,0.48091313798179625
IGKV2D-28,0.4808517172281424
DHRS11,0.4808312975564767
CD93,0.4803788503733489
IFI44L,0.4802021406503673
GALNT10,0.4800211372923609
HOXB4,0.4800177596537716
WIPI1,0.47980217289731847
DES,0.4797645602164738
PREX2,0.4797261645414431
UCHL1,0.4797192244393042
IGLV10-54,0.4796711054317143
LRCH1,0.4794967019693266
NUP62CL,0.4794317554352649
TXNDC15,0.47941147318016053
FANCA,0.47939166571360076
LMOD3,0.47926774855458965
NIPBL-DT,0.4792523381092359
PLEKHG1,0.4792046724704634
ZNF484,0.4789916885166005
MAGED1,0.47883223495815014
MAN2A1,0.47848897179086225
KIAA1755,0.4782835511459148
SERPINH1,0.4781583433103351
LCE3E,0.47815134039795876
MACROH2A2,0.4779582708776832
SPRR2G,0.47764527752317065
ADAMTS20,0.4775968096878943
ZNF546,0.4773651720089732
PHF3,0.47728065178575046
WDPCP,0.4772105604785927
ELF3,0.47717384712354355
VDR,0.4771074937701191
CLNK,0.47691819887048725
KRT8,0.4766735435431237
SPON2,0.476544559439673
CMTM7,0.47633231829396977
GCOM1,0.47616542624804226
RNF11,0.4761504639771481
SH3RF3,0.4760688263348981
TNFSF4,0.47604013473214035
SLC27A5,0.4759097864396401
MIR4435-2HG,0.4756018626548538
GJA1,0.47539737660652986
ADAMDEC1,0.4753949735500802
PTTG1IP,0.4753657855791115
PTPN6,0.4753257685326341
CHST14,0.47523253238980373
S100A8,0.47523248115484973
MLF1,0.4751615986112348
FBLN1,0.4751043452256894
NTN4,0.4749060413085929
STRBP,0.47480379587146904
NFKBIE,0.4742570047992099
SYT1,0.4739919614030925
STK17B,0.47393559010564984
C5orf46,0.473864580497052
DKK3,0.4735036637511734
CEP85L,0.4734892984975192
C2orf15,0.47346773768701456
FZD4,0.47325380069944034
IFT122,0.47319738661154725
CD19,0.47319649969367467
GTSE1,0.4730397193418346
BRCA1,0.4728295658256809
CTSL,0.4727558873818543
KLRG1,0.472713004098686
ABCA3,0.47261905469391835
TPSG1,0.4724407024349653
CENPF,0.4723692596744229
TRAV9-2,0.47222521818710544
GIMAP7,0.4721994843770873
PLAG1,0.47211441416235334
HPS3,0.47210879357610164
TRAV5,0.4720160408076032
PHLDB1,0.47201422755486716
HOXB13,0.47195641477048234
G2E3-AS1,0.47194749348872433
MOCS1,0.4718838844166846
C1R,0.47150849989614085
ADGRG3,0.47135026210621706
UPP1,0.47129452006768713
RFTN1,0.4711852137969769
KRTCAP3,0.47116170624843934
NPSR1-AS1,0.4711003854520036
HAAO,0.4710609292500888
SLC15A3,0.47101847816739684
GGT5,0.4709193674705897
ARPP21,0.4707554271511943
FILIP1,0.4706613618022554
SPON1,0.47064875165904657
GJB6,0.47056213518937223
ZBTB10,0.47037932591505754
WDFY1,0.47027850335829063
KLRB1,0.47017329980568207
MEX3A,0.4701207792659868
LPP,0.4701010102850158
LDLRAD4,0.46974153516739947
TRIM22,0.46971539074867064
INHBA,0.46965167314130113
TICRR,0.46954784782536496
KCNK6,0.4695377603714585
DSC2,0.4692098190187746
TBX21,0.469131373919894
LINC01901,0.46903927857367633
CHI3L1,0.4690291037676931
HPDL,0.4689467837638816
GSDMA,0.46892661657495
LILRA5,0.46887980658247674
KCNH8,0.46858952737642945
SVOPL,0.46858332749948134
PLA2G4D,0.4685792385466487
S100A7A,0.4685769825853161
ZNF267,0.46857400529422616
MOB3B,0.4682589458376401
PGM2L1,0.46824297033406426
KANK4,0.4682164287382885
CHSY3,0.46805016540108474
NDST1,0.4679739949249773
RNF144A,0.4675982961108188
PRC1-AS1,0.46756690104878396
CEP170,0.4674907855711337
DIO2,0.46745585163581105
NHSL2,0.46738837653846876
LINC01748,0.46731529344344774
STAMBPL1,0.4673140141832671
NEDD4L,0.4671975101689083
TRAV4,0.4671134882282023
PAG1,0.4671112123772994
ZNF154,0.46704930794802896
SH3D21,0.4670128640948799
ALDH5A1,0.4669115048629896
FHL1,0.4668545321849293
LOX,0.46685303852351007
ATP10A,0.4668070088910373
KRT19,0.46676291746776044
TTC21B,0.4667014873635054
TBC1D8B,0.4666710491676968
MGAT1,0.466526032571221
DNAH11,0.46642600275640245
ELF3-AS1,0.466236222107649
GZMB,0.46604458005215166
PIGX,0.4660122090774056
MKS1,0.465974789461143
GNA13,0.4659669201019322
SERPING1,0.4659618327326223
CD244,0.4659436629478752
CMKLR1,0.4657735279112051
ZNF74,0.4656834352430256
VIM-AS1,0.46563788702159725
MAST1,0.4654009966347086
ABCC9,0.4650291756040718
SYTL3,0.4649995248835336
PLS1,0.4649712860032786
CTNNB1,0.46483407113818453
CDC25A,0.46482937408480557
SLC28A3,0.4646517906248828
ARHGEF4,0.46456342721053306
PIGZ,0.4645523709757881
SLFN12,0.4644798633351281
TLN1,0.46438649728735126
CCDC190,0.4641654664210861
CLCN2,0.4641263022968849
TBC1D2B,0.4640816866235655
DEFB4A,0.46390283203356575
TBCEL,0.463667796281818
DNAJC3,0.46364738673585887
ADGRA2,0.46359348344647394
TRAV13-1,0.463490883412733
FPR2,0.46348032335659123
RAET1E,0.4634209036733844
AMPH,0.46284870293177616
ASXL1,0.4626902648548144
TOPBP1,0.4626391010945371
RGS4,0.462622744043227
FNDC1,0.46245944348776824
POU5F1B,0.4623705467642691
MYO5C,0.46214577694724035
SERPINB9,0.46194049936825143
MITF,0.46177365031490714
CNN1,0.46171638417520494
PTPRU,0.4615258681936907
RASGRP4,0.461394738821815
PGS1,0.46132025481189703
RASSF5,0.46124475606912674
PLCB4,0.4611611914757403
SLC10A6,0.4611140643695758
BNIPL,0.46095617175879566
SEC31A,0.4609214981632919
ABCA1,0.4607603196093401
LEF1,0.4607269400060621
ZNF254,0.460653937608249
CUEDC1,0.4605328402109157
COL15A1,0.4604141690885791
STOX1,0.46041099470460484
INTS6L,0.4603805632178961
CDH1,0.4603354828311908
B3GNT9,0.46007971552177873
PLCH1,0.4600447382423714
PDCL,0.4599391462589094
IFNAR2,0.4598877324131524
DENND11,0.45971969787381944
MSN,0.4596224857680308
ELAPOR2,0.4595949240423951
PPFIBP1,0.45955092384208407
SIDT1,0.45943331659780706
DTX3,0.45937581684301
ENTPD4,0.4593640204526261
DDX60L,0.4593260050380608
STAP1,0.4593225669524185
CDK17,0.4591502684175923
ARHGEF26,0.45910523342215265
MAGI1,0.45905069804280535
MERTK,0.45902042503710316
PLOD2,0.45900939459817064
MSRB3,0.4588803997748979
MCTP1,0.45878779419355814
PCDH7,0.45859145227689957
TRPC1,0.4584607178424095
PDE7B,0.4583516969491959
TMEM176A,0.45822659098663954
NCAPH,0.45813271621995943
SHISAL1,0.458116760090355
UVRAG,0.4580365721500387
TRAV17,0.45802582801216196
NBPF15,0.45801971547188547
MIR155HG,0.4580156418413668
LINC01376,0.457992494748575
C2orf92,0.45787128513351366
RHOBTB1,0.45758674171507696
ACP6,0.4574395624610716
SPRR2A,0.4572803163094645
ALDH1B1,0.4572285641766144
ZDHHC17,0.4572136543998264
TRBV2,0.45715537386932603
BIN1,0.4570659156078231
NFATC2,0.4570211785776374
SNTB2,0.4569937043962469
PHACTR2,0.4569682331400132
CXCR2,0.45675117516838354
POU3F1,0.4567154738774059
TRBV5-1,0.4567091700954539
ERLEC1,0.45666780676248453
CLSTN2,0.4566363430967913
HCST,0.4566353593301729
SETD2,0.4566220151644691
LIX1L,0.45658259835447734
OTX1,0.45656132195668225
DPYSL2,0.45650143447574537
CASP10,0.4560364157771125
ITM2A,0.45603560278426525
FOXP3,0.4556935094494798
NBL1,0.4555998039556301
NIPAL1,0.45554823092040775
MYB,0.45553067253086893
TUBA1A,0.45550036261904503
ENPP5,0.4554840779943388
PAM,0.45541467111199246
ZNF550,0.4553780792807986
HCFC2,0.45536212408008786
MAP7D1,0.4552064846745476
FUT11,0.4551576213813643
DENND4A,0.45511551697068386
ZC3HAV1,0.45503731366246947
CGN,0.4549313483238567
CALCOCO1,0.4544372776684705
ZNF607,0.45442880482306225
PDK4,0.45440860593275323
TSPAN7,0.4544032895183541
IFFO2,0.4543401961681403
LRP6,0.4543048527933527
TRIM45,0.4542861119013885
FGD3,0.45426272255157046
ACTR3B,0.4540300381632662
PARVG,0.45389878920082255
ARMCX2,0.45373675686598286
BMP7,0.4537306833026589
MARVELD1,0.45368393663638185
ITGB1,0.45361127103926724
SMYD3,0.45358801269427435
SBSN,0.45350682460510816
PCED1B,0.45350671888523064
LINC02028,0.45324005700685993
CRNDE,0.45319434778535633
LINC02315,0.45311425803010125
INSR,0.4530951420170084
TESMIN,0.4530575424032077
CCDC141,0.4528542015107198
RAVER2,0.4527607854609011
OSCAR,0.4525770324869362
DUSP7,0.45253576054984584
ADAM28,0.45240892661652676
CILK1,0.4523108131191653
FBXL5,0.45227901891013267
ZNF253,0.45223970247085615
EVI2A,0.45203589384281406
OMD,0.45165048153241066
HELLPAR,0.45164119482163245
ZFYVE16,0.4516251854610644
DCBLD1,0.4515204426548193
LINC01269,0.45149716882727686
PAK6,0.4514639944581132
MELTF,0.4513178930502521
SLC16A2,0.4512016815936651
GAS7,0.4511947325057364
CPA3,0.4511792261434204
IL36RN,0.45096209943612087
CTSB,0.4509544739671967
TMC4,0.4509485167013662
SMAD7,0.45094232712793353
XBP1,0.4508848487267343
CREM,0.4507472036844177
FOXA1,0.4506531623871942
KCNS3,0.4505888113941372
SLC39A13,0.450572940788897
KLK6,0.45041323106737186
FOXP4-AS1,0.4503440262528785
KIAA1549,0.4502305244209292
TCIRG1,0.4502155240056069
IGHEP2,0.45020882201882956
ESYT2,0.45014249012885293
JSRP1,0.45010811698614794
LINC01126,0.45001506488671933
C3orf33,0.4499550760105207
PIP4K2B,0.4498202036416418
PGGT1B,0.44974270357770785
BEX4,0.44973930371297954
MEFV,0.4494249771993059
MEDAG,0.4492340803387994
H6PD,0.4491738848768536
CD40,0.4490377267905486
PPFIA4,0.4490274487057817
ATR,0.4488286381252968
CCSER1,0.4487739495667077
HEG1,0.4485535606382675
TNFSF8,0.4485457479249651
RNFT2,0.44842260958687713
CYBA,0.4484085563477473
PCDHB10,0.4483642122892228
CNN3,0.44799292851642075
ZNF615,0.4477959270852727
SPRR2E,0.44776466795650355
MYCN,0.44759263736990773
LINC01060,0.4475440252024088
ABCB1,0.4473102686360982
ZNF70,0.4472921612203751
TUFT1,0.4472652444534816
TRGC1,0.44720251512749565
TGFBI,0.44719706455005437
EFHC1,0.4468421187081148
AMPD1,0.4467671847742891
TCTN3,0.44669376173759023
NECTIN3-AS1,0.44662812003170277
SEC23A,0.4466040215151817
RPS6KA2,0.44658301963030117
IGHE,0.4464519634697399
ADD2,0.4462182619669171
ARHGEF40,0.4462070317969372
ZNF678,0.44604253763592755
LINC00526,0.4459679650675085
STAT2,0.4459336001270752
TDRD5,0.4458854895779777
USPL1,0.445880131266284
CD72,0.44577134678298796
KLRC3,0.44574576707645985
FZD7,0.44558570142774995
STAB1,0.44556958361451054
NEDD4,0.445495066157906
LINC01012,0.44547849382953864
LINC00513,0.445432842519299
ARRDC2,0.4453873411335344
TMTC4,0.4453607051658149
PGAP2,0.44526987334981843
DGKI,0.4451921073104714
HOXD13,0.4451594600188268
LPP-AS2,0.44505747812126334
ANTXR2,0.4449274491666189
TMOD1,0.44490000067630675
KRT78,0.4448717439048974
LAP3,0.4447365464649228
RBMS1,0.4447045013058024
PCTP,0.4446816650365919
CASC15,0.4446785709260873
LMO3,0.44460024319073305
DIPK2A,0.44457787267685256
MSH6,0.444567384470738
DCAKD,0.44450699010808176
ALPK2,0.44447510787740674
DYNLL2,0.44436950734712605
EMID1,0.4443259674016749
TASOR,0.4443106076618974
ARID5A,0.44419849887475266
PATZ1,0.44419082744997657
CYTH3,0.44398558580029435
CASD1,0.4438819765558102
NUP210,0.443863071602727
ZNF880,0.4438284334291477
ACTN1,0.44364423152645616
TGM1,0.44359473926371984
LINC01508,0.4434771497920999
SPAST,0.44337876969199774
MPRIP,0.44333505715243143
SYNE3,0.44333278556335853
LINC00426,0.44332585935849284
TROAP,0.44329336864309243
KANSL3,0.4431080885127575
DENND1C,0.4430975559723792
CEACAM4,0.443034273091261
IP6K3,0.4429529846655399
C20orf96,0.44294810968371867
SINHCAF,0.44291848538453527
LNCSRLR,0.4429138024527912
ST3GAL3,0.4427786034311404
SLC16A8,0.44274658076785794
TMEM116,0.4427061891426837
RHOQ,0.44270410097974006
CDC27,0.44266561854387954
GAA,0.4426623723770675
CENPL,0.44227225835818523
CD247,0.442187086117947
FOXC1,0.4421772467438482
CLUAP1,0.4420508529559623
TMEM150B,0.44185432275872794
FRK,0.4418037278077526
PJA2,0.4416302454542691
ADPRHL1,0.4416071583024907
ADD1,0.44154030872095557
UNC119B,0.44147391195483493
MCC,0.44142108338456154
PALMD,0.4413670427412224
SYCP2,0.4413256451837572
RNF39,0.4413003242423801
TCL1A,0.4412696324986021
LINC01416,0.4412559943283542
CARD16,0.44120651682874534
LINC01934,0.4411682370711358
SPAG5,0.44107990134969954
FOXJ1,0.4410715268624201
KLF9,0.4410613855649177
HLA-DOB,0.441058428189584
ZNF439,0.4410571639182813
SIK2,0.4410058909598906
KLHL24,0.4409777769896454
TRBV27,0.4408518417108594
CD79B,0.4408321352019654
TRGV4,0.44082677003811777
C21orf58,0.44062710973175634
NUDT11,0.44061028319344825
MARCHF8,0.4404846248417227
COLGALT1,0.4403586094260056
SETDB2,0.4403573867469602
FRMD4B,0.44034975017227646
PKN3,0.44033776595890217
SMIM10L2A,0.4403148319820458
TSPOAP1-AS1,0.44024541981297055
ABCC11,0.44018054297514114
HEPHL1,0.44010752856157104
GKAP1,0.4400830834285656
PLA2G4E-AS1,0.44000543951532756
PRUNE2,0.4399960731190543
PDLIM7,0.4396682506067893
SPOCK1,0.4396639459585937
PTPN14,0.4396256192920836
DHRS9,0.4395966293614753
PLA2G4C,0.4395794541787694
EPN3,0.4395063589193807
GGT7,0.4392697323151052
ZNRF3,0.43926172001676506
SEC24D,0.43916186625741943
P3H3,0.43914401684293974
RFLNA,0.43913723791446113
GCNT2,0.4391052293836206
RAI2,0.43909815761869314
LPAR1,0.4389374869236785
TTC6,0.4389349424916287
HSD17B7,0.43886451130780385
RNF43,0.4387571360829268
PRKD1,0.4387390535176821
ARHGAP42,0.4387221660965282
DBF4B,0.43867864481809443
SLC22A4,0.4385848833838949
P3H4,0.43858449951807893
PTP4A3,0.43855924277168146
NEK2,0.43852500678383666
LINC01213,0.4383705334545419
FUZ,0.4382526542038078
DENND3,0.43824820906346856
CEL,0.4382458931095665
GLTP,0.4380211779898383
EXOC6,0.43792526189656444
ROS1,0.4378832121959132
IGKV1D-13,0.437882808974911
GCSH,0.4378534624801063
ELOVL7,0.43779881317577213
BCL11A,0.4377975508484479
TRIM59,0.43775125746696464
ZBTB41,0.4373629259054915
NEXN,0.4372757477458633
JPH2,0.43719760831517623
P2RX4,0.4371122230973299
SLC5A1,0.43702576024161216
LRP3,0.4369274307098701
XAF1,0.4369070373801476
CNOT6L,0.43690506890108294
PCDH19,0.4368160626208916
CCL23,0.43669827351121515
LCLAT1,0.43664237575363696
CCL5,0.4365858063232101
CNNM3,0.43656954996261793
ALDH1A1,0.4365653888611248
RAD54L,0.4365587550932687
MAN1A1,0.4364624544239863
CXXC5,0.43632343304243
TLR2,0.4360726582531784
NNT,0.4360068646694295
PAQR5,0.43559540416644976
MTARC2,0.4355215386130439
ZNF469,0.4353950635133251
TYMSOS,0.43532227203657603
SYT14,0.4353214485301988
SH3KBP1,0.43530672058540765
CAMK1,0.4352854221051804
TMEM231,0.4351035504866841
SGMS1-AS1,0.43506755242791656
GRAMD1A,0.4350435611657636
POLG2,0.43502299393336347
CERS3,0.43499547056137494
IGF2BP3,0.4349871520140594
TM6SF1,0.4349334138005367
MARCHF6,0.4348835204356666
CBS,0.43476072291717394
ARRB1,0.4347451958261355
BATF,0.4346764395961964
IGHV5-10-1,0.43454544201859097
KRT6B,0.43450628938333147
TET1,0.43448454674650255
GBP2,0.434316128425085
HROB,0.4340046083172396
VCAM1,0.43397879988419663
SEPTIN11,0.433927522972972
GPRC5D,0.4338998360370591
MCAM,0.4338783751051498
LRIG1,0.4338116480443731
QKI,0.4337004052260966
GSAP,0.43368628340955967
CACNA2D1,0.43348575509652704
PATL2,0.4334555157963091
CCR8,0.43338258180736017
LILRA2,0.4332788716395205
CHD6,0.43324821897906546
B2M,0.4331825296445347
GRASLND,0.43314183637563053
DEFB4B,0.4331302312892772
ZNF695,0.4330533684561421
ICA1,0.4328847972541075
ZXDA,0.43282761430968225
ZNF454,0.4328088384817241
TAPBP,0.4327489905295319
SH2D5,0.4326791983909623
NSUN7,0.4326021761749916
PTK7,0.43257308065802086
DISP1,0.4324997153329943
LGALS8,0.43241361647905313
KLRG2,0.4322338935384012
TANC1,0.43219267077803614
LINC02195,0.4321739731607907
BNIP2,0.4320920420046179
TMSB4X,0.43205197915818017
IQCJ-SCHIP1,0.4320252112403216
INPP4B,0.4319384924709148
C3orf80,0.4318840258222384
PON2,0.4318668143357028
WDR27,0.4316255933383946
DMPK,0.4315637754720189
C1orf116,0.4315387478707855
APBA2,0.43143649008350493
ZNF451,0.43136695300273004
LINC00592,0.43136421883096754
TAF15,0.4313446319821041
UCP2,0.4313412193112263
SP4,0.43123544031156036
HSD11B2,0.43119590332211627
CARD8-AS1,0.4311395199592608
MFSD1,0.43105704006948325
TPM4,0.4310169867727135
GJB7,0.430976273528289
LINC02863,0.4309751537739295
AFAP1,0.4309571885138462
HIF1A,0.4309552693405537
MAP1S,0.43085304489889387
TTC28-AS1,0.43070177404678484
CEP290,0.4306692295204169
LINC01214,0.43064608554045114
LIN9,0.4306165424594949
SH2D2A,0.4304923282311173
MMP1,0.4304909121365851
VSTM4,0.4304734896167272
C11orf96,0.4304684808864624
DLG1,0.4304489290183795
PLK1,0.43022738869810045
PRR3,0.4301566861990185
SKIL,0.43013908246309657
VPS8,0.4299426667113242
IL18R1,0.429941089988218
MOB1B,0.4299012593302371
TNRC6C,0.4296759185174071
GPR161,0.4295764701993379
IL36A,0.42957347446782956
ZNF737,0.42950087349610716
PKP4-AS1,0.4293669688407257
LINC01711,0.4293653137940413
LRCH2,0.4292770170481157
TNS1,0.42924903382772533
CAVIN4,0.429245646443983
ERAP1,0.42912491629160066
TFDP2,0.4291145223401963
CBX7,0.4290151480760699
ARHGAP29,0.4288545834869844
WNK3,0.4286825736908476
WWC2,0.42863294787369877
RAB3IP,0.4286204836811341
NFAM1,0.42854695180228375
TCTN2,0.4285208927317425
CARMN,0.4284533659618817
P4HA1,0.42840788174295796
PRDX6-AS1,0.4283956413678935
CACNA1B,0.4283603636235726
MANBA,0.4281011295733359
CREBL2,0.4279962947779577
HPGDS,0.42799067333714147
SCIMP,0.42794471250442084
OAF,0.42769627086115647
C1S,0.42754042233882655
MSC,0.42753850261661674
HSPB7,0.42750631523594057
GPR19,0.42739043649843317
TRBV5-6,0.4272927863360752
GPR78,0.427232101235248
AKR7A3,0.4271995885719597
CHAF1A,0.4271825905357426
CRTAP,0.42713103867266805
MAP1B,0.4270543862350883
ZNF879,0.4269916395289264
PBX1,0.42675760069013635
TRIM55,0.426539734852446
ACVR1,0.4265325045349446
PPM1D,0.426387368757879
PPP1R26-AS1,0.42636388460212027
ANKRD6,0.4262946288767401
STARD8,0.4262446088413445
ZNF510,0.426122747817407
LINC02042,0.4260922721927866
EME1,0.42604499556792746
WDR62,0.42597863657616974
ARMCX3,0.425952299442798
DLG1-AS1,0.42589607623022213
DPT,0.4258694224239238
TMEM44-AS1,0.42579092182794326
PTPRE,0.42577372533350993
ZNF683,0.42574812542813806
CCDC50,0.4257460172341167
LINC00412,0.42563917550314084
BMP8A,0.42558972578491977
FANCL,0.42551905357190756
SELE,0.4255126266342775
FBXO21,0.42540761284583817
ECT2,0.4253925401845845
MEF2A,0.42536701012388123
IVD,0.4253527290250173
GMIP,0.4252733508193986
MAPRE2,0.42521348702838035
TCEAL7,0.4251671585602598
HMGXB3,0.42514171034159803
SSPN,0.42493182864142237
GPX7,0.4249239156567089
SPRR5,0.42467774928960816
EMB,0.4246476351269573
S100A4,0.42464645490490555
APTR,0.42449750060545266
ZNF654,0.42439343917641115
IL17RE,0.42431116362222043
SNAI3,0.4242793355214869
STC1,0.42427224301540684
RHOQ-AS1,0.4241997643640715
BANK1,0.42419792779157073
TRBV7-3,0.423943739849827
KIRREL1,0.42394039516504367
PTAFR,0.4238782935236965
ZBTB1,0.42385924139881787
TSPYL2,0.4238413664449449
CST1,0.423788440968598
FEZF1-AS1,0.4237581930009303
FAM161A,0.4237426630557765
SAV1,0.42370648272910405
KHK,0.42370463706645345
PRAME,0.42362106385829734
CCND3,0.4235912303730065
LINC02014,0.42334276952510763
SLC35B4,0.42328445171870455
LAG3,0.42320747464900554
TMEM45A,0.42320016676916106
MSRA,0.4231728303077254
PTPRO,0.4231431019606801
NBR1,0.4231190297020994
ZYX,0.42308349281033814
ATG7,0.4230604594493472
TTYH2,0.4230583083431722
DNAJC10,0.42302060918025775
ERC2,0.42300972001472387
ANKRD18A,0.4229906370790319
HOXA13,0.42299007823742996
TMEM229B,0.4229233578990048
HHIPL1,0.42287851174980834
GLIS2,0.42285539277968137
CPLANE1,0.4227793031523565
AFF4,0.4226254018538078
AKT3,0.4225902863305389
MYLIP,0.4225798327614042
ZDHHC11,0.4225631372170549
ANO6,0.42250294044737113
RABL2A,0.42247751801866307
TBC1D19,0.4224106413104816
DIXDC1,0.4224094475955819
RP2,0.4221920067282136
HRH1,0.4221157541926157
SNX9,0.422041920696459
SCAI,0.42191677417643775
MYH14,0.4218912130760008
AKAP5,0.4218229047275903
CHRNA5,0.42168114382958144
ACAP2,0.4216701457599047
ZNF850,0.4216596191858982
MRAP2,0.42142223713153615
PRXL2B,0.42123005869784547
IL20RB-AS1,0.42099633580771706
TIA1,0.4209814806706604
RANBP6,0.42095144743829227
DNAH14,0.420895744319127
RHPN2,0.4208188910560122
EVA1A,0.4208133547492913
SOX13,0.42053656800179223
PTPDC1,0.42048931157695174
LARP6,0.4204679748523035
XXYLT1,0.4204468161534308
ALMS1,0.4203386563644432
PPP2R2C,0.42032131353372454
GXYLT2,0.42030279334419574
RHOBTB2,0.42026536786577956
SIGLEC6,0.42024645721521336
IL2RG,0.42021304192591463
ITGA5,0.4201786060230685
SUSD4,0.4201367129021927
VAX2,0.42010101919413295
VASH2,0.4200617289084094
ZNF724,0.4200554927443577
SLC25A29,0.4199876877111604
TIGD1,0.41986175809606024
DTNB,0.419832758988026
EPHA2,0.4196812771875087
ATAT1,0.4195493711661543
TENT4A,0.4193805901289433
CHIT1,0.41924501051573754
SLC1A1,0.4192094200413553
GPR34,0.4191627948654222
DSC1,0.4190925015174955
TWSG1,0.4190763927291086
CDYL2,0.41901392786039227
BTN3A3,0.41892963110521253
RGS20,0.41892117009490737
MCL1,0.41887049651572483
XYLT1,0.41877350151039217
UGGT1,0.4187587282562223
FANCD2,0.4186694383077178
FGFR1,0.4186680126688768
LINC00299,0.4186574824764747
TGFB1I1,0.418630445092023
NTRK2,0.41853953456215537
ANKRD23,0.4184072741353405
HMOX1,0.4184000520989102
NCAPG2,0.4183546533186134
RBFOX2,0.4183443932588513
SOX18,0.41826182967055114
ASPM,0.4182538742791969
BNC2-AS1,0.4182311013532363
FAM184A,0.4182009335426412
C19orf38,0.4181745876416387
PTGIS,0.4181559240549312
PLA2G2F,0.41809287723811706
PLIN2,0.41808805854210995
RASSF9,0.4179251609784969
LGALS1,0.41791595050233665
P4HA2,0.41785076184707015
MSI2,0.4178111042272132
INVS,0.41777782266898084
PI3,0.4177262404549542
FAM25A,0.4176633342335924
ZNF417,0.4176459274046586
PCAT1,0.4175596604512346
ITGA8,0.4175010777232402
MRNIP,0.41740146796506616
L3MBTL3,0.4173726526151453
METTL27,0.41726263682164216
PTGDR,0.4169303705254866
SERPINB7,0.41685647242646673
KRBA2,0.41681611143037844
ASTN2,0.4167761085762016
ZNF771,0.41676579017203175
SECISBP2L,0.41662296298831103
MUC20,0.4165571294991586
PARPBP,0.4165165924785471
ATP6V0E2-AS1,0.41645480590789574
TRAV12-1,0.41644822791962555
ULBP1,0.4164386924027548
KRT24,0.41641009218979713
PRAF2,0.41634616650188233
DELE1,0.4163396959788444
GALNT12,0.41621774938634626
SGCB,0.41619613696809354
OXGR1,0.41613007940653485
ZNF80,0.41608418974054245
C5AR1,0.416062751367969
IGKV1D-43,0.41602200588842364
TBC1D4,0.41589957932981053
DPY19L3,0.41589391657371905
ZNF525,0.4157795417441159
PRSS21,0.4156961592108461
EML1,0.4156244897853769
LINC02236,0.41550601317374136
GOLM2,0.4155042103095169
AZIN2,0.41535776307627637
PPM1H,0.4150899934131418
NTS,0.4150757837063739
ZNF618,0.4150592557432847
KCNAB2,0.41504577202084364
CXCL13,0.41498848108323605
CARD11,0.41498742532107635
FAM219A,0.41486489410773264
RIMKLA,0.4147582899041536
LINC01139,0.414644938445626
NAAA,0.41460064734798424
SNHG17,0.4145954752953183
AKAP10,0.41457998345005115
LINC02642,0.4145015538656405
TSPOAP1,0.41447876902563857
RILPL2,0.4144777839740115
NCCRP1,0.4144504369496903
ETV4,0.41441745461560453
UPK1B,0.4142036983967062
CHDH,0.4140519549078063
SPATA25,0.41398853179815587
GUCY1B1,0.41398251810599873
CCDC138,0.4139640037684167
TRAV29DV5,0.4139539767871338
KBTBD2,0.41393070190175985
CCDC8,0.4138933855382538
RIC1,0.4138049909755336
TRBV9,0.41378126330416237
IQCK,0.41371463722617036
LRP1,0.4136317570543702
LINC01456,0.4134934327439251
KCTD11,0.41335082420481056
CREBRF,0.41328222606249365
TP53I11,0.41327010533224123
GPRC5D-AS1,0.4130589231207977
VEZF1,0.41259890539155586
RAD51AP1,0.41240509129085273
PMEPA1,0.41233328594135066
ATP8B2,0.4123274570034125
PXDC1,0.41229260199195583
LEKR1,0.412289074689747
LINC00342,0.41226347246874384
IGF1,0.4122392716021098
EDA2R,0.412201286599786
CLDN7,0.4121877483616216
DDX11,0.412168540158244
STPG1,0.4120416857709214
RFX8,0.4120097140432185
P2RX7,0.41189881815109597
PUM2,0.411863976771018
FAS,0.41184498446052625
ACSL1,0.41184234617628157
WNT2,0.4117968931935467
PCAT7,0.4116629220611304
SPINK7,0.41164418941492453
TRDMT1,0.4116297001748457
RIBC2,0.41162432517437
RAB23,0.4115597606366628
GFRA3,0.41153625565621216
GINS4,0.41147801383542787
KC6,0.41145520035918265
POFUT2,0.41132137693206877
TRIML2,0.41127092340842214
RNF32-AS1,0.4111370038943011
SPIB,0.41110276905513365
MAP2K6,0.4110389589884063
ITGA1,0.41098444891645547
SLC2A5,0.41090399756236123
RAB42,0.4108534380830836
ETNK2,0.4108286624609824
CSNK1G3,0.4107126091652139
SEMA4D,0.4107079310590275
SCHIP1,0.4106874306565419
SPRR2D,0.410682148380023
PHLPP1,0.4106421702277402
CALHM2,0.4104625296900197
BAZ2B,0.41031850566169015
XRCC2,0.41024692310840916
CBFA2T2,0.41023133558455915
LINC00885,0.41022690914692655
ZKSCAN8,0.4101914528135306
ELOVL5,0.4101853261878223
ZEB2,0.41010865777856614
FOXA3,0.4100365183857988
ZDHHC23,0.40991604558361044
SLC6A14,0.4099153625502772
NREP,0.40991110709417616
TXLNB,0.4097777354608588
DAP,0.409723000680928
PDGFC,0.4097004293497204
FAM83G,0.40962596221468145
SCN1B,0.40956118443309525
TSHZ3,0.409466684593813
EREG,0.4094262231508983
RC3H2,0.4093662138090894
TRGV5,0.40924376584905575
KLHL15,0.4092265303882778
SH3RF3-AS1,0.4091746164568008
ACP7,0.40911921648287386
SERINC3,0.40910631593990465
ZFP92,0.409006010850598
HOXD8,0.40888337066518526
GSC,0.4088812457098258
SERPINB4,0.40874145797372785
PNMA1,0.40868474078747247
CNST,0.40868070340487306
VASP,0.40860715126358327
RALY-AS1,0.40856626626609904
GZMM,0.40855213766043386
KLK5,0.4085507579016985
OSMR,0.4085352072292022
DZIP1L,0.40851639986029026
TMEM245,0.40848105321315625
MIAT,0.4084683269832703
EDEM3,0.4083939043870504
TFAP2A,0.4082944312252943
TRNT1,0.4081436949946661
CSRNP3,0.40813742239056594
MCCC1,0.40811352791558236
LRCH3,0.40809573045319514
CWH43,0.4080754982468903
WDR35,0.4080324467783985
FARP1,0.40802044528137166
KCNJ14,0.40798731780970066
GMPS,0.40795370497657285
ETS2,0.40795259686531704
DHRS13,0.4079159171144649
ZNF808,0.4078904604233873
SLC25A36,0.4078446240848816
MYZAP,0.4078235547266916
TMEM98,0.4077496302161863
WDR90,0.4077111888451939
SETD5,0.407706098219637
ADAMTS9-AS1,0.4076920381870829
BACE1,0.40769016547035664
NES,0.40768552508900613
LAMA2,0.4076332516342122
PRICKLE1,0.4075698823686367
ARHGEF10,0.4075038858028847
BASP1,0.4074977627712746
APP,0.4074885534174807
GRTP1,0.4074882154460365
PRTFDC1,0.40747952223256856
SEMA5A,0.40745168829490874
RIBC1,0.4074314227985484
FBXO16,0.40735544951711367
KDR,0.4073232336900335
TSPAN4,0.40725424429379065
LCE1E,0.40723049084847646
SVIP,0.4070635721971067
SLC29A3,0.40699234668036144
USP30-AS1,0.4066586782797744
DENND5B,0.40664048562239796
HAS2,0.4065881249069863
NSD3,0.4065448176032459
DNAJC22,0.40649121956442863
ARHGAP26,0.4064619374153331
CDRT4,0.40644278118937904
GSTM3,0.40644262596326214
LINC01605,0.4064274022825412
USP6NL,0.40640765210290325
LRRCC1,0.4063510901844083
CCDC74B,0.40631297892296303
LZTS3,0.40623683810060957
WDR74,0.4062181018907724
ZNF354B,0.4061349112311293
HOXA5,0.40590443926225195
GLB1,0.4058955069087262
MYO7A,0.4058918953269249
CXCL12,0.4058554883980839
EID1,0.40573606818531704
IGSF1,0.40568803955416416
ZNF345,0.4056809526754437
CD200R1L-AS1,0.40559295037017273
CADPS2,0.4054827190323343
ZEB2-AS1,0.4054093602493482
PAPLN,0.4053495242018147
DENND2D,0.40519764077440557
LINC01564,0.4051498899027233
FHL3,0.40505980859807417
PRC1,0.40503088232429857
GRHL1,0.404934340515095
ACTA1,0.4048414769016437
ERCC6L2,0.40482126665442164
IL5RA,0.4046952697936733
IGLV3-27,0.4046534870774026
TRAV30,0.4046492891005447
ESPL1,0.40463524733007256
CCNY,0.4046229059598081
GIMAP6,0.40454295489977976
ELOA2,0.40452485947420996
LGALS2,0.4045155602102459
LATS2,0.4045024938231225
PSD3,0.4044545105365537
RNF215,0.40442398782321826
EXO1,0.40442052883868423
PCSK9,0.4044081683438612
COX20,0.404394798358833
SPRR1A,0.4043636447462671
MAP1A,0.4043197934163374
LTB4R2,0.4042703643997038
PARP14,0.40426851694324284
KCNJ15,0.40422093764100986
TMEM106A,0.4041580081692262
PLA2G15,0.4041561445996957
SRGAP2C,0.4041008475085381
CHRFAM7A,0.40395925767357127
SETX,0.403886348034539
THBS3,0.4038847759654311
UBXN7,0.40383864391745894
ADGRL3,0.40378846436460114
NFE2L3,0.40378115334948245
MVB12B,0.40377480386585773
ATF2,0.4036626586330622
NEK8,0.40364138907978514
GNAZ,0.4035989984582087
FAM221A,0.4035807987581227
PXYLP1,0.40352988587225036
C3,0.40343248398417797
NR3C2,0.4033917838107827
ADGRL4,0.4033401283944611
UTP25,0.4032621109104452
CLK4,0.403246708821223
DTNBP1,0.4029612476293409
FBXO32,0.40294324334079773
CENPJ,0.4029356952738402
GCA,0.4028611089773909
CCDC82,0.40277807238279517
MTFR2,0.40272328687559483
ADGRV1,0.40269421076325224
DEPP1,0.40263170817006616
MGAT5,0.4026301373631711
RASAL2,0.40255670613388866
SLC2A6,0.4025376647903791
NBAT1,0.40247836337161613
PDE8A,0.4024376795980418
SPIDR,0.4023450412418801
ZNF875,0.4023439035352575
NGLY1,0.40233585123045734
POTEF,0.40233491603302124
ATPSCKMT,0.4023264610224757
KIAA0753,0.4022257643944816
TRIM24,0.4021977647340672
HAGLR,0.4021819720057859
C3orf18,0.40217590366788275
TAF1A-AS1,0.40192958488640385
CDC14A,0.4016145795073931
MBTPS1,0.40159029558113807
LINC02609,0.4015696810950679
LINC01905,0.4013814655533704
PIK3CA,0.4013757721179055
PHF2,0.40137564210009474
DYRK1B,0.4012131227675124
SULF2,0.40120482494256393
ENDOU,0.4011877210235263
RAD1,0.4011077321103201
ZNF572,0.40108713853298106
NSD2,0.4009933930441857
SCUBE3,0.4009552085194738
EPS8L1,0.4009178614784026
LINC00525,0.40091780993788567
LINC02348,0.4008827765116249
PCF11,0.4008719323788648
SELENOM,0.40081983724659614
TCTN1,0.4007483193454083
LINC00544,0.4007431025444629
CXCL11,0.40064468431097766
RABGAP1,0.4006421881041911
TRAV3,0.40063016116135125
STX11,0.4004237508218439
COL24A1,0.40036878830612754
IL33,0.400334553070948
RASL12,0.4003203333038126
NUFIP2,0.4002910235971118
WDR72,0.40028150430897846
RARB,0.4002427755332587
TRBV5-4,0.4002116425042966
PRKAR1B-AS1,0.40016824197424367
RNF146,0.40012270895486346
NPDC1,0.40010622691769515
ADAM10,0.40003752918843205
CHEK2,0.4000059315690613
SEC24B,0.39993318292081664
CADPS,0.3995940975440857
KRT1,0.39957776623470737
TAPT1-AS1,0.3995719389275535
MIA3,0.39952133643278115
CD300E,0.399372826582203
HOXA7,0.3992997467561859
MAP7D2,0.39925668334545344
XIRP2,0.3992505472544072
PPP3R1,0.3991387926342755
PARVA,0.3990776603328889
ZNF91,0.3990676053719162
TRBV18,0.39885943607401353
COPA,0.39885022759231353
MFGE8,0.39883292199983666
P2RY14,0.39881759523584626
C4A,0.39872059735892623
BACH1,0.3986862449431844
ATP1A2,0.39865326581046284
HJURP,0.3985583751346917
ZNF134,0.39847887883041805
MIR22HG,0.3984334012394374
TMCO3,0.3984292423350198
AADAT,0.3984259912363876
ZNF790-AS1,0.3984025628812835
PRKAR1A,0.3983710285140284
HOXA10,0.39830450801719064
ZNF736,0.39827227263333304
NCEH1,0.39825309043935897
IGLC6,0.39824925752240126
CNTRL,0.39820612987918697
ALG1L2,0.3981795868549963
LINC02666,0.39807683680876516
GABRR1,0.3980448498977775
ESCO2,0.3980416719646814
ZNF292,0.3980098604337988
GYPC,0.3976776478341278
NT5E,0.3975695923618998
SKAP1-AS1,0.3975219671934593
KATNAL1,0.3975189896011504
TPP2,0.3975154154271409
ANKRD36B,0.3975139456661319
SH3BGRL,0.3974420957274095
ZNF233,0.39742206352411913
SIX1,0.3973901647246951
BRIP1,0.39738186197120057
NINL,0.39734562930725204
MIR3142HG,0.3973338573805758
ITPKB,0.3973312288590056
PLD4,0.39716685840264343
TRIM52,0.39716399832098487
FAM227A,0.3971048909056439
DLX6-AS1,0.3970421187355859
RHPN1,0.3969934974987005
ARV1,0.39683795926826454
SOSTDC1,0.39673774064815565
TRAV19,0.39660669405658855
ZNF652,0.3966045365311837
KIF26B,0.3966030235968427
TMEM243,0.3965563900112901
LYPD5,0.39652579613173794
P4HTM,0.39651470783488196
THBS4,0.39648125447411176
LOXL4,0.3964699347513937
PAFAH1B1,0.39643075265522737
IGKV1D-17,0.3963461822088626
SLC43A2,0.3963185389178788
ZNF486,0.39622555021413014
ASPHD2,0.3962154868116155
TMEM201,0.39617157142749077
ZNF554,0.39611082334096664
SULT1C4,0.3961049402841893
ERBIN,0.39594781623585507
EPS8L2,0.3959316857573993
AREG,0.39590419619704603
GNA12,0.39585249340420486
LINC01977,0.39584845723461415
YBX2,0.3958481487209934
USP13,0.3957915726384071
MYLK,0.39577664106613997
RBM7,0.395717856162398
ADCYAP1,0.3955724464789389
POGZ,0.39557173295970066
MLKL,0.3955601629881878
DUOXA1,0.39550789961306154
TRBV29-1,0.39550417880727806
AKAP11,0.3954995362210011
CCNYL1,0.39546119028872745
ASH1L,0.39544707585598804
CADM4,0.39534440148899086
TRBV12-4,0.39528662873931203
KDM7A-DT,0.3952755405528454
LINC02428,0.39519253359452655
UACA,0.3951118133463698
C20orf204,0.3950551626192206
PFKFB3,0.3950487085704014
ANKRD65,0.3950022791604297
FAM66C,0.39498123438591193
KLRK1,0.39489277200085915
SAPCD2,0.394844886564038
STARD4,0.3947991299117253
DCUN1D3,0.39474590256699776
TMEM14A,0.3947158220565145
MSC-AS1,0.3946922498179096
STK36,0.39463785978070476
ZNF264,0.39459835528665727
KRT75,0.3944197873763642
CKMT1A,0.39415588181051314
ERBB3,0.3940331963715898
KCNQ1OT1,0.39402611144129923
ERO1B,0.3938273900347314
FMR1-AS1,0.39372669682175304
TLL1,0.3937009792125229
COLEC11,0.3936385019697464
ITPRIP,0.3936001668046984
HOPX,0.39354449098848276
ADGRF4,0.3935220445717277
CYLD,0.39347238601881673
MLLT3,0.39343013112909336
PRRG1,0.3933629315649562
NLRC5,0.39328373216267487
SLC9A2,0.3931840223475009
PIK3C2A,0.3931412680634689
COMP,0.39313835232176225
KLHL5,0.3931196378828493
DCDC1,0.3931193423818402
CNTN5,0.3931151125798
PRRG4,0.3930232946512716
CYP4V2,0.3929785161851806
KDELR3,0.39278439417525224
RGS19,0.3926327138377656
RUNX3-AS1,0.3925672813866755
EPS8,0.39254240617699643
CYGB,0.392484979065968
CDC42BPA,0.39247788282978363
LINC01980,0.39246420776344026
GPR35,0.3924182653870238
FEZF1,0.3923720714442701
HYKK,0.39232425670913795
TXNDC11,0.3921165719513145
MCIDAS,0.3919339169706529
FAM120C,0.3919212285521587
IBA57,0.3918988123682148
ZNF28,0.39180546789175313
LIMD2,0.39176426519294905
RALGPS1,0.39175837040574596
NEURL1B,0.39175752639006056
DUXAP8,0.39174980847733487
ID3,0.3916981749683857
MAGIX,0.39164332931941903
LINC01186,0.391575469463536
IL1RAP,0.3915178990051226
PTPN18,0.39141052673204285
EXOG,0.39137941312480135
SOAT1,0.3913657025408632
TMEM248,0.39132560272324296
DIAPH3,0.39131536462105504
PPFIA1,0.3912818573362232
DOK3,0.3912139077910203
TTF2,0.39109227051799905
ETV5,0.3910009099323169
ZNF318,0.39098391409360433
SV2A,0.39093740950636946
GPX2,0.390912535908475
GPRASP1,0.3908647027054002
SLC10A7,0.3907178715038994
EBF4,0.3907045530712875
OSBPL7,0.3906640006507134
PTPRB,0.3906242688416887
IPO9,0.3905902411305904
ACVR2B,0.39056775797357685
NEO1,0.39054724083516207
SYDE2,0.3905158034462413
SEC61A2,0.3905052439071355
ZBTB12,0.3903932741323801
CCDC57,0.39026615363926326
GPRASP2,0.39025260989807375
DTL,0.3902094291100698
LEPROTL1,0.39017548103330113
KIAA1958,0.39013324489196893
CPE,0.39012012939835367
ZNF169,0.3900305012178244
DICER1-AS1,0.38998686732942295
MAN2B2,0.3898510705817456
C2,0.3898386128231931
NNT-AS1,0.38974096994349067
PNMA6A,0.3897376773120926
SCN9A,0.38973150654530925
TMPO-AS1,0.3897115988837185
POLK,0.3897036010815485
PDE9A,0.38968662063680987
REPS1,0.389662493512251
MNX1,0.38964233441746343
ALDOC,0.3895570441601711
FLNC,0.38950410691129594
OTULINL,0.3894885333520521
ABHD11,0.38948002127255044
C5orf34,0.3894375680855128
MAGEH1,0.3893972423370576
NBPF9,0.3893791972298004
FYN,0.38933371513672277
SLC10A4,0.3892962256233808
SELENON,0.38921604078675104
AMY2B,0.3891993276285308
S100A7,0.3891619005437481
ZNF701,0.3890348058702051
ALKBH5,0.389033394446491
DYNC2H1,0.3889495395697796
TRIM38,0.3889004949458471
PTK2,0.3886796559754442
KIF7,0.3886729486276894
IGHV3-64,0.3886718379138051
IL15,0.38862379140643605
WFDC5,0.38861051812127845
STX12,0.388531625915312
LINC00954,0.38850699737571964
LRP5,0.388473599924485
WDCP,0.38847331170947974
BRD9,0.38835448965911534
TRAM2,0.3883420634737399
CLEC5A,0.38829338920376627
RCN2,0.3882161735492529
LMOD2,0.3881862616282952
ATL3,0.3881800310860436
LONRF1,0.3881514548397992
UBL3,0.38813799853900244
C1QTNF6,0.38802525993943066
DGKH,0.3878399028719468
PTK6,0.3877682901995497
IGKV1D-33,0.3875385152134395
ANKRD10-IT1,0.3875200645071851
RAB15,0.38751736966096656
HULC,0.3874279897503719
DPF1,0.3872502309366819
HAUS5,0.3872467309158301
CDC45,0.3872335444802128
SH3BGRL2,0.3871699716155982
ELAC1,0.3871477852208731
CXCR1,0.3871466614713456
PARP11-AS1,0.3871397881762217
ATP10D,0.3871347621131825
SDS,0.3870867054275325
CRYBG2,0.3870073869804705
CYP27C1,0.3869497852875121
PLA2G2D,0.38694928531913747
POU2F1,0.3869157069804057
LRP8,0.38687855493381207
VPS37D,0.3868742727393559
AHNAK2,0.3868703859005294
RPGRIP1L,0.38680003431783366
PGLYRP4,0.38676754056391
ATRX,0.38674078088768077
TBC1D5,0.38663929938251745
PRDM5,0.38660216102676803
TMPRSS4,0.3866007084120526
SH3BP5-AS1,0.38659651374851567
CLEC18B,0.3865830487955298
TEAD2,0.38657229094289414
BATF2,0.38655325313585964
FLI1,0.38654095475137124
GPR173,0.38647652044052105
KCNK10,0.3864528031006426
COL28A1,0.3864492315459035
HR,0.3864041796752324
RPS6KA3,0.3863976735580689
GTPBP3,0.3863437696093675
GPR156,0.38611141325194936
C17orf113,0.386106270294604
FNIP1,0.3860605783321218
NXPE3,0.3859761969005234
CYP4F22,0.3859261886341423
GMDS-DT,0.3858688018384431
LUZP1,0.3857967327221915
UGT1A6,0.3857965274258653
SACS,0.3857012757406588
IGFBP5,0.3856784502912429
NPM2,0.3856769240025897
PIK3CD-AS1,0.38566557446217536
CCR3,0.38564274089392786
GBP1,0.38563501911576364
NME8,0.3856336868392801
ITPKA,0.38557995882517143
NYNRIN,0.3855190291621475
ABCG5,0.3855075327946616
ATXN2,0.3854173421928887
CAMSAP3,0.3853836824348625
ARRDC5,0.3853672132870888
RUNX2,0.3853064269481191
SLC25A21-AS1,0.38527891615644755
EPS15,0.38518148376558675
MBNL1,0.3850436764843272
FAM20A,0.38493153549914993
BAALC,0.38482603834586643
ABI2,0.38480911392359596
ZNF280C,0.3846886638363796
RIF1,0.38468630298639195
NEDD9,0.38468404079727475
ILF3,0.38465512437007937
CCP110,0.38460545447291233
SEMA4C,0.3845230790817435
MGP,0.3845138895422831
ASIC3,0.38446714159769957
PRNCR1,0.38444403116202114
KYNU,0.3844175217421879
ZNF566,0.3844053854305575
ANKRD36C,0.38440220605659153
LZTFL1,0.3843667041983153
SLC35B3,0.3843619780699847
SMC4,0.38435717255958857
TEX41,0.3842529436507633
RNASET2,0.38416494938226287
KLK12,0.38415632403478894
LYPD6,0.3840578351351839
SMG9,0.38394925720685463
TSPAN2,0.38391418830184365
RARRES2,0.3838712828055233
SMTNL1,0.38380539952287174
TM4SF1-AS1,0.3837761508257825
CA12,0.38376562450173435
HAPLN3,0.3835993026243912
LINC02562,0.3835565000723372
CFAP92,0.38353818154720687
EYA2,0.3835171073427906
LRRC18,0.383499944137508
TRAV26-2,0.3834130660894625
CYB5D2,0.3834109753837813
MIR2052HG,0.3833527111872015
ACE,0.38334020128115603
SPRR2F,0.3833179085591846
ABL1,0.3832343917076306
FCAR,0.38316193440596796
ZNF507,0.38315337065259036
GRPEL2,0.3831431094481201
KLHL41,0.3831221900353806
TSC22D3,0.3831193304282091
PLEKHG6,0.38311911028752943
NUAK1,0.3831077738009856
LINC02829,0.3831069742120411
ASB3,0.3830332385747771
VWF,0.38299128492206486
PTCSC1,0.3829515434115326
GDPD1,0.382756809456929
TP53INP1,0.3827497350190259
SMC5,0.382734421045112
SRCIN1,0.3827295935967927
COQ8A,0.38267055684517476
SPCS3,0.3826666874558596
C19orf47,0.3825974808399351
ELF2,0.3825875677162791
COL4A3,0.382522712022326
SCARA3,0.3825140739784202
NOP14-AS1,0.38247205502046977
PTH2R,0.3822995510341655
SAMMSON,0.3822208456924009
FAM13B,0.382167405680288
NHLRC3,0.3821133865608675
GABRQ,0.3820395435225624
ZIC5,0.3819685805116097
KCTD20,0.3818360414788198
RAP2A,0.381835352418047
MAGED2,0.381824027139528
GAN,0.3818084716322703
MEGF6,0.3817618814264368
AGO1,0.3817128488625714
PPIP5K2,0.38167139915918685
NEMP1,0.38165952881135773
MMS22L,0.381624663187737
TYMS,0.38160932938515735
CEACAM21,0.3816044077937846
TMEM200B,0.3815395458225769
STAC3,0.38153227710438276
SCML2,0.3814365322145253
ZMYM2,0.38142314737863675
STOX2,0.3814134323980322
SLC37A1,0.3813613537267466
APC,0.3813437973779545
MLLT6,0.3813267031090935
RMI1,0.38132057789145685
ADD3,0.3813183191116224
FAM168A,0.3813037087863503
LINC02621,0.38129923817551864
UNC5CL,0.38124803369670723
ZNF354C,0.3811780482635962
ACTA2-AS1,0.3811473854411917
KCTD3,0.3811409819126624
ATP10B,0.38108498061066115
FAXDC2,0.3809890424565245
GPC4,0.3809873632809879
TMEM39A,0.3808509242540355
ARID2,0.3807062545191139
TSPYL5,0.38070365085298374
SESTD1,0.38062738554519776
PPP1R13B,0.3806170460894026
VGF,0.38060481469109747
TBCCD1,0.380599544293256
SLURP2,0.3805441314252201
SNCAIP,0.3804897925787677
LRRC37A3,0.380403550618117
NPC2,0.3803928464955619
VENTX,0.3802659695112326
ZNF132,0.38018635659643474
PRKAG2,0.3801690902281842
C6orf136,0.38009508530697206
RLIM,0.38005601837160874
SLC17A9,0.3800553876108533
C1QTNF12,0.3799982569198897
SLC2A1,0.3799685931656469
FRYL,0.3799447763350138
ZNF704,0.3799198290965696
LIMD1,0.3798472857660365
USP11,0.3798376768279558
CD22,0.37981704159891155
CMTM4,0.37964100032560577
ZNF257,0.3795985897930589
ZNF780B,0.3795941764329211
ZNF682,0.37948368002345506
TMEM43,0.3794593344188835
RFX3,0.3793730133737019
GBP5,0.37936359140507725
CARMIL2,0.37922127971665576
LINC01833,0.3791762643065304
ANO7,0.37917394023966927
CLCN5,0.3791584364125555
CENPM,0.37912182972036207
OVOL1,0.37904938931860693
INO80C,0.37902720035363024
GPR15,0.37894739871845745
ITPRIPL2,0.3788832085934934
SNED1,0.37887279830147474
GOLGA8N,0.3788223716171382
CPEB4,0.3787951625878217
ZNF3,0.37872876061342714
PHKA2,0.3786704857044081
FKBP15,0.37859090578489657
GMCL1,0.3785754876945409
CREG2,0.378541854005387
GATA3,0.3785317793058658
ELL2,0.37851891682120237
PELI2,0.37849795042637985
CBX6,0.3784929041126354
POLQ,0.37846882332646237
MYOM1,0.37840322775440244
LINC01981,0.37831175773509773
C17orf100,0.378288003668954
VWDE,0.3782714872430316
MAPK8IP1,0.37826849349358477
BVES,0.3782314645409653
PLEKHG4,0.3781803949874181
LAMP3,0.3781166896128806
MSH2-OT1,0.3780066811070178
TMEM30A,0.37800096576730746
SDC3,0.3779760670184891
MYH7,0.37796806956129303
PRKCZ-AS1,0.3779488392147043
LGR5,0.3778323709712284
PARM1,0.37772371681009687
CHKA,0.37771906989353166
PGAP4,0.377641075481949
ELDR,0.37762859231742535
PAH,0.3775546777859762
KRT74,0.3775234989349522
C5,0.3774970540514326
ZNF365,0.37749391984552233
SGCA,0.3773716403398953
HOXA3,0.3773419444797541
HLA-F,0.3773303463044159
ZNF41,0.37730791085512055
FAM201A,0.37728545669479313
SOS1,0.37724852902305867
DOCK4-AS1,0.3771833557839661
NEK6,0.37711960394881755
NFKB1,0.37704498924002267
LINC01281,0.37703802062724295
DLGAP3,0.3770231506519269
TCF12,0.37693288632251765
NPTXR,0.3769262401379003
AP3B1,0.37691213415956654
MEI1,0.37688957524247246
MIR600HG,0.3767527462851925
GATAD1,0.3767381351505227
PDE4D,0.37660698918261803
PDPR,0.3765858915833837
ANKRD26,0.37656858772245894
GUCY1A2,0.3765284103718471
MPP2,0.3765034665018121
ALDH6A1,0.37646882111922836
ZNF565,0.37644172126775205
TRBV7-2,0.37643826431427874
SSC4D,0.37639048510936557
WFDC12,0.3763237090437467
SLC38A2,0.3762535669184938
LINC00665,0.3762489641316044
ADGRE3,0.37624595621823037
MALL,0.37620350791274554
SERPINE1,0.3761999382813547
KCTD10,0.3761228202383345
UPRT,0.37610699314806284
CASP4,0.3760458526853091
LINC01063,0.37597786511912795
TCEAL1,0.3759476611589663
CD59,0.3757294265584632
MSL2,0.3755538651811463
FOXO1,0.3755131791377749
ARMCX1,0.3754739422693493
CBX5,0.37540806313741504
STEAP2,0.3753576717033402
ZNF791,0.37526382346999715
COLQ,0.37525503416026
CC2D2B,0.37524209751696197
NPAS1,0.3751953994446458
STARD13-AS,0.37513439662639525
MAL2-AS1,0.37507917079827174
BARX1,0.37479968846035705
PTCSC2,0.374793543257827
TBC1D30,0.3747819108733557
TRAV36DV7,0.3747715968677636
TNFAIP8L1,0.37466208081627006
ZNF92,0.37455191685998723
COL7A1,0.3745153783350901
RHBDL3,0.3745046933879272
FGFR4,0.3744570588891142
SEPTIN7,0.3743418257174884
LINC00240,0.37431904475349
ERAP2,0.3742789311476171
SLC25A19,0.37427735407073837
APOLD1,0.3741493405650637
DLL3,0.37413406542759253
PROX1-AS1,0.3741177717683601
ABL2,0.37411669750303483
CCDC144NL-AS1,0.3740478884642693
PHF12,0.37400557606631596
IGIP,0.3739606863029583
XIRP1,0.3739573032182332
HLA-DQA2,0.373942932074404
LIMS1,0.37391795109925
CHADL,0.37389969277330387
ROBO1,0.3738850276404319
SWT1,0.373830623219049
HECTD2,0.373798183272474
SMAD6,0.3737886072677214
SEZ6L2,0.37378458296560807
ENDOV,0.3737210849135573
PHF8,0.37371290412466296
UBR1,0.37366893254128764
IGKV2-28,0.37360565826925557
GJA3,0.3735594733069164
DNMT3A,0.37353933340845363
ACTN2,0.3734849926801211
ATP6V0E2,0.37342661983058717
IGFBP3,0.37341597575665514
CLEC7A,0.3733956215127384
PJVK,0.3733516749597231
DNAJC27,0.373343815631948
MDFIC,0.3733378351143403
SULT1A1,0.3733377411077359
EPCAM-DT,0.37333207819992215
LINC02576,0.37331078316236765
IGHV2-70D,0.37330495308941647
NSUN6,0.37330109241428083
ST3GAL6,0.3732940124724461
TBCK,0.3732881138518653
C19orf12,0.3732800474555544
WAC,0.373206104072782
PLD3,0.3731520714746273
THBD,0.3731380335222883
LINC01111,0.3731180773486808
RAB27A,0.3730844626503137
PLPPR1,0.37305054593258186
ABCA13,0.3729328414131484
TRIP12,0.3728824099474063
CIBAR2,0.37287332044896465
UGCG,0.37286041417244675
SYT17,0.3728596893006281
MAP3K9,0.37282426764971244
CNTNAP3,0.3727532897266408
CAPN10-DT,0.3727351542773234
ADAMTS9,0.3725882723650304
MARK1,0.37253208871198734
EPB41L3,0.37245041757158337
AACS,0.3724048151633243
CDK20,0.3723669334171757
ACVR2B-AS1,0.37233974683927956
GBGT1,0.37232852971116415
TM9SF2,0.3723149076891115
IGLV4-60,0.372307327515568
TUB,0.3722618338559078
TSHR,0.3722208325356418
KLHDC4,0.3722138538264507
ZNF619,0.3721976302391199
ID2,0.3721605730704128
RELB,0.3721209707702036
TSPAN15,0.372100649681586
FAM107B,0.3720765414344816
FAT4,0.3720710090458941
OSBPL9,0.3719921427006554
CRAT,0.37199078726228646
BRD3OS,0.3719854212181463
DHX33,0.37194262701318703
MICAL1,0.3718882681468978
RAB19,0.37187855911482287
ACKR3,0.3718784153655543
HOXB9,0.37180927797962715
CEP70,0.371747311024249
ALOXE3,0.37173497183465987
N4BP2L2,0.3717316062550049
EPB41L2,0.3716621228522422
TMEM45B,0.3716096803619902
ZNF594,0.37154517912783486
IL10RB-DT,0.37154182726517704
BICD1,0.3714468516252624
IL9R,0.3713892730294639
FAM229B,0.371364045115786
ART3,0.3713626370427956
COLCA1,0.37135016476956134
SLC30A1,0.37126159603928904
MYOZ2,0.37124762672397327
WDR19,0.37109808200092204
MYBPH,0.37109347378490226
OARD1,0.37103694756159006
BEND3,0.37096390301683907
B4GALNT1,0.370908759487344
EMP3,0.3708460528198883
KCNMB4,0.37078651938025214
FAM3B,0.3707651134814682
LMTK3,0.3707614446943303
SPINDOC,0.3707059946401967
PPP1R10,0.37070148254968616
PNPLA1,0.37066516504716657
LIF,0.3706631166598976
EXTL2,0.3706094060565277
ACBD7,0.37052470984179203
ZFP90,0.37045154874094777
MB21D2,0.3704444606983997
FAM27E3,0.37040357661714596
SFXN2,0.3704025954448433
LSM8,0.37036049792021525
CLIC5,0.370341801257893
MYRF,0.37033971072267224
BBS12,0.3702263690237868
EPC1,0.3701176035614103
RASGEF1C,0.37011654755237644
TRAV8-3,0.370101868063033
TRAV38-2DV8,0.3700267783390513
TIFA,0.3700248720239959
ONECUT1,0.369890443698324
FBXW7,0.36980839701786206
CCL3L3,0.36973174643239193
GAL,0.3697002154577569
CEP350,0.36966819456804356
ZNF181,0.36964404536320744
PAMR1,0.3695900517508299
CTDSP2,0.3695742368894123
EHD4-AS1,0.36950345796248973
CYSLTR2,0.3694677238393741
PLAC8,0.36943289553808273
MZF1,0.3694263670180917
TXNDC5,0.3693903328462006
SENP2,0.36935658837056273
CPSF4L,0.36932849280014257
ENG,0.3693065275266636
CDC14B,0.36925165026921214
STT3B,0.3692146671855306
CAP2,0.3691991958093758
PCMTD1,0.3691367331448272
PTPRN2,0.369123667919515
MIR193BHG,0.369107754989372
ELF1,0.36909460145992434
CFI,0.36908648762900637
ZCCHC3,0.3689439960866234
TNFSF11,0.368926952995141
IL17RB,0.3688989246162608
TRPM2-AS,0.3688572816190466
PPP1R27,0.36884734492323223
GPR146,0.36880180188019923
ZNF577,0.36879411566756537
C2CD5,0.3687629410377685
CFL2,0.3686255001433964
GNPDA2,0.36862408279843356
PCCA-DT,0.36857999795283775
CNGB1,0.3684829458025505
PTCD1,0.3684541370952324
FRAS1,0.36839775821854037
LEPR,0.3683831821007568
NLE1,0.36838247311528133
STPG3,0.3683586633356289
XKRX,0.3683444493310788
ATAD5,0.36832191199442343
LINC02298,0.36828288145720134
B3GALNT1,0.36827148328275094
ZNF420,0.3682463264245042
RARRES1,0.36820193688221015
HOXA-AS2,0.36815367458266657
ZNF582,0.3681483291903268
PYROXD2,0.36806660440755323
MTA1,0.36802004719932097
SGCE,0.3680073993028223
SMC6,0.3679029178394244
BPIFC,0.36779650747700277
KLK10,0.36769843266272295
GPR27,0.3676841614791259
BAMBI,0.3676774914191184
GADD45G,0.3676740042702063
P2RX6,0.3676667823504924
CNNM1,0.3676018402450596
KLF5,0.36752192495097913
GSR,0.3674801548624358
ZNF610,0.36747058241858493
C10orf71,0.36744952196677155
FAM184B,0.3673811838159367
FAM241A,0.3673429864838978
RFC5,0.3673292924613589
GABARAPL1,0.36725974454912635
MCM5,0.3671768455487741
CABYR,0.36716945927487105
TRAM1,0.3671688859222171
SLAIN1,0.367079690619948
AK5,0.36697448422947637
CELF2-AS1,0.36695791597629024
ARL14EPL,0.3669323781471711
RNF166,0.3669311759862587
CAMTA1-DT,0.36693074814591636
GSTA1,0.3669009987549261
SASS6,0.3668802957071276
ZNF75D,0.3668642549275449
SOX21-AS1,0.366797413707114
LINC02832,0.36678874657931215
ANKRD44-AS1,0.3667661073158582
SPHK1,0.36669604893842284
RHOA,0.3666288393205041
GNGT1,0.36660386530222827
ZNF606,0.36659092132230026
SH3RF2,0.36656825435890983
GSTA4,0.3665604320429339
ARHGEF12,0.3665162082734044
PRKG2,0.36650292722556566
RHOD,0.36649482129734395
TNPO2,0.3664161900585444
HSD11B1L,0.36638904968854696
HSD17B14,0.36633314896530134
MAGEA10,0.3662201428033065
HRH2,0.3661186497091825
HELLS,0.3660731775791268
GAS5-AS1,0.36605150424165656
KLHL26,0.3659939847060841
LINC01792,0.36588165837753406
MIR3659HG,0.36585327735965667
PIMREG,0.3657659888401142
GRID2IP,0.36572577657210165
SUGCT,0.3656770238517865
FAM222A,0.3656712147166306
SENP5,0.36563690036042845
DUS4L,0.3656259411463164
HOXB8,0.3656258467849962
PRSS27,0.3655913778463206
ADAMTS5,0.3655872227588528
CALB2,0.3655355505641806
ZNF221,0.36548515976409535
AP3M2,0.36540734356368587
PRR9,0.3653910145938307
FCGBP,0.3653780441113134
GLT8D1,0.36534410190037453
HLA-B,0.3653396068507133
EID2B,0.3653358940292602
DNAJB9,0.3653073735840468
LINC01535,0.3652955852318664
MAP3K14-AS1,0.3652930097253391
MYO3A,0.3652705627022941
FAM78A,0.36515740363175225
MSL3,0.36512262308910753
MINCR,0.365117611991163
LNP1,0.3651017119887639
SOX1,0.3650750282930113
RASGRP1,0.3649985589544182
RGS9,0.3649930079550197
CCDC26,0.36499120213314223
LINC02605,0.36498414823375214
ANKH,0.364966625306804
PCDHGA3,0.36495522719450085
TMEM71,0.36486492636974066
MYOM3,0.36484773112978436
CDC6,0.3647122311960476
ZDHHC4,0.36467164601757196
CD99,0.3646631355385771
COCH,0.36462744125442387
SMO,0.3645643281719682
DGLUCY,0.3645099115666319
TCIM,0.36439615103952794
ANKRD13B,0.3643796153684707
MESTIT1,0.364372199626141
PAFAH1B2,0.3643397794242109
MIR924HG,0.36432506995429675
OXTR,0.3643227050762716
GLA,0.3643003960644893
MBTD1,0.364257597861663
ZNF555,0.36422615403956626
AFF1,0.36411842504071956
VPS13B,0.36408449277703586
CLEC4A,0.36406304235703346
TXNIP,0.3640182926066318
BBS10,0.36395442065936273
TNFSF13,0.36394713291709085
LY75,0.3639186888215404
ZNF519,0.36389961774719837
ZNF493,0.3638761472377594
ABHD1,0.36386851690733074
TNIK,0.3638381178739735
CEP152,0.36382935131804606
CD38,0.3638260210648435
BIRC3,0.3637239569526744
TFRC,0.3637001040075683
MNX1-AS2,0.3636123608166287
ST6GAL2,0.3635518209995581
KCNE3,0.36352212679204327
TTC13,0.3635183916460895
APOBEC3F,0.36351489422961875
CYP2W1,0.3634865831390434
PRPSAP1,0.36342737199878505
NLRP6,0.36338148509096957
CD209,0.3632630257472004
RRM2B,0.3632053554342217
RNF223,0.36316964115638134
ST3GAL5,0.3630210957475414
LINC01133,0.3629651584095327
ZNF8,0.36294883253499566
MTMR12,0.36294656502997863
LONRF3,0.36294320594704893
TSPAN33,0.3627089984666984
ZNF141,0.3627056876677182
OGFRP1,0.36268248322378477
UNC45B,0.3626652239300972
SLC6A6,0.36266054000361464
FBP1,0.362623647696809
TPRG1,0.3625518954356143
ZNF620,0.36254891647482784
PIPOX,0.3623797679433196
CCDC7,0.3623564216110407
FADS3,0.3622451687787121
CGREF1,0.3621439830564949
CLCA2,0.3620874981954571
TAOK1,0.3620440390981858
ZNF497,0.361972709266181
CLEC2L,0.36189871143789043
PTK2B,0.3618738814662476
SNAI2,0.36185259673327713
EPSTI1,0.36184139838661744
SYPL2,0.36181129341821444
DZIP1,0.36177351750718867
FAM83C,0.3617595018770018
PRKG1,0.36172851402564554
ZNF443,0.36165488934462103
RNF103,0.361585209726619
ADAP2,0.3615572379943116
ANGEL2,0.36154391626889537
PABPC1L,0.3615245452285743
ARNT2,0.361407237234373
ATP13A5,0.3614029057275697
PODN,0.3612170424064944
CCHCR1,0.36121651035561797
ATP8B1,0.36110308553623516
SERPINB8,0.3610709791752607
ILDR1,0.36092740111130966
LIPK,0.36090689226086
TPSB2,0.3608916367287759
TATDN2,0.36086606731235127
AHCTF1,0.36076876508765304
MX2,0.3607225137725729
LIFR,0.3606791246987957
LINC01144,0.3606210588807956
FEM1C,0.3606062467293893
SACM1L,0.3606057167630064
CHST11,0.360534032023171
NFE2L1-DT,0.36050006786843575
FUT10,0.3604622934896112
STS,0.36030851551839294
TMCC3,0.3602995126979163
MYRIP,0.36025814030428865
ALOX12B,0.36024314119066475
CEP83-DT,0.3602340856405906
EPHA7,0.3601814307176275
AGAP4,0.36004492342147
ZNF37A,0.3600360007896418
PPP3CC,0.36001156900925846
PTGDS,0.3599006674994608
PHOSPHO2,0.359820590473508
RBM11,0.3597379351340333
RASA1,0.35973630017321695
FAM131C,0.3596878972821628
ATP6V1E2,0.35967663522388066
DROSHA,0.3596759176442859
COL14A1,0.35965442599884323
ATF6,0.35962215246712587
LINC00898,0.359619535919282
PRKCA,0.3595508763370242
CLU,0.3593777466660248
ICAM2,0.3593742222086146
ABCA12,0.35933187830944624
SCMH1,0.35923163922654827
ZNF517,0.3591704031576704
ZNF224,0.3591612529513526
RGL3,0.35911945071621876
CACNA1C,0.3591044810306676
SLC26A1,0.35907277413436234
MCF2L,0.35907241242067817
CDCA2,0.3590515000091364
NAGA,0.35899432361902617
MTBP,0.3589332771311133
PIP4P2,0.35891971837122927
CD40LG,0.35891883878430403
MKLN1,0.3588136967072453
CLIP2,0.35872795330924184
VPREB3,0.35870376541999915
FLRT1,0.3587030574978066
GPRC5A,0.3586846825353633
LINC02084,0.3586647725693743
FLRT3,0.35862354203629243
SLC16A14,0.35861407469698364
POU2F3,0.3586044781074255
DCST1-AS1,0.3585824307996029
SENP7,0.35854950361818977
PDE5A,0.358480535522729
MORN1,0.35845978646265325
WASHC2C,0.3583751417376347
LGALS12,0.35831186017057093
SEC22C,0.3583028072157517
SKP2,0.35829579847797793
FSTL4,0.35829487083971306
USP25,0.3582850637119415
PTAR1,0.3582763906060902
NCKAP1,0.35820010171419325
FBXL13,0.3581875842133311
IP6K1,0.3581633121360511
ANG,0.3581120014278465
PPL,0.3580571652003355
ROR2,0.35803511638740443
TRIP13,0.3579896807443521
FFAR2,0.35798797417100786
ABCC4,0.35795101449255295
MSX2,0.35789248775637883
NADK2,0.3578519023475868
ZNF862,0.35780815014418293
ZNF189,0.3577407987877338
IGSF10,0.3576993478439937
TIGD3,0.3576851948197194
FSIP2-AS1,0.3576671622483905
NRSN2-AS1,0.3576610905325458
PNPLA3,0.35757010010921436
ARFGAP3,0.35756877756251504
SLC25A33,0.3575171283245089
CREB3L4,0.35747776554077104
TTC9,0.35746330723020875
GOLGA7B,0.357443845771961
BLNK,0.35735293307555266
RSBN1L,0.3573161559346014
WNT5A,0.3572737210044064
ROCK1,0.35726722360108676
TNFRSF10C,0.35724701959752136
ALDH3B2,0.35724036737553655
CDT1,0.35722631857609993
BRI3BP,0.3572132473069135
HRC,0.3572049727946561
TRAV1-2,0.3571893517551466
DNAJC18,0.35715145536557374
TMEM86A,0.35713841133780727
TGIF2,0.35713405473525495
RIPOR3,0.35708773544513234
HABP4,0.3570759719210084
SOD2,0.3570241467165508
PIR,0.35694951609688846
RCAN1,0.3569364199012642
ZNF100,0.35692258555095985
MIPOL1,0.3569053140966671
PDGFA,0.3568900838668491
NIPBL,0.3568460670348349
IFIH1,0.35684130131377473
DPYD-AS1,0.3568280857875598
EHHADH,0.35682073702882455
IRAK1BP1,0.35680623536607003
TNFSF15,0.3567463370374028
ASPH,0.35666272676823696
IL17RD,0.35655158480236254
IRAK3,0.3565468959684148
SPTLC3,0.35649498290753395
BICDL2,0.3564812455479531
TPD52,0.3564268883397476
APOL4,0.35641203644549807
BTN3A2,0.3563943820121406
ATP11C,0.35638409162153856
CEP19,0.35632541075971264
A2ML1,0.3561836465917974
LRRC70,0.35610586530073335
VGLL4,0.35606537594075827
LINC01208,0.3559854821831874
SLC25A42,0.35597939788427907
CRBN,0.3559670860029401
APOL2,0.35595758771659347
TRAIP,0.3559439220742541
TMEM263,0.35592915962841837
EBI3,0.35592842654193657
SLC39A2,0.3557773352789564
RDH12,0.3557388879518009
ARHGAP32,0.3556891443660354
KIR2DL4,0.3556769181832504
DCLK1,0.3556666795377174
TMEM94,0.35554017218987877
CTSF,0.3554952553068584
IFT80,0.355477901669459
TMEM40,0.3554446079844385
KCNK13,0.3554171116955951
HEXIM2,0.3553650603244383
VPS35L,0.35535812322196164
ACTC1,0.3553487949271302
TBL1XR1,0.3553484665443221
PRR15,0.3553237133090615
BAZ1B,0.35531715595791463
MAPK10,0.35527491392566496
ZNF506,0.35520571731344147
POLR1G,0.35515699408715434
KMO,0.3551550404136746
CHTF18,0.35512919823974287
INPP5J,0.3550325561286358
CRYAB,0.35500388060422117
B3GALT2,0.35499932583932287
TMEM200A,0.35498219136303577
CFAP20DC,0.3549804767914378
ZNF230,0.35496374307571865
EVPL,0.35494278607431806
BUB1B,0.3549284743277903
SGIP1,0.35491017564713606
NCAPD3,0.3548564593876381
GPLD1,0.354816586685978
WDR81,0.3548106687392433
ME3,0.3547742895414666
THSD1,0.35476947625509925
MXRA7,0.3547475196671759
RIT1,0.35472278167551463
NBEA,0.3547039467441299
ZNF764,0.3546985162396727
FOXD3-AS1,0.3546006016752949
ENAH,0.35458731489792306
FOXO3B,0.3545620693047952
KREMEN1,0.3544770774165893
MS4A1,0.35443221684376447
ZNF208,0.3543641803510972
B4GALT1,0.3543111712035918
RASGRP3,0.3542575083585853
ZNF569,0.35421694425199834
LTB4R,0.35417277531133756
MS4A4E,0.35414470921397373
TSGA10,0.35413381131834537
SLC6A8,0.35412467823741695
MCM2,0.35403694301362554
OBSCN,0.35403251051157486
RAD51D,0.35395180709609964
APOBEC3H,0.3537238909354521
CHAF1B,0.3536891382898592
ADGRL1,0.3535351873610015
LINC00519,0.3535179590885359
BMP2K,0.35335970494230395
KLF6,0.3533484367042988
CHRNA9,0.35332428832277263
TBC1D15,0.35327045473774743
ADGRL2,0.35323957948911333
LINC01907,0.35322370678946907
MGA,0.3531998724530038
RBBP8NL,0.35308872632837845
TMEM44,0.35308411964830655
OGT,0.35301015283848924
CDK5R1,0.35299628893531015
TAS2R19,0.3529553999411201
WRN,0.3529445597797155
RAD51C,0.3528993699509384
FOXA2,0.35288454667658853
ADGRF1,0.352865490381338
NFATC4,0.35280228919100404
UBAP1,0.3527283625571265
TGM2,0.3526764039436529
SAP130,0.3525963993678416
TRAF5,0.35254234304715437
GLRX,0.352531802655096
PLA2G4F,0.3524895513171642
STXBP5L,0.3524851556965608
VSIG10,0.3524769983060805
STRIP2,0.35245399735185323
CMBL,0.352431155589945
MIR503HG,0.3524201910971236
SLC29A4,0.35236623241553544
BHLHE40,0.35233103423285905
SOX4,0.3522434095302173
GPR143,0.35224044325159914
LINC00891,0.3521903264922598
KLK13,0.35216328486229176
GATA2,0.3520927703769495
KLK11,0.3520699333319685
REV3L,0.35205753283761787
PPP1R3B,0.35205164698029967
RGS2,0.3519855755048428
OXSR1,0.3519826598234418
CPA5,0.35197223583764065
WFDC2,0.3518822453974531
RBMS2,0.351869622446935
VN1R1,0.3517936299146138
L2HGDH,0.3516981282015547
BEST3,0.35168095612400835
SERPINI2,0.3516799180323344
ZNF441,0.3516749827125641
LMLN,0.35164320083993744
TJP1,0.35160186622639883
ZNF670,0.3515898263846401
DDX3X,0.35149856680716596
IFNAR1,0.3514830643745917
USP50,0.3514589438204727
CRABP2,0.35145591222322253
HMX1,0.3514013587245919
WIPF3,0.3513821817545895
TRAV12-3,0.35134181836141953
C1RL,0.35131534068334375
TRAF6,0.3512813965122003
ZGRF1,0.35121921084274244
LMCD1-AS1,0.35118851249532185
ZNF277,0.3508933678382129
MAFB,0.3508360640467887
PLPP2,0.350814525841995
TTC9B,0.35078758108779706
TFAP4,0.3507618293446398
TRPA1,0.3507066267733165
MAMSTR,0.35070254054356476
MAP3K14,0.35069251257419165
MALT1,0.3506700392945401
ARHGAP45,0.35066724914857855
TCEAL8,0.35063720455886527
MAMDC4,0.35055309474519886
MIR9-3HG,0.3505116381968351
AHR,0.35047377710456534
PLOD3,0.3504642754267191
CFAP36,0.35041352763397776
MYF6,0.35038790496861655
CALML3-AS1,0.35038082554830674
BRD3,0.35036044012083806
SOX21,0.3503497816206226
PALLD,0.3502989495253004
GINS2,0.3502638871656721
KDM8,0.3502524485230419
TRAV25,0.35024914578709454
SCCPDH,0.3501688322413614
SYT13,0.35014179965006104
VEGFA,0.35001363163944627
SDCBP2,0.3499630146941827
AGTPBP1,0.34990431111086545
DENND4C,0.3498839519048067
RBMS3,0.34986005266232734
TTC14,0.34985226584249723
AHI1,0.34984132653234556
MXD1,0.349812101783392
RAB6B,0.3497817086432113
KCNA7,0.3497425920182444
ABCA6,0.3496809876232575
UCK2,0.34957510852983453
LINC02539,0.34945946780015374
TRAV39,0.34944571446856815
GPR63,0.3494304775150657
ORC6,0.34939884955423767
LIPH,0.34937703857473695
IGHV7-4-1,0.34936211341141876
LSG1,0.3493557383757251
AKT3-IT1,0.34923080908736864
TCAP,0.34919664219170227
TRGV7,0.34917005084604263
ZBTB34,0.3491080672024865
DIAPH2,0.34903934803715597
SPTBN1,0.34903223113712356
BEND5,0.3489900113369972
NDST4,0.34880802525001525
ZNF548,0.3487833654551976
SNHG10,0.3487584798162766
GEN1,0.34874105438809777
ZBTB38,0.3487280792438192
SERPINB3,0.34869848990788843
DANCR,0.34864601976837956
CCDC121,0.34859396521808883
RBM5,0.3484190481528928
DACT2,0.348415187792979
SLPI,0.3484101304717588
PRR36,0.34838706812816855
PI4K2A,0.3483104866494871
CTPS2,0.3482877926998567
TRMT61B,0.3482749679089852
TGFBR1,0.3482402355716439
SYCP2L,0.34822683619571004
TLR3,0.34821670646463476
VPS13A,0.34820350018392604
KIF18A,0.3481414818992042
LASP1,0.34810231662608654
KRT34,0.3480886341820824
CRYBG3,0.34808289397518827
GNGT2,0.3480405339607025
MYEF2,0.3480083934571655
RIMS2,0.3480081810000406
FAM91A1,0.3479951596462618
SBNO1,0.3479928913670938
SPRR2B,0.34788519921476957
ZNF891,0.3478816189945399
PLCD3,0.3478093348213123
SYNE4,0.347778368187992
DUSP2,0.34776422689313
PLAAT1,0.3477384216416561
GRB10,0.3477027561509889
IL15RA,0.3476199860248042
SPATA41,0.34759379983362887
SLC39A10,0.3474713270447144
SH3GLB1,0.34746285649025876
DHCR7,0.3474014978150116
PAQR6,0.3473993024056908
NAALADL2,0.34738923692895635
LINC01873,0.3473366986230885
PPP1R26,0.3473283914126855
SLC25A20,0.34731287188589144
B4GALNT4,0.34728467060380896
FOXP1,0.3472535420981821
CAB39,0.34719157314627186
CLDN17,0.34719034871853977
IAPP,0.3471883388394568
DUSP5,0.34714774313578445
BANP,0.3471470140380913
MAP3K13,0.34713186932379414
SPC24,0.3470563175886625
ETV7,0.34705619463711346
GLI3,0.3469743118628739
ZNF436,0.3469350589867899
IFT81,0.34684037898229153
CEP63,0.3468207557925007
RAB9B,0.34678399963752904
SLC22A17,0.346713977891033
PAUPAR,0.34658477119254566
CAV1,0.34651561844182405
CD109,0.3464574443131307
CENPO,0.34644437371905407
WDR26,0.3464375518107543
GEM,0.3464291152882512
LEMD1,0.34636453274380624
ATP13A3,0.34630209604947004
PPP1R15B,0.3462858335484593
C15orf40,0.3462727920359928
ZNF76,0.34622273275377324
KCNK12,0.3461747826566707
RAPGEF1,0.3461394020557189
SIGLEC5,0.3460779754574359
CHST6,0.34607246300519257
XPO1,0.34606333430483605
EPHX1,0.34603358541963697
FAM117B,0.3460069428808888
PRCP,0.3459903476324475
IQCD,0.3459660030906552
PIGM,0.3458215840498759
ZNF331,0.3457230194219567
PCCA,0.34566775570869956
ABCB9,0.34561065050068557
ZNF385C,0.3455682645261392
LINC01615,0.345566181720156
MYO5A,0.3455438357077242
GIGYF1,0.3455408528802954
GOLIM4,0.34545654733153264
TAFA5,0.34539859195571726
GLS,0.3453931647791907
ENKUR,0.34528096696437044
COA1,0.34526622178169647
IGFBPL1,0.34519255393097675
ZC3H7A,0.345166731463193
ZNF614,0.3451539067781289
CCNT1,0.34510675787495676
KIF14,0.3451007861903313
CFAP47,0.34503274244131116
ZNF84,0.3450322625651005
TRBV21-1,0.34500784887689506
MTMR6,0.3449584122247525
BEND7,0.34492344478352477
GAR1,0.3449142607245133
KLHL33,0.34490239385949356
MN1,0.34488878146486507
TAP2,0.3448674140624091
SPRED1,0.3448451747048624
CERS5,0.34483206347777884
KIFC1,0.3447841269451573
ABCC5,0.3447717574808435
PHGDH,0.3447637663788687
NKILA,0.34476341070369826
ZNF782,0.34471507073252017
SELENBP1,0.3447001133640267
PKDCC,0.3446876003877921
SIM2,0.34466921920811655
GATA6,0.34456798518567755
FIZ1,0.34449653210975917
ZNF599,0.3444737373438326
PFAS,0.34446428731625156
ZNF660,0.3443809563757542
ZNF449,0.3443774062595187
WWC3,0.3443347172002608
KAT6A,0.34422056159981657
PTCH1,0.34420229540656166
CHPT1,0.34416307915760835
HOXB3,0.3441567249755256
CTSH,0.34414696924638183
CHD3,0.34409729669092254
ESM1,0.3440700923056943
PELO,0.34400034924141026
MICB,0.3439923156782731
SP1,0.34397426695141403
ACP2,0.3439725635538049
APOD,0.34396818577568666
ENC1,0.3439513190854564
RUBCNL,0.34391360137368293
KLHL22,0.3439076715004082
PYGM,0.3439036861219118
CIP2A,0.34389053342935705
FUT3,0.3438672470471373
MPP3,0.34386017345658315
MYO18B,0.3438064870428197
MOSPD3,0.34374842578114273
SCN1A-AS1,0.34365082018993975
VPS41,0.34361913725713095
TMIGD3,0.34358326317678656
CLEC6A,0.3435821804366326
FLCN,0.3435355836374435
ZNF256,0.3435028012929443
MACIR,0.3434752223425559
TRA2B,0.3434068258234732
ZNF579,0.343389110114032
EBF3,0.3432297785351885
EHD2,0.3432293797595166
E2F7,0.34322599919670876
CD63,0.3432179864259655
ANKRD62,0.3431942461222806
NAA16,0.3431585715331691
MAPK13,0.3431539749380946
EMSY,0.34309253847374804
TEX15,0.34306936851224107
UST,0.34305707066601393
ARHGAP33,0.3430409184749667
TTLL11,0.34292336257843964
SPART,0.34284909751436393
ZNF793,0.34281884366112186
IFT22,0.34279597546030416
JAM2,0.342788563195538
MMP3,0.34278423063174734
POT1-AS1,0.3427801087057586
SP8,0.34277349083384007
ZNF789,0.34270623562155106
DLX5,0.3426170860371177
FAM72C,0.34260139155054503
TOP2A,0.3425961914349506
VSIG10L,0.3425681714807438
CKMT1B,0.3425318411551052
KBTBD8,0.342472858771942
RABGAP1L,0.3423303860281215
BCAT1,0.34229318648581947
BTBD2,0.34228190517322193
ACTR3,0.34220799910962585
FAM83A-AS1,0.34219689250382257
BMP6,0.3421643044490498
TMEM63A,0.3421149617773098
LINC01994,0.3420599576766466
LTO1,0.3419865692876282
APOBR,0.34195615173348837
TTC27,0.34192406445708456
SMARCA2,0.34188184097477237
ZYG11B,0.34186482352701475
INTU,0.34186182690252337
SHFL,0.34185889984605977
MISP3,0.3416828590230275
LINC02812,0.34166917021606247
EGOT,0.3414890810441716
CA2,0.34141467982419593
ZC3HAV1L,0.3414107820329702
BIVM,0.3413584910724636
SEPTIN2,0.3413573495102235
PINK1,0.34134070642001907
H3-5,0.34130488031430134
B4GALNT3,0.341268701695329
HLA-F-AS1,0.3412389902616062
BACE2,0.34123402171003303
SPATA13,0.34114954407206355
CCDC24,0.3410756763304855
PPP1R12A,0.34098134270866876
LMF1,0.34095305204963305
ZNF248,0.34092671893883586
HDAC9,0.34090563213657105
BCAP29,0.3408946166172355
CDK14,0.3408898297128928
ZNF234,0.3408778253619635
GLG1,0.340872526057669
SMG7,0.3408631943509038
RESF1,0.3408488628383138
RNF168,0.34083139934793716
GABRR2,0.34078842412190785
CNOT8,0.34061990447935087
UXS1,0.34044715969350875
NOD2,0.34042634609828737
LINC00370,0.3403841900562723
ZNF362,0.34026676786086807
OTOP2,0.34024537200462773
ZNF66,0.34023437791883043
ELOVL4,0.34022662461809533
ATG9B,0.34008884470395484
ZBTB7C,0.3400678949258991
FAM72D,0.33998619302917454
IL21R-AS1,0.3399520004088948
SLC39A9,0.3399390525107334
TUSC3,0.33980168399209104
KCNH1,0.33979989203371375
NUP155,0.3397846727211639
PARVB,0.3397841645044313
HID1,0.3396494442145317
GPR160,0.33955297285065095
MON2,0.3393664058382417
STK31,0.33936224540598947
NKX3-1,0.33931638993489593
KRT10,0.3393148137260005
IL18,0.3392157534860613
SMIM24,0.33916246661877925
IL4R,0.3391394732017137
ZMAT1,0.3390895186242995
ITPR2,0.3390716325825962
VIL1,0.3389578914995044
SNX2,0.33893040357157056
CAV2,0.33890079334391965
DHX40,0.33888547441778144
EVA1C,0.3388421795279623
CYP2U1,0.33883714481028937
CASC9,0.338815364540088
TFPI,0.3387743507226863
NR1D2,0.33870113794357587
DMTF1,0.338649595832993
PGAP1,0.33863408024270186
NRTN,0.3386238413140995
ZNF799,0.3385568838561983
KCNE4,0.3385539136531888
UBTD2,0.33849722519169406
C7orf57,0.33845079682071877
IFT172,0.3384453830792749
NUF2,0.33842955810212294
NLRC4,0.3384129318027994
WDR93,0.3383808601497065
ZNF713,0.3383273601582922
COL4A4,0.3382893100300184
NIFK-AS1,0.3382765154716901
TMEM109,0.33822651423794214
C6orf62,0.33822208712147916
ZNF195,0.3382002474148755
GNB4,0.3381673141477818
CMYA5,0.33812249193973626
GJC1,0.33807678235650995
PSEN1,0.3380400284872849
OSGEPL1,0.33803162252668995
ADIRF-AS1,0.33799292776326295
KDM4C,0.3379341000652248
CCDC148,0.33792843008305146
HDAC2,0.33792118531228543
LAD1,0.3378738727850405
TBX10,0.3378327714236014
THAP10,0.3378226126403189
GAB1,0.33776651432568316
ALMS1-IT1,0.3377556461713497
SYNPR,0.3377138888935221
GORAB,0.3376774929045069
NUPR2,0.33759496820284307
OXCT2,0.33753300069661885
NUDT4,0.33751264557744387
LINC00205,0.33748112999813973
OCLN,0.33742307978612907
CASC19,0.3373462834312185
ZFP64,0.3373244836267021
RND2,0.3373157977369656
SMARCB1,0.33728247080694707
HLA-E,0.3372514161259852
SH3D19,0.33721188840468597
ABO,0.33717666322871087
QRICH2,0.33716555104441337
ZNF418,0.3371358709061185
COL22A1,0.3371258771711416
DNM1,0.3370905854231809
CNKSR3,0.3370051235563653
OVOL1-AS1,0.33697752414016496
RFX5,0.3369643001872249
GLIS3,0.33695097357851467
MCF2L-AS1,0.33692007049477807
MYOZ1,0.336871011780329
RHCG,0.33686021242942
LINC00520,0.3368504694963924
C19orf44,0.33683727805045294
NCBP3,0.33678858926381106
RRAD,0.33675604037693446
LNX1-AS2,0.33673750558371196
DCP1A,0.33668057959194436
FTX,0.3366702089947174
CENPC,0.3366547213092582
MFSD2A,0.33664068909202516
TTC3,0.3366351164593986
PHC3,0.3366314645957943
RGL4,0.33662373834142684
ZNF251,0.3365858087506493
ZNF514,0.33658055703333006
CSNK1A1,0.33657683899939
TNN,0.336558984387092
CDCA7L,0.33653490068322117
ERICH5,0.33649675413402363
ACVR2A,0.33641844675054877
BMP2,0.3364177309563672
LINC02875,0.3363855536987756
THADA,0.3363629982780201
KCTD13,0.33629989890163753
NEGR1,0.33629050256971554
TIAM2,0.336286317891118
DDX17,0.3362857580186028
SCG5,0.33609854242909304
TSHZ2,0.33603113921288047
GPT2,0.33597623371488916
KRTDAP,0.33591882129182593
NSL1,0.33590846456622947
MYLK2,0.3358968042669857
SPINK5,0.3358453783980354
IPO8,0.3358065122208615
TENT5B,0.335803450968258
FIGN,0.33577474731116785
CASP1,0.3357326654738895
CGGBP1,0.33572741822910734
MYADM,0.3357082947304262
SPRYD4,0.3356558903745312
GFPT1,0.3356293910022619
UNC5B,0.33558153357305254
LYSMD1,0.3355815329617974
LGALS9C,0.3355711923192012
DTNB-AS1,0.3355250864965358
OXR1,0.335491405682201
CLDN5,0.33547595917400796
LINC00847,0.33546222557742683
DVL2,0.3354598208389583
C14orf132,0.3354033258685433
CCSER2,0.3353949709919059
MSGN1,0.33534141786317473
ZFR,0.33533224318895705
CASC11,0.3353067474971256
PUS7,0.3352843695422095
PPOX,0.33515487430506347
CEP72,0.33512912213616564
LINC00534,0.3351118970318476
WDSUB1,0.33509246331895604
GOLGA6L6,0.33504794437460966
FAM43A,0.33494573278548384
ALS2,0.33492976722836204
TTTY10,0.3349282730051223
PIK3R1,0.334891222980679
DLX4,0.3348276301079575
ZNF48,0.33480893937232636
F8,0.3347968207455447
NFYA,0.33477769469280283
TARBP1,0.33477746387959806
ALG2,0.33474284861315196
APOBEC3D,0.3347239477916605
CYTOR,0.33470180707242586
MROH2A,0.3346396909581017
DBNDD1,0.3345649428346923
FAM118A,0.33449332080378047
PSMB10,0.3344179477570957
SULT4A1,0.33439708647515387
TMPRSS11F,0.33428633943331537
FOSL1,0.3342552008118859
SPPL2B,0.33424444062197955
ERN1,0.3342163198018798
PLA2G4B,0.33415385995928165
KLHL3,0.33404333498252703
IKBKB,0.3339865981775049
MAP1LC3B,0.33396743843628024
KMT5C,0.3339482314168566
STX18-AS1,0.33383988630220746
PTPN9,0.3338083664247106
PIK3R3,0.33379624164513627
TEK,0.3337793561212024
CEBPZOS,0.3337726334619494
KCNB2,0.3337196288120153
SDR39U1,0.3337178669365172
CLASP1,0.33365064017404256
TUBE1,0.33357037075788026
REXO5,0.3335440748648297
ARID4B,0.3335314847518053
WDFY3,0.3335293374419499
FAM234B,0.33344054645613286
BDH2,0.33343683830573745
ABCB10,0.3334176047593321
PRUNE1,0.33339346322516095
LINC00392,0.3333787660552416
RTL8B,0.3333614895443401
WNK4,0.33332112795164553
CLIP1,0.3332912806243013
FBXL4,0.33324927042172586
LPAR6,0.3332274855051132
WARS1,0.333188305387693
SIRPB2,0.3331881289106238
SOCS3,0.33307216952068636
LITAF,0.33305036303000524
COL21A1,0.33304941312418856
E2F5,0.3330207673040601
IQCH,0.3330195315864828
WSB1,0.33300561726719236
WDR31,0.33300421496226873
OPA1,0.33296368720773106
FNIP2,0.3329514992725135
C2CD4B,0.3329325842521354
ZNF227,0.3328170021170234
ZP3,0.33277871966363937
EPHX3,0.33276782054211185
CHST10,0.3326896441649722
FAAP24,0.3326665481944628
ERICH2,0.3326665372748564
SNAP25-AS1,0.332602282054514
DZANK1,0.33259122681633696
B9D1,0.332575199953811
RAPGEFL1,0.3325316240457949
TRBV6-2,0.33251316345247994
SCN4A,0.3324784745252828
TRAPPC12-AS1,0.3324441132766525
GIMAP8,0.3323828890904533
SNX19,0.33233177878234443
DMP1,0.3322697227045286
EPOR,0.3322618982790461
C1orf210,0.33225725288042207
FXR1,0.33223455884091413
PAK4,0.33216354077568205
SOX7,0.3321512083498123
MTMR9,0.33206204425045194
LINC02542,0.33200463033773103
A2M-AS1,0.3319937671643768
INTS2,0.33194212549119423
CMPK2,0.33189756354654876
MORN4,0.33182902708233414
TSPYL4,0.33182807592928193
RSRC1,0.33178160994502537
C14orf93,0.33177084560808096
RICTOR,0.3317055762145123
LINC00667,0.33167959257821894
C3orf70,0.3315719671854968
ZNF664,0.3315501661682342
ANKS3,0.3314938669883287
FAM20B,0.3314826115726639
LINC00622,0.33145866983025324
ITPRIPL1,0.3314224473275659
MEG3,0.3313523791724448
IRGQ,0.3312805334897604
LRRC34,0.3312487350947132
ZKSCAN1,0.3312272236990307
LINC01224,0.3312040001640157
YPEL1,0.3311726541427961
TAF9B,0.331167896145317
BLM,0.3311571644977316
ZG16,0.33115203343936944
SOX15,0.3311004826350637
SLC25A37,0.33107360044800654
MEST,0.33103746082206675
GPATCH11,0.331020668619441
SEMA3F-AS1,0.33097979195192406
LINC00393,0.33096616033418513
PARP4,0.3309585361376084
SCEL,0.3309324941220282
LHFPL1,0.3308553345586931
SEMA6A-AS1,0.33083691399316084
ASB13,0.33082295355317604
TNC,0.3308187644168397
C1orf131,0.330812173596757
CCDC92,0.3307927531084731
SLC35E2A,0.3307847637633161
GNAS,0.3307822875248632
ALS2CL,0.33077218169975636
SDE2,0.33076689880218124
WNT5A-AS1,0.3307295438810934
IGFL4,0.3307256756884958
LINC02550,0.33070259850523626
PGAP6,0.33066896030381654
RMND5A,0.33066802987529215
GLRB,0.33065002770579677
TSPAN12,0.330646911432835
ZNF124,0.3306061040230505
IGKV2D-30,0.33057168074460186
GATA1,0.33056196785616665
RAPGEF5,0.33054313977381383
RASGRP2,0.3305365881590154
FKRP,0.3305101657699494
CDCA7,0.3304979738461671
KCNN3,0.3304709479722472
PROS1,0.3304364005158594
LINC01910,0.33043142182114016
SMCHD1,0.3304228156060046
FAM83E,0.33032672148420883
AGR2,0.3302691653890285
LRRC2,0.33026305838826947
SERHL2,0.33015465160454516
GDF15,0.3300770965940412
ARPC1B,0.33007061507940244
ILK,0.3300479814599391
NSMCE1-DT,0.33004602207519584
PNN,0.3300295405843292
TENT2,0.32997564052719397
WSCD2,0.3299421243212917
CYB5R3,0.3299104261072665
SYK,0.32984349729954493
SPIRE2,0.3297844903126155
UBASH3B,0.3296928145623866
DNAH1,0.3296873438828462
GSDMC,0.3296541403768061
LLGL2,0.3296503842723116
LINC01305,0.3296358683522634
CARHSP1,0.3296244897657018
CILP,0.3295516010679342
TBX15,0.32953252193105187
SLC46A3,0.32952976687950714
HIPK3,0.32950867072057344
DOC2A,0.3294486698742936
TSPAN10,0.3294049612687057
PTX3,0.3293479487110258
DIRAS2,0.3292890020751013
LINC01633,0.3291871448608377
FCHSD1,0.3291228188125515
EMP2,0.3291197361847868
MAGI2-AS3,0.32907167824504235
DNA2,0.32904349091986523
ZNF763,0.32902944949478447
BRCA2,0.3290128777763025
COG1,0.3290055948544918
AFF3,0.3289984672340573
ZNFX1,0.32887519835999335
NCK1-DT,0.3286985229802344
SLURP1,0.3286842480856313
UGT1A1,0.32862473576416507
SAMD4A,0.32862145217222477
HILPDA,0.32858660017995067
TSPEAR,0.3285470491811593
APCDD1L,0.3285144485984142
GBE1,0.3284345992346621
NEK9,0.32841290548850177
ERLNC1,0.3283965188952881
SIPA1,0.3283757865673386
SEMA3B-AS1,0.3283260866037808
CD34,0.3282996676567905
TMEM238,0.3282548619778985
TMPRSS13,0.32824975712367116
ZNF761,0.32823628699880336
ZNF101,0.32821154520054757
PCDHGA11,0.32820607845554495
PPT1,0.3281170200005593
USP34,0.3280727581206889
DOCK9,0.3280405394980783
FAM131A,0.3279403896981642
CLSPN,0.3277521773697542
TCF7,0.32770529919108543
HOXC9,0.32767595746966716
SLF2,0.3276208346397097
TSNARE1,0.3274996173833131
NPIPB6,0.32745564568284885
IL20RA,0.3274481323661579
CELF3,0.3274391186305687
MAN2B1,0.32742004247886025
ZNF445,0.32741873798794835
TBC1D31,0.3274005020077383
TNPO1,0.3273729866260737
CYP4X1,0.3273694788647295
NAT8L,0.327287215456781
FAM124A,0.32726735266325635
PLXDC1,0.32726273051787486
OSBP2,0.3272172193775694
AKR1E2,0.3272118181031806
WNT10B,0.3271834793874302
ICA1L,0.32714272814868045
RBP2,0.3270409648228635
SHH,0.32695543852615094
ZNF131,0.3269093217523867
POPDC3,0.3268783541014271
PTGES3L,0.3268749297187721
GZMH,0.32684601755550013
PCMTD2,0.32683306218749675
NAALADL2-AS2,0.32676109084052846
MLIP,0.3267185518938427
PREPL,0.32671588449806377
MSI1,0.3266761771061196
CCL19,0.326670557455398
TMEM135,0.32665803156832285
ACTR2,0.3266060141252975
PON3,0.32657444750168013
LY6G6C,0.32654409705927695
PAPSS1,0.32649258839731854
ZNF853,0.32647408963910907
TPD52L1,0.326393177443879
ZNF337,0.326392282077726
TOR1B,0.3263691477815704
MX1,0.3262440311770567
TBC1D8-AS1,0.3262039273155409
CLEC17A,0.32620313112655946
CSRNP2,0.32619942028922644
UNK,0.32613487136506664
DOCK1,0.3261183286282514
CYSRT1,0.3261078808304506
ESRP2,0.3260860695404592
DUSP6,0.32603580241234525
ABCA2,0.3259936408661154
MYOF,0.3259886077773746
RIN3,0.32597203734218816
PDE3B,0.32595281988751595
HNRNPU,0.3259417044120579
FKBP9,0.3258472139965797
ATXN3,0.3258203290751282
TMX4,0.3258182815767537
PRKCE,0.3257617397038279
BCAS4,0.3257383966188028
PIP5K1C,0.32572038353713223
KLF12,0.32569431491213857
PDIA5,0.3256139699090704
PDZD2,0.32558853734769955
AIDA,0.3255538871836107
DUSP3,0.32554994266320353
BIRC6,0.3255224777623606
ELAPOR1,0.3254564902403169
GAP43,0.3253036027337615
WDR88,0.3253005421477869
ZNF639,0.3252789499062348
FAM13A,0.3252604477169022
DHRS4-AS1,0.32525374852908356
KLHL9,0.32525340019676113
SGO1,0.32522884833087334
DIP2C,0.32522531847979314
EIF4G3,0.3252074144957621
UBE2Z,0.3251957165677966
LBR,0.3251238566211652
LASTR,0.3250740837015416
KNTC1,0.32507226757713203
NCKAP5L,0.3250673172715561
LINC02611,0.3250629817583787
SPATA6L,0.32487569182595016
SLC26A11,0.32487517753271256
SEMA4G,0.3247226693263075
FAHD2A,0.3246989673921657
PEX1,0.32469450321608956
CDH2,0.3246691582470713
KIAA1143,0.3245932934391388
LINC01843,0.32454759582940423
KLK8,0.32454564657716906
KLHL42,0.3245073075985546
LHX1-DT,0.3244027137904398
CEP78,0.3243696122171974
TMC7,0.3243622834456352
MARCHF9,0.3243456351065743
ZNF750,0.3243353039162365
TINCR,0.3242113415172208
LINC00899,0.32420612382204705
ABCA7,0.32416700862213305
S100A9,0.32414035968389054
ATP23,0.32411977965909117
LINC01123,0.32411904571508166
YME1L1,0.3240942693716503
KIF17,0.3240378933996731
LINC02492,0.32388340280509464
TMOD3,0.32386374205289065
ZNF367,0.32383992147423507
LINC02352,0.3238263835930189
STXBP4,0.3238187109857928
GSTM2,0.3238063310820305
ZBTB47,0.32376669198489333
EMP1,0.3237464220383709
CEP95,0.3237256990072618
SFN,0.3237171037241578
PML,0.323670286795453
EFNB2,0.32363880038029763
CYB5R2,0.323635380443977
TSC22D1,0.32362747592890195
LINC01106,0.3236103043279564
MAF,0.32360424084996164
RUNDC3A-AS1,0.3235597777784687
SLC17A5,0.32354062878418693
ZFP30,0.32345539751865116
TBC1D1,0.32343746079030467
ZBED5,0.32342571633511763
RNF207,0.3234109171094373
MCMDC2,0.32335238770042346
PADI2,0.32333405441995344
LATS1,0.3233242868521659
SHROOM1,0.32331563486946985
ITPR1,0.3232607385355087
PEBP4,0.32324351372830057
PDS5B,0.3232114821624407
TEKT2,0.3232004816026309
LRRC8C-DT,0.3231888141326923
ABLIM1,0.3231798564397533
MME,0.3231773687829517
COL9A2,0.32316433970747416
ADM2,0.32306480576636215
NPIPA1,0.3230002536897841
TIMM23B-AGAP6,0.3229933682874254
IQCG,0.3229849322687673
PAK5,0.3229653529489545
ARHGAP21,0.32295110593399967
LTBP1,0.3228784039572681
LINC02323,0.32277413616663514
RGS5,0.32275748435568546
HDHD5-AS1,0.3227431503414662
APPBP2,0.32273065253243
SEC62,0.32268782344594166
VAMP5,0.3226155790365119
LHX9,0.32261465146178453
ACER1,0.32261330997348436
MTMR14,0.3225887219488456
AFDN-DT,0.32257221980055356
MTERF2,0.32250856379570386
MAGI1-IT1,0.32248473143607326
FAM98C,0.3224734575056001
CDKN1A,0.3224292306575032
TTK,0.32241154871251587
PLEKHB1,0.32240872307955
NPPC,0.3223943213826272
AKR1C4,0.3223677960646743
ETV6,0.3222938511468285
ZNF346,0.32221004659677666
LINC01560,0.3221332698842947
GIP,0.3221305445607908
ZNF14,0.32210521259386843
GPR83,0.3220872095084655
IQCA1,0.32208521373880883
CLGN,0.3220086922497563
NPAT,0.3219937130965695
ACTBL2,0.3219679479671973
CDR2,0.321878598493263
COP1,0.3218768732670364
C4orf50,0.3218189504664217
SUSD6,0.3218065231816947
JDP2,0.3217955727202893
STXBP6,0.32170607963869946
ZNF280D,0.3215187327362215
ANXA2R,0.3215000384907458
UHRF2,0.3214788291892643
FAM153A,0.3214759322839997
INHA,0.3214475175163333
FAM83C-AS1,0.3214228212823375
RFX6,0.32140022671072394
NR6A1,0.321376491909636
DCAF5,0.32135754582093445
SLCO3A1,0.3213537062656706
PSMB9,0.32134070847262974
SYTL4,0.32133780406511175
MIXL1,0.32133774133533466
LINC02012,0.3213164205935877
IRAIN,0.32126401476066424
ODF2,0.321220952950446
SYNPO2L,0.32121675488790763
TIGD7,0.321201232530439
CDH15,0.32118558985816037
APLP2,0.32118144781356206
AATBC,0.32115865139286387
OPHN1,0.3211466150670004
PTPRS,0.3210573371987632
R3HDM2,0.32105578630401704
LGR6,0.321033287089684
E2F6,0.3210145211608479
CASP14,0.32101378071647524
TRIM7,0.32088454009079465
SPOCD1,0.3208808903249665
SRR,0.32080781402194963
CEP162,0.32080304844008123
DHX36,0.3207752755435757
OGA,0.3207739617311795
RBM12B,0.3207645170149105
TSSK6,0.320751767519
RAET1E-AS1,0.3207291848076538
CDH3,0.32059688052535723
LETMD1,0.32059368974852964
EIF4ENIF1,0.3205749456971304
CCDC169,0.3205440460000177
DIPK1B,0.3204834137147561
LOXL1-AS1,0.3204709084521708
PRSS3,0.32041430195606624
WDHD1,0.3204080407165442
SPTBN2,0.32039847359247486
PCGF3,0.3203582187105907
PLEKHH1,0.32032310959631527
RAB40B,0.320311990439199
PLEKHA3,0.32027169286566115
RAB6A,0.3202327590250002
GOLPH3,0.3202161253329548
HOXA11,0.32015809001445283
HDAC2-AS2,0.3201208639545786
FUT8-AS1,0.3200789616973328
LINC00467,0.32001992211473695
OR10H1,0.32001957511966234
CD27-AS1,0.32001247286223566
ZNF528,0.3199996647487985
SNHG30,0.3199816988465827
FAM241B,0.3199660751577213
TRAPPC9,0.31992001260850855
CHRM2,0.31988962618921524
TENM2,0.3198120313218785
VWA5A,0.3197710453952733
BCL2L11,0.3197141647495719
ZNF197,0.31968545761495476
KCNK7,0.3196712896848219
NPTX1,0.3196690305185842
RNASEH2B,0.3196596159252224
GVQW3,0.31959293409547757
REPIN1,0.31957915568501827
FLVCR1-DT,0.3195673929052011
HOXC4,0.3195557528136983
PCDHB12,0.3195514058858598
CABLES2,0.319476583630947
SUGP2,0.319302842699405
CYP27A1,0.3191968865564337
KIF15,0.3191778123065196
C8G,0.3191694079390773
CHIC1,0.3191626421276523
BOLA3,0.31915862169776166
TNNI2,0.31915844573508356
MAST4,0.31908805969430704
AIF1L,0.31907889395801675
RNF224,0.3190762935703898
TEX22,0.3190324054394683
STARD6,0.3190179261553609
TRIM5,0.3190127932305806
ZBTB20-AS1,0.3189827755018465
SEH1L,0.3189445866559402
PAXIP1-AS2,0.3189395911584199
PLN,0.3188838285087473
PEG10,0.3188630734264327
SLC12A9-AS1,0.31881719496599387
CYTH1,0.31872771290316704
SEPTIN8,0.31865451137096235
CAMTA1,0.318653202183509
LY6D,0.31863684620696625
ZNRF3-AS1,0.3186325342503236
LNC-LBCS,0.3186157810000022
TRAPPC12,0.31856917213551783
CCNB1IP1,0.31856343933641823
CARD9,0.3185270982255828
OGDHL,0.31849871637171917
BLK,0.3184352235248997
CCDC126,0.31839128263158234
NPAS3,0.3183858933669623
MPDZ,0.318338627911123
EBF2,0.31831173495015985
CTIF,0.3183049785611795
BBS1,0.31830139639024063
PTN,0.3182884776533402
ENTPD7,0.31823409794566165
CPEB2,0.3182314030113324
PRR5L,0.3181812944678952
GABPA,0.31818034690663916
IFIT3,0.3181749675619345
CEP192,0.31815216195298
COLGALT2,0.31814611276319504
KANSL1L,0.3181450892340707
PTPRK,0.3181449816875523
FAM111B,0.31814360793617835
EIF4E3,0.3180827300807185
IFIT5,0.31807612275469194
PRELID3A,0.31798970214425304
CSTB,0.317973454346814
C5orf58,0.3179457338620589
YES1,0.31792913189731126
NEUROD1,0.31792908208518067
TNFRSF10B,0.31792802057625164
MDM4,0.31789940547246404
HLF,0.3177227875706918
ZFAND4,0.3176982681529742
OBSCN-AS1,0.31769610667502307
ZBED5-AS1,0.31769366295955165
WFS1,0.3176822977008082
TMEM18-DT,0.3176678052980759
LIG1,0.3176650340058652
EML4,0.3175770522133339
HS3ST3B1,0.3175440519118757
MSANTD2,0.3175331433673521
PCDHGA4,0.31752657283734675
ESPN,0.31750532345207416
MED12L,0.31747967838827035
SPEF2,0.31744783350077393
CAVIN2-AS1,0.31744344368840977
CFAP43,0.3173570134253716
ZAP70,0.31732865239605423
LINC02253,0.3173165472167517
MRTFB,0.3173011896115666
PSRC1,0.31723621750816117
MBOAT1,0.3171769603350734
MINAR1,0.317137073556584
IPO5,0.31710177760349323
CYP1B1,0.31708922469350936
GABRA4,0.31708531751976393
PLCXD1,0.31704312283550373
BFSP2-AS1,0.31704297439907014
MTA3,0.3170425958950261
VAX1,0.31702944761425844
PRDM1,0.3170259064596624
DFFB,0.3169850989766177
SLC9C1,0.31694812606119693
DSP,0.31690539788467953
KRT9,0.3168692306657249
HECTD1,0.3167979034786982
RELCH,0.3166783866964397
ZSCAN26,0.3166561532208031
LINC01254,0.31664832683001026
ZNF816,0.31664584606572066
TRAM2-AS1,0.3165268797396583
TERF1,0.3165253883800002
CT69,0.3164896835065131
CKAP2L,0.31646031180587725
ACAA2,0.3164566763773462
SOCS4,0.3164346235051591
RPIA,0.3163955527116177
HES5,0.31633179125842975
CHML,0.31629615071141387
HLA-A,0.3162938613183232
MPZL3,0.316293607635902
CYP26A1,0.31624975051310694
TNNI3,0.3161868450453256
CARNS1,0.3161577559426847
C8orf34-AS1,0.3161191143293025
SEC14L4,0.31608829730462246
GGA2,0.3160861511746891
CASK-AS1,0.31607187457046715
SLC10A5,0.3160158261872178
POMK,0.3159750530558883
RHBDL1,0.3159439829234296
SMKR1,0.31589988672992647
MFSD4A,0.31586993366063526
FAM66D,0.3158603285490435
CIRBP-AS1,0.31583904828582055
MUC1,0.3157920941859209
HMBOX1,0.31576303056814914
GNB1L,0.3157412287589306
BID,0.3157412110576986
ATG2B,0.3157242060029903
CRY2,0.3157015198234406
SCLY,0.315682588116847
NHLRC2,0.31567286297096897
C4orf19,0.31565715400232863
ZC3H6,0.31559511680768915
XYLB,0.31555924009541525
SENP1,0.3155507832738157
PTH1R,0.31553715687340766
CCDC28A,0.31547931187637723
GNE,0.31546218323290437
CD2AP,0.31544572896565737
CD46,0.31541657117508637
SEPTIN10,0.3154132315860545
DVL3,0.3154005440481939
CCDC146,0.31537557352862305
IGF2BP2-AS1,0.3153682738626536
IQANK1,0.31534222733878153
TMPRSS2,0.3153222315194363
GDAP1,0.315304049027101
ZBTB39,0.31522983594137416
PIBF1,0.31520422683596455
TMEM147-AS1,0.31520340982390394
FXYD5,0.31512342211292965
THNSL1,0.31512215288369966
DPEP2,0.31511528536032846
SYNJ2BP,0.31509859719422084
DISP2,0.31507284704197686
LINC01473,0.3150601867396821
SLC30A4,0.31503592864057606
SIAH1,0.314972538683116
FAM117A,0.3149589397928133
NLN,0.3149484848563079
TMEM241,0.31492106802039194
LINC02560,0.3149150281132192
PEX26,0.3148981753672554
SEC22B,0.3148514256362523
LINC00630,0.31483974566499556
PRDM13,0.31483861270755675
PHKB,0.3148385428373476
IFFO1,0.3148236185175528
RCOR3,0.3147911219856405
KL,0.31477417801751495
PIK3CD,0.3147528741000784
PDE3A,0.31475020238805657
KCTD1,0.3147095167018581
PARD6B,0.3145949899739275
CLPSL2,0.31457456939377204
PAQR8,0.31457263480156344
CCDC144NL,0.31448414842944555
SIRT5,0.31448395692726727
LINC02883,0.3143307608751338
LCN12,0.3143105157312312
KLRC2,0.3143040340399129
PIAS2,0.31425942893027453
ATP2B1,0.31422884887474856
HNRNPLL,0.31418037879950506
LRRFIP1,0.314159786300945
CLEC4C,0.3141574522216177
SMIM22,0.3140813997023882
ARF6,0.3140610819503078
ZNF135,0.31404516360268614
PCDHGA6,0.31401646915687054
FIRRE,0.31398049338685363
LINC00910,0.3139444248046258
MPHOSPH9,0.313941811261367
MCM6,0.31390438854261365
FOXD2-AS1,0.3138809291746694
PDX1,0.3138133225681116
FBXW11,0.3137897125570042
DLEC1,0.31377876463405435
ST6GALNAC5,0.31376842030728913
HK2,0.31369282814586424
GOLGA6L9,0.31369275517416784
PHC1,0.3136276437064381
AQP3,0.313621021384176
TULP1,0.31362076257681853
BTN2A1,0.31358984263998835
HCAR3,0.3135829820100822
LRP2,0.3135118262130111
PELP1,0.3135113474145239
PDP2,0.3133640433290748
PYGO2,0.31335057137642564
HERC5,0.3132510803826704
NDUFA10,0.31322405943485493
CAMK2N1,0.31318042913901484
SMPX,0.31316623308114405
KIAA0319,0.31313994658970756
ZNF814,0.3130778723176816
NAT1,0.3130642880117684
DUSP28,0.3130144091247726
TEKT5,0.31298334215245704
ARL4C,0.31297568853918406
CDC25C,0.3129584694082269
SYT2,0.3128803521975179
EFCAB10,0.3128580977269072
ZNF30,0.3127751116212525
CLASP2,0.3127626250131194
CLIC3,0.31269947708574886
ZNF148,0.3126700907172579
NKAIN2,0.3126252735896403
ALCAM,0.31259644809924325
ARNILA,0.3125895661759191
CADM1,0.3125560910609096
LINC00964,0.3125480450549641
B3GALNT2,0.3125432314663814
BRDT,0.31246661055242075
GMPR,0.3124595606579222
ARCN1,0.31244383046986374
DDAH1,0.31243234900660605
ZMIZ2,0.31240961633022046
TSEN2,0.3123105137344376
SDK1,0.31228888438280444
SCG2,0.31226364404130164
TRGV5P,0.31225868586610167
TRHDE-AS1,0.3122586397174589
CENPI,0.3122571189176876
VRK2,0.3122555614634036
AK7,0.31224910519186544
DPYD-AS2,0.31224853008312475
EPHB2,0.31224277437772024
OASL,0.3121047676692225
ZNF358,0.3121035439264276
KIAA1614,0.3119768288487386
ZNF337-AS1,0.3119753916662802
VCL,0.3119751521105138
ACY1,0.31197145062999393
CXCL10,0.31196527782134026
NFKB2,0.3119605877373201
ZDHHC20,0.31195216030079415
SYT15,0.31193852009963907
GAS5,0.3119362330652875
KLHL12,0.3118767753013646
PRKAA2,0.311875392947918
ACHE,0.3118415023979198
TOM1L1,0.31177468553288623
LENEP,0.3117746636524093
SIGLEC14,0.31175083849409063
STEAP4,0.311723719586544
TRIM16L,0.31167071969889504
ALX3,0.3116411279321308
AGPAT4,0.3115719426233622
ASF1B,0.31153298541707114
BTAF1,0.3114943441659376
GOLGA6L2,0.31149415099271943
CCNO,0.3114892583737657
ZFAND2A-DT,0.31147388859660263
SOHLH1,0.31144407378764194
NABP1,0.31141861553323597
ZNF649,0.3114133762519159
TMEM25,0.31141132884173134
FSTL3,0.3114088478664758
WBP11,0.31137436119038087
NKX2-2,0.311351329042578
GSKIP,0.31129219691622506
LINC01592,0.31125862396456216
MYL3,0.3112476479543919
SH2B2,0.31121377906063447
CSNK1D,0.3110913247807395
SATB1-AS1,0.3110866804973138
NRCAM,0.31107562020591517
SMTN,0.31106277834063406
RCBTB2,0.3110049202998857
DISC1,0.31098460292548075
ZNF595,0.31097589659554475
TPST2,0.31094733016397064
TONSL,0.31093446550169274
GFOD1,0.31092049923805026
SLC26A5,0.3109070983003792
INTS3,0.31089078598247116
ZNF559,0.3108804844426769
CIDEA,0.31085493722205076
PSORS1C1,0.3108479260652304
CXXC4,0.3108259801578831
NXPH4,0.31074319803077155
ZNF687-AS1,0.3106602737273452
E2F1,0.3106407747812067
SAPCD1,0.3106273182155623
RMI2,0.3105824206800328
EIF2D,0.31053433353481685
LINC01698,0.31046692778689466
KCNG1,0.31044462622445046
ITGAM,0.31043641057244403
ZNF266,0.3104319842210713
BOLL,0.310374307611065
MDH1B,0.31035332225359735
FZD5,0.3103479239852386
GABPB1-IT1,0.3103412178034672
NANOS1,0.3103339685981081
NKD2,0.3102952844556737
ZNF512,0.3102612528108705
FANCC,0.31017644373170405
PCLAF,0.31013306621348774
SSH1,0.31010640787127447
CXCL17,0.3101063384333346
RPRD2,0.31005635596035225
GLCCI1,0.3100542780491264
ANAPC1,0.3100272721655893
FBXO43,0.31000087323838466
EPB41L1,0.3099003885809277
ALDH18A1,0.3097898661841628
YIPF5,0.30975234659019113
WDR7,0.309723762922668
CAPN12,0.3096676626925252
CUL4B,0.30964531774584847
RFXAP,0.30959385059999867
TOP1MT,0.30954961875466036
FBL,0.3095180590769359
HAGLROS,0.3095160651367555
IGKV6D-21,0.3095153288032195
SLC6A2,0.3094839092184656
ZNF813,0.3094682915680905
ZNF532,0.3094528585799379
CSRNP1,0.30938398573761117
DHX9,0.30936036231430286
APPL1,0.30934242271136175
SCAT2,0.30931776430300145
WNT5B,0.3093070604072987
ZBTB2,0.3092762167291963
MAP3K4-AS1,0.3092684492740089
CASP8AP2,0.3092033253212074
COMMD10,0.30918143756991384
KIF27,0.3091777973600077
PAEP,0.30911986883121473
GSTM4,0.30910418973092946
LPIN2,0.30904481292296104
LNCTAM34A,0.3090353770932115
APBB1,0.30903470099271724
MAP10,0.30901851687915605
PDCD6IP,0.3090029545000807
TAF1A,0.3089396439677214
GRP,0.3089181583367176
ZKSCAN5,0.3088685393000672
SERTAD4,0.30886094304625517
LIPG,0.30877594762813726
TANC2,0.30877375216187813
DRD2,0.30876164912863013
EFCAB13,0.30875202909571775
NME4,0.30874773495489954
SPINT1-AS1,0.30873545444904565
SEC14L5,0.3087248991755384
NEIL1,0.30864567495251805
TNNC1,0.3085989412279976
C2orf72,0.3085726183688126
PTOV1-AS1,0.3085424530850557
POF1B,0.30854066480423337
GSPT2,0.30849451093260577
PACS2,0.30848567546962846
TAF8,0.30848545291497415
GLCE,0.30845764919252433
PIK3R6,0.3084495348787602
GRTP1-AS1,0.30843643091327627
PHF1,0.3083896940270839
PPEF1,0.30838566934943407
SLC7A14,0.3083072529477121
EFNA3,0.3082975447520652
DGAT2,0.30828567635571286
CCDC142,0.3082848277726323
LINC02043,0.3082604220561253
IGKV1-37,0.3082557567441621
CANX,0.30803641639332163
AIFM2,0.3080158568959322
XPC-AS1,0.3080030991643259
BRAF,0.3079004206669053
SLC27A2,0.30779292755934473
C9orf43,0.3077883203676187
BRWD3,0.3077869363111778
LINC01460,0.3077590657872249
USP21,0.30769507947598046
PKNOX2,0.30769089536977323
ADGRE2,0.30762034388191056
DAAM1,0.3075995253716669
FDFT1,0.3075654871504193
CCDC157,0.3074903843552353
SIX2,0.3074849763328609
RLN2,0.30744433613973526
MARS2,0.3073853411160896
BBX,0.3073755311723234
IL17REL,0.30734610279009766
PAPPA,0.307342878319204
SORBS3,0.3073390313125987
PATJ,0.3072963867286202
HLTF,0.30727446210684467
FAM174B,0.3072610047148268
MYO5B,0.30724953914673253
CXCL14,0.3072010838140846
PLEKHG4B,0.307193099939289
NAT14,0.307190514025992
MATN2,0.30717013947095106
NUDT16,0.30715670929989713
WASHC4,0.3071512788612474
JPH1,0.30714965358184854
SP100,0.3071231260767595
DDX59-AS1,0.3070723751337429
SHC1,0.3070262639932281
ZNF697,0.3069614901617339
SLC39A4,0.30694841879577645
PLD1,0.30692318075689873
GCNT4,0.3069086403953196
MROH6,0.30689883036858523
TENM3-AS1,0.30685540197627775
NRIR,0.30681654820890264
IGFN1,0.30679106842069503
FCER1A,0.30678082059939776
SURF4,0.3067383901431959
VWA5B2,0.30673264872798545
EYS,0.3067290513472739
GPATCH2L,0.30668079528688313
ARHGAP5-AS1,0.3066522814890243
PARP1,0.3065969758660342
PRDM6,0.3065591905785561
UCN2,0.30655228266490964
ZNF287,0.3065520040096411
IZUMO4,0.3065436293509054
ARHGAP39,0.30654066943898556
NUBPL,0.3064458714082612
ADAM11,0.3064327498053008
LINC00343,0.30642232006003445
IFT140,0.30636638437986674
MFSD13A,0.3062926974128773
HECA,0.3062478330328496
YPEL5,0.3062084284888512
FAM161B,0.3061646032257529
ZNF776,0.306154178751142
RPS6KC1,0.30600898797221066
R3HDM1,0.3059097037864292
PCP2,0.3059086830432338
ATAD2,0.30590376209535647
ZNF684,0.305896472839816
TERF2IP,0.30577791842377705
MARVELD2,0.30577732741254876
SPATA7,0.30577453386690323
PCOLCE2,0.3056586507268983
ZNF366,0.30562646076885996
RENBP,0.3056145878372321
PLOD1,0.3056098795535209
C1QTNF1,0.3056091427218344
TM9SF3,0.3056066337245352
SPRTN,0.305568115658436
SLC39A5,0.3054896560567535
KANK2,0.3054828204311289
OR2B6,0.30547956072096544
IDH1,0.30547091783828983
CLEC12A,0.30540474385683775
WASHC5,0.30540262710315796
ADRA2B,0.30537081485032547
CDR2L,0.3052630560716836
PPP1R1C,0.30524475101988346
TNFRSF14-AS1,0.30523913051374857
ZNF692,0.3052390218058661
NBR2,0.30522220903088376
SBSPON,0.3052109387184445
TOGARAM1,0.30519821974271577
MAP3K2,0.30518981084995483
STRADA,0.3051726064723649
CFAP54,0.3051307136053965
LCA5,0.3051095285398057
SIN3A,0.30509058151829405
CEP83,0.3050901877407194
KITLG,0.3050757824574659
GPAT2,0.30505709419069227
TMEM67,0.30501233305764275
SLC5A5,0.30500575133011654
LINC01089,0.3049554635972765
UPF2,0.3048414714481934
ACER2,0.3047802736699663
ARMCX6,0.3047756307334572
XPC,0.3047652300043763
JHY,0.3047316462164168
CHKB-DT,0.3046321155279354
ZNF286A,0.30458103156545974
PGBD1,0.3045281070977907
MYD88,0.3044992848064728
CCL11,0.3044808443361458
CLTC,0.3044490143311136
GREM1,0.3044424795137824
FMNL3,0.30434797676348185
LIPT2,0.304297818840712
RAD51,0.30427492091567904
ARFGEF1,0.3042645312515173
HOXC6,0.30425298291430725
LCE5A,0.3042447831756963
HAPLN2,0.3042299912976007
NT5DC3,0.30422968401448913
TMEM30B,0.30417507250264836
BEND4,0.3041564045612239
TXNRD1,0.30413603140641693
GLB1L2,0.3041316375891446
VASN,0.3040325264779796
HTRA4,0.3040019963416761
MYH10,0.3039136438136257
PYCR2,0.30387202635038174
ZNF350-AS1,0.30386854339165587
SPATA17,0.3037364506443587
RNF208,0.3037304175375222
RNF150,0.30370686011240666
TACC1,0.30364910831047826
ORC4,0.30357273666287055
OVOL2,0.3035714787392652
LRRC37B,0.3035673570957168
ZNF474,0.3035625604027027
NR2C2,0.30348984429896186
TKFC,0.3034631410853169
IGLC7,0.3034611220559913
UBE2D4,0.30342159511245587
PSAPL1,0.30340580194302025
YIPF4,0.3034043848257064
MT1G,0.30336434609798957
ITM2C,0.30336372969527325
VCPIP1,0.30333953100617356
HLA-DQB1-AS1,0.30331537514441664
ZMYND11,0.30329595552256083
GULP1,0.3032339571344975
PLLP,0.30322898415712135
FGF12-AS3,0.3032053980009489
TOR1AIP1,0.3031636504384589
ZFP37,0.3031179761107964
UNC93A,0.3030496168363668
RAB36,0.3030116812320894
NUDT10,0.3029593183460113
FBXW8,0.30294513399910233
FMN1,0.3029208736437009
ERICH6-AS1,0.3028983114160702
C1GALT1C1L,0.3028630134178334
TMPRSS11A,0.30284881646801615
CEP170B,0.3028151566609976
IGFL2,0.3028114401417471
MECP2,0.30270491811962646
HOXB5,0.3026845373497903
TANK,0.30265677575940186
GLIDR,0.30263268803906185
DOC2B,0.3026103584862869
FANCB,0.3025771132252181
DOK5,0.3025254394866767
USP54,0.30245930933372817
TDRD12,0.30243998960883445
CYP2C18,0.30242972205854857
RASL10B,0.3024185242325481
KYAT1,0.30240638444658124
DAG1,0.3023940162229782
TRIB2,0.30238337431629664
PNOC,0.30236549230519644
USP43,0.30227847615099884
DLX3,0.3022427021387374
LINC02128,0.30223010432238184
ZNF527,0.30218244410568473
LIG3,0.3021750761789882
LINC00858,0.30214645062740986
SPIN1,0.30213786888457955
LYST,0.30208624758126035
ADGRB2,0.3020796311843147
ACAD10,0.3020280113795199
NFIL3,0.30200709613137033
ENPP1,0.30198856535754814
MYOSLID,0.3019884377673462
RAB5A,0.30196231695660297
ZBTB7B,0.301921930956916
APOBEC3A,0.301874571405605
ARID4A,0.3018636037031237
FBXO8,0.30185435510495684
PHF11,0.3018422563610118
FKBP14,0.3018228647407071
ENTPD8,0.3018212795153315
CDKN2C,0.3017555881043018
ZFP3,0.3017355660098234
DHTKD1,0.3016868335840175
HECW2-AS1,0.3016807615136542
OR10A2,0.30166962535342123
SPC25,0.30165751939033153
RBM6,0.3015942299272184
INPP5K,0.3015838459021743
ZNF626,0.3015768747698165
LINC01579,0.3015365552062798
FUT6,0.30150872501320625
ZNF775-AS1,0.3014493543690722
GABRA3,0.3014284926935299
AMPD3,0.3014112508312467
MED13,0.3013537805432027
KMT2E,0.30131811705325345
KCND2,0.301259286882651
LRRC8A,0.30122638672917657
MICALL2,0.30119190619546266
ZFP69,0.30112007401806484
ST7-AS1,0.3010959487480618
PLAU,0.3010572162443322
TEP1,0.30099772649594086
LACTB2-AS1,0.3009849871468169
LRRC46,0.3009719822486024
PIF1,0.3009678948899305
PTMS,0.30094315385691056
ACOXL,0.3009312301311447
RNF32,0.300929183398855
BSPRY,0.30085849185811686
BRD2,0.30080900462867605
OXER1,0.30077678723632034
ZBTB25,0.300743821754612
ZNF691,0.3007325732428866
ALKBH6,0.30070709312529514
FHIT,0.30067909911501833
ZNF446,0.30062262310411964
SNX10,0.3006191194441917
AOC3,0.3005710954309648
MAP4K3,0.30054072392046804
LINC02031,0.30053531952036877
KLHL7-DT,0.30051993737256205
FOXRED2,0.30048474480043996
PXN,0.3004500041778533
ALDH3A1,0.300446199329327
ATAD3C,0.3004151237524148
METTL21A,0.300389617566919
POC1B-AS1,0.3003262738807045
BFSP2,0.3002808683593643
MANCR,0.3002277955096997
MCFD2,0.30017534081444264
PKN2-AS1,0.3000490826149691
ZNF239,0.3000464019554151
COX6A2,0.30003729303644755
IGHMBP2,0.2999893699914802
RIPPLY3,0.29991508778168274
ING3,0.299873933866658
ZSWIM6,0.29986789478808334
PCDHGA9,0.2998560387782789
TOP2B,0.29981651147345717
CHST9,0.29980813651953164
TMEM121,0.2997355537568566
IQCM,0.2997199613804618
PM20D2,0.2996825630739771
THAP5,0.2995883715103472
RFK,0.2995803520636187
KCNQ5,0.29957737923936656
LINC01607,0.299573479863947
IPO11,0.2995701108788932
COPS7B,0.2995644020488748
IRF7,0.2995550077495424
RHPN1-AS1,0.29953204803853434
TRIM46,0.29951301684885323
UBE2L5,0.2995109638423238
TRMT9B,0.29950612917871094
ZNF689,0.29941425274125166
IGKV2-29,0.2993875215072891
B3GNT8,0.29936539590861694
ANXA1,0.29935362498798584
GDPD2,0.29930473878894165
LINC02021,0.2992759131374301
RHOBTB3,0.2992662226055244
DMRT2,0.29926353826561397
CEACAM1,0.29922805677161185
EPB41L5,0.29922673546268824
RANBP2,0.29915123007485156
MAN1C1,0.2991291021588316
CKMT2-AS1,0.29909729631293
MAEL,0.29909517514427664
MAP4K5,0.2990862544205536
DENND1A,0.2990639309307008
IL1F10,0.29897557405129327
ENPP6,0.2989662697023685
HAS3,0.2989617986137496
ZNF235,0.2989162013199027
NCR3LG1,0.29883197693409586
ARRDC4,0.2988266695065183
UBE2T,0.29876243431575084
IRF2,0.2986948233479485
LINC00668,0.29866027163870257
FGFR2,0.2986221749631219
TH,0.29858064818862057
COQ8B,0.2985670088583345
PLD2,0.2985494940352639
CTSG,0.29849638030998876
ZNF518A,0.29849341408769275
CCDC88A,0.29847460907001905
IL36G,0.2984621686225615
SERPINB9P1,0.2984491281465303
CX3CL1,0.2984480160869922
GAS6,0.29842390279975956
CAMKK2,0.2983969246219688
KIF24,0.2983630489478882
SERPINF2,0.29834884818748053
MSL1,0.29827285553411537
ERLIN2,0.29826155356184575
BOC,0.29821456050925577
CDHR3,0.2982048579634528
WASHC2A,0.29819612315977234
FBXL14,0.29816921857100476
MAPK15,0.29813944362352457
PHETA2,0.2980501703692969
FAM111A-DT,0.2980482699600812
CD1B,0.29801823302004804
B3GNT2,0.29799283387390446
AGAP2,0.29797386990942204
KIF12,0.2979420701973877
FCRL1,0.2979177081315564
AGMO,0.2978877246323392
C9orf72,0.2978670913482361
MORF4L2-AS1,0.2978121452315762
BUB1,0.29775159531032874
LINC02827,0.29774375112721524
SFMBT2,0.29772464306285207
MTMR4,0.29772358245239067
CCDC93,0.2977073232940774
LINC01415,0.2976814112144976
ARHGAP4,0.29767880063621044
CDK19,0.29755056293861115
SKI,0.297533175003545
TCEA3,0.29753002851040405
TBRG1,0.2974988901267593
DGKA,0.29737692834057156
RHOB,0.29736994719155757
ERVV-2,0.2973693769815435
BMF,0.2973589997477076
TBX4,0.2973563634644827
ZNF700,0.29733833839906676
ETV2,0.2973017198996485
LINC01681,0.2972739805881671
BDKRB2,0.29726404929077477
REEP2,0.2972415449778051
FUBP3,0.2970329296086009
SLC25A30,0.29699905523956915
KIF1A,0.2969775394719892
CTSA,0.296906445864614
CROCC,0.2969000516358977
DGKE,0.29689410845151554
TRRAP,0.2968736120062866
EIF2AK3,0.2968700309794256
LINC00963,0.29686961014374946
MFAP5,0.2968240094981505
STAG2,0.2968106993175699
MFAP4,0.2967984737413746
CTF1,0.2967308357339362
LYSMD3,0.2967046769497675
ACY3,0.29669392642326325
NCBP2-AS1,0.29668787279159076
PPP1R9B,0.29666969089970974
CNR1,0.2966525748650745
SPAG9,0.2966178208155307
PCYT1B,0.2966129998441357
PXN-AS1,0.2966060740781821
FER,0.2965799028835604
LINC00992,0.2965390430829162
SMIM19,0.29652515764087584
DUSP9,0.2965095668832685
ST3GAL1,0.29647793469779804
DCLK2,0.2964523703864684
FOXN1,0.29644122939399736
ADRA2A,0.29642454403225427
UGT1A7,0.2963808952450569
ZNF740,0.2963759754198065
PLD6,0.29636293518944923
DNAH7,0.2963138492242409
CTAGE8,0.29629582385958386
BCAN,0.29626279394264726
HOOK3,0.2962525021632022
SAMD8,0.29625168093229043
SERPINB13,0.29623207857486433
FOXM1,0.2961987392960695
BRICD5,0.29614673989308415
SLC4A11,0.29611591109983393
CHST1,0.296104972092996
LAYN,0.29609299846331644
LINC01414,0.29609074905512206
STAG1,0.29607982268822697
HLCS,0.2960703914614271
S100A14,0.2959043560804006
HOXC-AS1,0.2958968293585293
SAYSD1,0.29585734081189047
RAB29,0.295856110485004
AP3B2,0.2958292767622924
FETUB,0.2958268016850119
TRIQK,0.29582368994614955
KANTR,0.2957314006628008
BLMH,0.29572857511099143
SLC16A9,0.29563361414373124
PTEN,0.2956113771325102
AMER1,0.29554831938405174
MAML2,0.2955242404133194
FKBP1B,0.29549273032515944
TMTC1,0.29547565622465666
ENTPD2,0.2954622194903683
MAGEA4-AS1,0.29546042996561445
ABHD15,0.2954567410065575
CES3,0.29541701627416356
ATP6V1B1,0.2954017487103661
CDHR2,0.2953889985581699
WDR54,0.2953667801598174
CUL7,0.29534745365908427
UGT1A4,0.29534261300274933
TTBK2,0.29528100260779083
CALML3,0.2952496276231057
LINC02381,0.29522686658029673
ZNF284,0.29519114764317633
BTBD8,0.29517792262862586
GATM,0.29517767811503604
PDC-AS1,0.2951734994107415
GPRC5B,0.29511497096430434
TACC3,0.2950783366648047
PTPRF,0.2950282631790938
SEMA6A,0.2950217051157131
CLDN20,0.2950060640945803
TNFAIP2,0.29498682224922773
ABHD8,0.2949823472606712
ENPP4,0.2949606855730643
SLC22A15,0.29492726312517153
DEXI,0.2949128674929249
HOXC13-AS,0.2948871145712532
ZNF114-AS1,0.2948188150934802
NUDT13,0.29481568783292805
LINC02749,0.2948088319762673
BISPR,0.29477686854368784
PRRC1,0.29477157403067134
MRE11,0.2947291599446979
LINC00582,0.29471236491906283
ZNF624,0.29469248808226073
KANK1,0.2946236352137172
SCN2A,0.2946037347076005
LRRC4,0.2945893971255435
GLDC,0.29456761225532896
SLC38A9,0.29454179661215063
APAF1,0.29449410787747027
LINC02607,0.2944880547063167
RFC4,0.2944865600823254
RTN4R,0.294458399885264
TMEM260,0.2944409354269676
MAN1A2,0.2944385656712911
SH3BP4,0.2944373333852352
FANCI,0.2944227229747477
LINC01511,0.29440828044831496
P2RY12,0.29438588180753544
ANKRD61,0.29438319493767906
EFCAB11,0.2943775164308928
BAG2,0.29435580722478205
EGFL6,0.2943101153729345
LRRIQ3,0.29430604192381016
TUBA3D,0.29428009966500335
PLGLB1,0.29427068996394157
SIPA1L1,0.29426091751105043
INPP5A,0.29424648331575104
CRAMP1,0.2942076378930298
ALKAL2,0.29418550034483854
STARD9,0.29411057034572036
CENPE,0.2940983635765333
TRBV4-1,0.2940265058994184
ORC1,0.2940020175528154
TRIP11,0.29393246613451013
SKA1,0.2939194409683446
ARHGAP11A,0.2939104830231988
VMAC,0.29388742267494816
ECE1,0.2938852808122526
ROCK2,0.29386621072488883
KMT2C,0.29375552431722357
C4orf33,0.293728960440312
NXPE4,0.29371498457124834
NAMPT,0.2937148077607852
TRAV2,0.2936735957343181
KIF21B,0.29363543620592114
MGAT2,0.2936292804749552
NOP9,0.2936234263616386
FZD8,0.2935629408569457
SLC12A9,0.29348563880303646
ETV1,0.2934740862359918
HACD3,0.2934700530882368
BDNF,0.29343777572500074
RYBP,0.2934201784242459
TMEM168,0.29340336230319375
MPPED2,0.2933995704907712
CD276,0.2933863765084145
DSCAS,0.29336965589142894
ADAMTS19-AS1,0.29335905824882325
SHPRH,0.2933552091921972
LINC01485,0.29332704728354353
FAM120B,0.29331027978356505
SLC12A8,0.29330798576838407
HEBP1,0.29330060076759096
RAP1GAP,0.2932869622748614
ARHGAP17,0.2932068222370738
C4orf54,0.29315929610937835
SH3TC1,0.29314389105948785
TCF24,0.29309780873285723
HMSD,0.29308392273675155
MED12,0.29307191135692834
KLHDC1,0.293018801363216
TNNI1,0.2930143098334788
TLN2,0.2929837108132967
SNHG20,0.29291501118938607
LINC01902,0.29286522015960703
OR5M11,0.29283545900632924
TP53BP2,0.2928028694543422
USP22,0.2927908878190581
GINM1,0.29274059260112095
PLCB1,0.29273509214132687
LGSN,0.29264869983288305
PARP9,0.292616783492723
ALKBH3-AS1,0.2925851955161285
GOLGA5,0.2925771487347127
SYNGR1,0.2925569880090572
TCEA2,0.29255175589870963
HAUS8,0.2925375138560569
HCP5B,0.2925045831189997
SPATA20,0.29249446171910015
TJAP1,0.2924817365311362
PLA2G6,0.2924815973520968
SHLD2,0.29239894687000323
IQGAP1,0.2923610181833016
SKOR1,0.29229067900906136
TET2,0.2922783558969583
ZNF397,0.2922520040720046
CLDN15,0.2922405932809456
MAPT,0.2922254034756056
CEP89,0.2921741305500471
BAIAP2L2,0.29217347626754797
TSC22D2,0.29216229879157585
STX7,0.292160687156734
ZNF26,0.29215987283223477
SH3BGRL3,0.2921460725080575
FIGNL1,0.29212966168630206
LINC02449,0.2921279482235419
OR56A1,0.2921201733615229
SCYL3,0.29208847851931835
CCDC28B,0.2920854911672397
ETAA1,0.29207885969051994
PCAT6,0.29205454399302255
FAM27C,0.2920313590798984
SNX30,0.2920189785474146
CEACAM7,0.2920180004776654
RAD51-AS1,0.2920152676330085
PCDHGA12,0.2919869748362128
ANKS6,0.2919755765807299
RBM43,0.2919624856462906
GAPVD1,0.2919015563324629
AGPAT5,0.29181360028224707
LAIR2,0.2917244234232345
HOTTIP,0.2916633309121438
ZNF329,0.29163717616352225
ETV3,0.2916369257749992
CMTM6,0.2916201022842048
PABPC4-AS1,0.2916103468338695
FBXL3,0.29160025186075483
PEX12,0.2915351000485725
LRRK2,0.2915324401338009
LYPD2,0.29152090545123444
ZNF10,0.29151346722763266
AHNAK,0.2914983020542163
ZNF837,0.29148616083915224
PLPP7,0.29147950975167736
ATF7IP2,0.291396213447757
CACNB1,0.29137260453698755
GRK7,0.2913335837350537
ZNF699,0.291269578637517
ATP2C1,0.2912653499288155
DSCAM,0.29124880671186265
LINC02660,0.2912228407639255
CNIH2,0.29121752466438533
LINC02853,0.2911693901821064
C8orf88,0.2911306147415643
SIN3B,0.2910938865061254
RASSF1,0.2910893787477206
PRICKLE2,0.29108857026542934
LINC01449,0.29108322490455124
HJV,0.2910815120765151
PROSER2-AS1,0.2910399740684207
NLGN1,0.2909544686203326
DNAH2,0.29087187006756077
GOLGA4,0.2908058611177736
ZNF784,0.29080228917324696
PSG4,0.29077737952159893
LSM5,0.2907246361267077
LRRC39,0.2906651565907283
SBNO1-AS1,0.29065862742994253
TADA2A,0.29064116831827713
MKRN2OS,0.2906163434201515
MACC1,0.29060699644085053
FGFBP1,0.290588878239543
NFKBIZ,0.2905858698620904
RBM26,0.29057807865829316
FAM171A2,0.2905638214976844
RNF133,0.29055698216014386
TMCO1-AS1,0.29053290824749106
SLC36A4,0.29052225706964147
TMEM88,0.2904890137796992
FMC1,0.2904777288552737
CLTRN,0.290444344799244
REST,0.2904185064463667
MEGF8,0.29039275345087867
FANCE,0.2903417102797793
STEAP1,0.2903296853321283
PHIP,0.2902964137291902
LRIG2,0.2902957574985318
GNL3L,0.2901703630472939
TEX55,0.29015869111623666
FAM3D,0.29011767044854536
RAB39B,0.2900484143019052
BCL2L2,0.29004353152310913
ECM2,0.29000676338193887
KRTCAP2,0.28998404609914086
DNAJB13,0.2899811243337066
COL17A1,0.2899454791873961
OTOP3,0.2899325831008142
ARHGEF37,0.2899084167611802
NBAS,0.2898287468975201
C6orf89,0.28982635562226167
HOXC-AS3,0.2897852027829589
FAM107A,0.28976449180000774
TJP3,0.2897104639124665
IQCN,0.28970230682081277
NOSTRIN,0.28968267207105364
ARHGAP11B,0.28968059295954673
MCM7,0.28967711904116766
SHOC2,0.2895862336940464
SOX12,0.28951800961020113
CALCA,0.2895011497108713
SIMC1,0.28946520171146334
ZNF571,0.28939152719889394
AMMECR1L,0.28938881934882005
AKR1C2,0.28936021677114276
LINC01206,0.2892677603982772
ASB1,0.2892601556847279
MS4A14,0.2892551032132114
CUBN,0.289254600060516
RNF183,0.28925280590410196
ERVMER34-1,0.2892179426850323
LBX2-AS1,0.28921189024477034
SLFN13,0.28919746624842274
GTF2I,0.2891467831496015
LINC01569,0.28911102838025166
CFAP410,0.28909600570794497
CD8B2,0.28897226302828233
CXXC1,0.2889691717868136
DNASE1,0.2889621562838982
ZNF677,0.28891824241159425
SNAPC1,0.288902065050666
GPATCH4,0.2888749595291249
DCST2,0.2888680242320478
TBX6,0.28885090652043055
LINC01192,0.28884906392558507
SPAG6,0.2888039723243914
ATP6AP1,0.2887971828207046
RCN1,0.288789208963357
CACNG4,0.2887791359061423
NKX1-2,0.28875167776996025
C1orf216,0.2886646829074344
TUBGCP3,0.2886452881534258
FLNA,0.28864428585749274
USP39,0.288578807445446
CAVIN1,0.28855245957560066
CRPPA,0.28853146285750797
CCDC28A-AS1,0.28847951718373727
KLF11,0.2884426100327915
ADAMTS16,0.28842938030215004
ZNF260,0.28839423952056176
ANKMY1,0.2883744283070967
KCNV1,0.2883074692817691
ZNF564,0.28825088063540755
GK,0.2882077669597952
SLC35A5,0.2881904454232623
NDRG1,0.28818323824500836
RUSC2,0.2881706836037305
ARHGEF38,0.288154820314924
ZFAND5,0.2881130950985462
PPIG,0.2881058122782018
UNC119,0.2880991310316439
FLJ12825,0.28800180014471044
DDX59,0.2880006367045417
DDX55,0.28795553290188075
ADGRG6,0.287939393106181
THTPA,0.2878848497229907
LZTS2,0.28785722892136867
TFB2M,0.2878439661256674
CERK,0.2878404491221425
TSHZ1,0.2877985210484528
MCM9,0.2877699583229756
CD164L2,0.2877669939669612
TMEM127,0.28771413589187483
HIC2,0.2876659334999396
ZNF674-AS1,0.2876449114949947
DUBR,0.28763012720670567
MIS18BP1,0.2876071742835298
HSF2BP,0.28758334500929034
CHD4,0.2875560639178113
PCBD1,0.28754805766468305
CIART,0.2874777286057207
ZNF281,0.2874695349598157
AFMID,0.28746058431771054
HELZ,0.28745561275422443
MYO1E,0.2874548766476391
HOXC8,0.2874540919280714
ATL1,0.28745380881655813
RADX,0.2874059610873411
RAD51AP2,0.2873958965692077
CEACAM3,0.2873707136901357
PAQR4,0.28735078624174787
NR3C1,0.28734555515029714
SMIM1,0.2873373524290711
PCGF2,0.28731813626657354
KATNAL2,0.2873076285777781
SPRY2,0.28727739481057646
EPHA5-AS1,0.28727231373557915
LINC02166,0.28723049417157787
TTC38,0.28720709587705145
SDR16C5,0.2871996190265952
HSPA13,0.28706740532564023
LMNTD2,0.28705830454684567
ZDHHC3,0.28697237397683095
RWDD2A,0.2869652294939406
SLC25A21,0.2869490142442604
CTXND1,0.28693368684059367
DNAJC21,0.28689245905225386
C9orf40,0.28687119013432766
RTCA-AS1,0.2868687756987737
DDHD2,0.2868089134915147
TMPRSS11D,0.28680617190184954
ZNF460-AS1,0.28673662424851376
ALPK1,0.2866912257193588
HIVEP1,0.2866533147543317
MAU2,0.28664906589902983
IRAK4,0.28662453209660477
EPB41L4A,0.28660108024794734
POLR3G,0.28659204736326693
CRK,0.2865551605144634
MANSC1,0.2865362929962942
SLC52A1,0.2865183776842584
PHF21A,0.28648612615988656
PAX6,0.28648443168698706
ENPP3,0.28646245432678563
PRR33,0.28646229147926
MKI67,0.2864586699429948
RIC3,0.2864384608552946
GABPB1-AS1,0.2863416851518929
GAS2L3,0.2862817071341095
MIB1,0.2862729526904959
RNASEL,0.2862066442581107
PTBP2,0.2861586112126077
TRIOBP,0.2861444333009623
USP12,0.28611306847858087
PLPP5,0.2860943957048697
TGM5,0.28606739096919936
LINC00896,0.286015587073405
ALG10,0.286011241057721
RLF,0.2859775979024618
KIFC3,0.28592804924205084
TTC8,0.2859179350611153
PDCL2,0.285916090810717
PARP10,0.2858537545086371
GPC2,0.28582156101959266
ITFG1,0.28569005893071353
SLC9A4,0.2856654659079827
LGALS4,0.28566500824987767
ENO4,0.2856414506594807
PROM2,0.28558067346933147
LINC01504,0.2854863894616271
STAMBP,0.28546225752741317
EFCAB14,0.28544049051467557
CLK1,0.2854295495626716
FANCD2OS,0.2854275895691951
LINC01611,0.2854163704183904
RPP25,0.2854078266794077
KDM4D,0.2854011288443625
BCL2L10,0.2853942466024858
PCAT19,0.28539118510135214
ZFPM2,0.2852693232742579
ATP13A4,0.285243389500621
CAMK4,0.28523261987466825
EIF2AK3-DT,0.28523065872664477
EHMT1,0.2852056058611245
DESI2,0.28514800534329093
SCNN1A,0.2851328044615148
METRN,0.28508817997705205
LMNB1,0.2850411670045523
IL1RAPL2,0.2850156948561094
ANKAR,0.28500089301620607
TMEM105,0.2849639419772938
SERINC2,0.2849413681903255
FGF7,0.28492941031732505
CAPG,0.28492284385479205
P4HA3,0.28491970648436793
EHD3,0.2849023752967964
ATP11A-AS1,0.2848911249132632
RAB32,0.2848822978683186
CSPP1,0.28486586809469633
ZNF182,0.28485500241898426
EPHX4,0.28485058702337357
TIPARP,0.28483436516047794
ITPRID2,0.28466709144036234
TRPM5,0.28460826983567394
FBXL20,0.28456240714273245
HECTD4,0.2845439195222519
GANAB,0.28452676455546266
GTF3C4,0.2844655434003912
TUBD1,0.2844534387681744
MBTPS2,0.2844323643861641
ANPEP,0.28439937920987113
SLC5A4-AS1,0.28438578244885365
APH1B,0.2843460411482437
SLC44A4,0.2842558343193977
CBX2,0.28422484981939994
ENOSF1,0.28414765781234025
DENND6B,0.28408646225832607
ZBTB33,0.2840748481644447
TMEM233,0.2840207358187356
DCLRE1A,0.2840042012124577
CD200R1,0.28400353376933757
LAMP2,0.2839327478429174
DYM,0.28392697240697223
CLCA4,0.28389703121490717
PEAK1,0.2838433633452546
TMEM81,0.28384018889353196
FOXO6,0.2838053660111988
PLA2G3,0.2838034224771664
PIM3,0.2837871606040479
LINC00511,0.283786049571319
KLHL13,0.28377801753065746
SLC25A38,0.2837457378300697
CCDC187,0.28373081861089877
SESN2,0.28370925435579797
VPS54,0.2836146740241598
SEMA3D,0.2835850865873478
STAT1,0.283504507720011
PHYH,0.2834309292508282
SCGB2B2,0.2834262637901105
DBR1,0.2833869421336142
DLGAP1-AS1,0.2833714454360709
ZNF681,0.28336088485688704
AMIGO1,0.2833505665334723
HCN3,0.28334369675993004
CDS2,0.2833424347522193
MYO1B,0.2833313921221416
FZD2,0.28332483903431344
SGTB,0.283315205478522
UBE2D3,0.283305042491986
ARL13B,0.28330078443353746
CTDSP1,0.2832880442874371
PROCA1,0.28328570503845074
RDX,0.2832693196044269
RAB3B,0.2832612576211134
ESR2,0.28308230180429333
HOMEZ,0.28308187741691554
PRELP,0.28306731070842694
NRIP2,0.2830569509858128
WWP1,0.28305147631722666
BARD1,0.2829806828391695
SLC25A23,0.28296758306026804
SPPL2A,0.28296242018578543
ERMP1,0.2829537293781235
LRRC49,0.28289099056926875
TRPM2,0.28288876613710784
ST3GAL4,0.2828884488834539
CASTOR2,0.28285129723750574
ASB16,0.2828202194520538
MRPL20-DT,0.28281520812781435
SHE,0.2827906551031369
ZBED2,0.2827714795768193
SPAG16,0.282764763316063
KRT7,0.28276397684983734
RBM34,0.28274732056949053
CSMD3,0.2827251520818835
TTC39A,0.28270372858374543
WNT2B,0.28264112023624666
B4GALT1-AS1,0.28260845857058037
ZNF490,0.2825932337327582
POP7,0.2825882280014944
LRP5L,0.282582429047582
ATP6V1C1,0.28257945633782305
C1QTNF3,0.28257079302601623
TOX4,0.2825627758956446
XKR6,0.282521636038755
DYNC2I1,0.282489537665204
SFTA1P,0.28247986785342794
LINC01684,0.2824649228094595
MMRN1,0.2824586148200013
ABRAXAS1,0.2824212894390808
POC1B,0.2824107213288958
KLHL11,0.2823721281293476
CDKAL1,0.28236869429612677
DHODH,0.28231052355850633
DDIAS,0.2822713942112499
RAB33A,0.2822709076779402
SEMA3E,0.2822379049262972
DMC1,0.28222868175240484
MCM10,0.2822089586932165
MBD5,0.28217412367410477
MCM8,0.28216969062145886
ZNF747,0.28214471861416207
KCNIP4-IT1,0.2821416705967349
LINC01234,0.28212987756367863
CCDC175,0.2820991061735504
PRR15L,0.2820423480941174
DCUN1D1,0.28194363271417466
SPATS2L,0.281925025499124
AKR1C3,0.2819241597510798
F2RL2,0.28188774534382754
TNRC6B,0.2818311943372494
ZNF33A,0.28183042947360837
TMEM30A-DT,0.2818142176639268
PPIF,0.2818107992778125
AKR1C1,0.2816721799160646
KCNQ1,0.2816330682717117
ZNF529,0.2815842433408936
PGLYRP3,0.2815098399779499
PITPNC1,0.281493787448245
RBM33,0.2814928353674434
FGF19,0.2813742234364198
EFCAB6,0.2813526730068621
BCL2L14,0.2813515779943454
LINC00540,0.2813169739299932
TRIM23,0.2812808571724501
ZNF732,0.2811813432227682
SPIN3,0.2811777172744053
RAMP3,0.2811120660998601
NRDE2,0.2810873393911908
POLB,0.28107793755666266
E2F2,0.28107004098031796
LINC02809,0.2810421869772738
ETV7-AS1,0.2809610594426151
OSCP1,0.2809241404438578
SLAMF9,0.2808852507762263
LRP12,0.2808789032915109
TMEM220,0.2808322042417621
NCKIPSD,0.2808293742614306
SCN2B,0.2808103991152432
OLMALINC,0.2807950076673176
TGOLN2,0.2807849256274986
PRPH,0.28077195540489863
ZNF638,0.28074559226492074
THEM4,0.2806852039518047
KANSL1L-AS1,0.2806694676430854
LINC00839,0.2806549209748579
PRDM12,0.2806481891191356
GOLT1A,0.2806472561755734
TESK1,0.28062304815237626
PIDD1,0.28058119327586906
APLP1,0.28049157890100446
PLXNB3,0.28048880250210834
L3HYPDH,0.28044504094243144
RAPGEF6,0.2804395785109898
ARMH1,0.2804175066158457
WWOX,0.28039417890579027
TRAV21,0.28039013323111545
SLC24A2,0.28034550249025836
MAGEF1,0.2803260300235446
TEX9,0.2803255518402881
NTAQ1,0.28029936276813283
SUN1,0.28029876683090255
CXorf38,0.28028748448980173
NDRG4,0.28028664314853546
CHRDL1,0.28027246007308565
WDR5B,0.2802537882838455
BPTF,0.28020634358959406
FCN1,0.28019908044032316
CSTF2T,0.28018938881343375
GAS2,0.2801522434971488
FXYD3,0.2800926316895863
LRRC7,0.28007415677223224
MYOZ3,0.2800612439034822
BCL2,0.2800381373833994
SOCS7,0.2800180250582292
AIFM3,0.28000738454542523
LINC02408,0.2799977941016554
STRA6,0.2799657105853053
USP51,0.2799538475259128
TGM3,0.27993947109102246
FAM81A,0.27989965603563216
PCDH1,0.2798668896390028
DNAJC12,0.27983089619053036
WBP1L,0.2798149459927844
TTC19,0.27981301333397784
ZFP42,0.2797832399477359
PHTF2,0.27973096657180774
USP37,0.27972959108363565
ZNF44,0.2797271767334048
CASC20,0.2797184518200523
CHRNB4,0.27965172214429884
SGCG,0.2796447883269862
PDSS1,0.2796053303624044
FOXS1,0.27959900972013685
RAP2B,0.2795824572697807
FAM182B,0.27957796731701334
SPEG,0.2794828341383206
TSEN15,0.27943503617994614
OAS1,0.27941427687230674
UGDH,0.2794013460231007
SPATS2,0.2793935305315969
SLC25A4,0.2793546056476354
CALCRL,0.2793434130633067
GSTZ1,0.2793017483087164
BIRC2,0.2792851547184896
TRIM29,0.27927790886939324
NANP,0.2792720157705945
TRAV16,0.27927054678082175
STXBP5,0.2792630230469167
SLC4A7,0.2792471665651054
CTBS,0.2792421639141416
TASOR2,0.27923426722533884
SLC16A4,0.27920527731889855
TYK2,0.2791939916501451
TRBV6-5,0.279177243982439
STAG3,0.27914005295179795
SLC25A40,0.2791024791764291
MAST2,0.2790672430328227
FOXC2,0.27902383824318694
CNTNAP3C,0.27899827655923304
PDE11A,0.27887053270940165
RAB3IL1,0.27886443876118727
OSTM1,0.2788260532098748
NKTR,0.27880390818814565
DPP10-AS1,0.27880137595719956
PPARG,0.2787299792992401
ZNF326,0.2786295744580353
TNFRSF10D,0.27861486218738657
DCHS1,0.2785899057148697
SQLE,0.27856981952888704
HDHD2,0.27855154924524267
PPP1R3G,0.27850239346719874
ZBTB14,0.2784325305931474
BPHL,0.27839878515615113
FNBP1L,0.27836896905752145
SCPEP1,0.278362307470839
CPNE8-AS1,0.27835353952921177
SBK1,0.2783195119536193
ZNF597,0.2783059598104099
ITGB3,0.27828920120575684
MUC16,0.2782891508890029
TMC5,0.2782521474990718
SHISA2,0.27823269848605975
NFIB,0.2782318755420728
GTF2IRD2B,0.27820768957659137
RPS6KL1,0.27817941922185657
PCDHB13,0.2781677141824875
VSIR,0.27816483838344663
VKORC1L1,0.27815679087497086
LINC00348,0.27811190068435565
CYB561A3,0.2781113958396488
TRBV10-3,0.2780518301607146
JRK,0.27804585185178193
TLCD5,0.27803215536894577
UCA1,0.2780167469761131
RNF182,0.2779750828871951
ZRANB3,0.2778506893617901
AGO4,0.27784969221140515
EFR3A,0.2778473026726927
GOPC,0.277803162351586
QSOX2,0.2778022677485242
ZBTB26,0.2777928631726715
PAX9,0.2777720244729042
LGALS9B,0.27776934841611894
SLC5A3,0.2777579553053487
CEP44,0.27774729805762094
AXIN2,0.27773627038091064
BDNF-AS,0.27772944409725875
OLFML2A,0.27770636078639394
MYORG,0.27767695049406066
BCKDHB,0.27766829560323375
LINC01545,0.27762223748990694
NUP62,0.2776138269809104
ADCY2,0.27760168082739334
IBTK,0.2775713465990377
E2F8,0.27750593010468844
TREM1,0.27740432993192604
DNAJB6,0.27734980217829297
IPCEF1,0.2773285482978655
CACHD1,0.27728347879008475
LINC01811,0.27728282607826066
CLDN16,0.2772726056493843
RB1CC1,0.27727026666435856
LINC01249,0.27723649518454
GPC3,0.2772088896871853
FAM193A,0.27720468843507146
N4BP1,0.2771942260689595
FGF22,0.27718264664017883
KRTAP5-10,0.27717447576078275
RUNDC1,0.27715742250904984
CDKL2,0.2771068278349281
CDK5RAP2,0.2770966550780919
DMTN,0.27704992201004813
WWC1,0.2770372188100639
NORAD,0.2769463048731712
MYL12A,0.27693171460723026
APCDD1,0.27689556575824553
ZNF25,0.27688660934105536
ATF7,0.2768600192317949
SALRNA1,0.2766718583665492
GXYLT1,0.2766629481977234
GALC,0.27660976977929225
CAPN13,0.2766074027764146
FAM149B1,0.27658302681642144
CORIN,0.276566502635689
TMTC2,0.27656516314848245
ZNF404,0.2765374402995364
SFI1,0.276528952721873
ZNF283,0.27652846611695914
DYNC1LI2,0.2765260382154469
NDUFA13,0.27650378256651037
CTSC,0.27648548618977503
ZNF488,0.27644541466476796
YTHDF3,0.2763474726477121
BSN,0.2763295275851202
MAPKAPK2,0.2763291376797987
MTERF4,0.276300558483777
RCCD1,0.27627912678982186
CORO2A,0.27621866702026926
TPM1-AS,0.27620741645784086
DOK1,0.2761790674013292
RSU1,0.2761429931494861
PLAUR,0.2761400068176584
WDR48,0.2761370041889205
LINC01271,0.2760990784472811
CDC5L,0.2760298614901992
RBFADN,0.2760082866349495
MAPRE3,0.2760045716010189
MAP4K4,0.2759923932915739
NRSN2,0.2759687424871632
PCNX4,0.27581572345234007
TRAF3IP1,0.2758155530101211
SMARCE1,0.27581457735135184
CENPA,0.2758031321424524
A1CF,0.27579745707266146
MYO15B,0.2757905304075285
RAB28,0.27576655392752675
LINC02443,0.27576067244531893
NAV3,0.2756698479222807
EPC2,0.2755940415674303
IKBIP,0.27556397551843004
AGER,0.2755323744571077
MAP3K1,0.27550003365603215
ADCY5,0.27547904710380655
YEATS2-AS1,0.2754706982816022
ZNF112,0.2754623808923983
CATSPER2,0.27544934376146596
MT2A,0.2754390766264792
DYRK1A,0.27542078178097873
EHMT2,0.2754169150444764
GJA4,0.2753901652109344
CLDN4,0.27535562543295944
FOXCUT,0.2753500678737233
RBM20,0.275334510717592
BPNT2,0.27529968539460126
KIF3C,0.27529851715159204
ZNF669,0.2752913798155494
MFSD2B,0.2752750750809595
ZDHHC5,0.2752242772292998
FEZ2,0.2752155666885816
DUSP8,0.2752082185562755
GRM7,0.275184276702053
FGFBP2,0.2751745178262045
AMH,0.2751364847327155
BBS5,0.27511870497485674
GRB2,0.27510760498509873
LINC02482,0.2750914685620993
FCMR,0.2750907942494334
LINC00640,0.2750759608084397
F3,0.27507161271958713
CST3,0.27502106914927393
GON4L,0.27500131660341176
ARMC2,0.2749873287106151
SIGLECL1,0.2749467711048935
HERC4,0.27490193121796985
ITGB8,0.2748960823651023
SMPDL3B,0.2748266573673463
TIPARP-AS1,0.27482251695952836
LCN2,0.2748107863052383
CLHC1,0.27481021075077977
EGFL7,0.2748024472703174
MAZ,0.27479812095182676
MGAT3,0.27476293249951844
LRRN1,0.27470881222634475
GLRA3,0.2747059634729673
MNS1,0.2746612823404703
ZNF71,0.2746484519159542
BEND6,0.27461031207240294
SPHK2,0.2745782095392866
NPHP3,0.2745475423110525
RDH13,0.2745362396314468
SHISA4,0.2745192741188404
GUSB,0.2744519273788696
LINC01424,0.2744344256194333
IGLV5-48,0.27442887583097747
TNNC2,0.2743099823114637
GNPTAB,0.27427465720309147
LINC01237,0.2742552764992573
TRIM72,0.2741513620968076
SEPSECS-AS1,0.2741399609262593
FAM72A,0.27411158713919725
PRR18,0.2741063845887924
PRKCQ-AS1,0.2740847312093077
DSCC1,0.2740511546500207
PLCE1,0.27404898631709695
PHLDB3,0.27400756903357715
HOXC10,0.27393035198320265
DNASE1L3,0.2739104935479327
HGD,0.2739084450054398
SRRM5,0.2738962811456185
BACE1-AS,0.2738950335967917
GCH1,0.2738721445941796
NBPF3,0.2738450011697984
ZNF485,0.2738150954651897
ZNF436-AS1,0.2737275003943284
FUT4,0.27363328972522594
R3HCC1L,0.2736231607048812
DDX60,0.27361129282214275
NRARP,0.2736028818407224
SMIM38,0.2735983202291082
SOWAHB,0.2735948607586283
CDHR1,0.27357442743985716
LINC00601,0.2735457638339678
CRTC1,0.2734676110663922
LINC01619,0.2734599656177071
IL11,0.27345756588733355
TGDS,0.27345350700783355
PLSCR1,0.27344763860248344
TMEM163,0.27344238590495396
PPP1R9A-AS1,0.2734051663554596
GPR176,0.27339614408227414
PRKAR2B,0.2733694126344157
SCAT8,0.27331665515044096
P2RX5,0.27329859161271186
NUP188,0.27324586989084354
DEFB1,0.27319221211533035
CCDC171,0.2731222752352937
POLD1,0.2731216857865178
FAIM,0.27312009475278637
ZDHHC19,0.27310588103073535
KIDINS220,0.27305529535656525
CFAP44,0.2730235607995824
IZUMO2,0.2730133338459372
C17orf75,0.27300990613583126
NKPD1,0.27296954002773766
CEP97,0.2729135911486296
CEBPA-DT,0.2729095920743743
PDE6D,0.2729076918638791
PLSCR2,0.27287327122193694
MTMR10,0.27275689174635614
RGL1,0.2727116572103352
CARNMT1,0.2727007624829842
RRM2,0.2726988844872983
GLB1L,0.2726933024863611
CHODL,0.27268757658527315
FBF1,0.27267325510782053
KCNJ1,0.27266832481076525
RNASEH2A,0.2726655689277834
SNHG32,0.2726592381311998
NUP214,0.2726129007633281
PRCD,0.2726010482941382
USP4,0.27258074551204725
ST20,0.2725530136898219
BRMS1L,0.27251846651172024
TPK1,0.272506119511075
CARD6,0.2724777492638968
LDLRAD4-AS1,0.27244727203167235
PRANCR,0.2724100640975765
VIPR1,0.2723815827838131
PIP5K1B,0.27235117202163317
FAM72B,0.2723497769666974
MICB-DT,0.2723204205846199
FBXO46,0.272299191490851
ZNF2,0.27229788002362876
TBC1D8,0.2721479176642902
HAUS7,0.27212589049427094
FTH1,0.2720970894238861
SPATA2,0.27208430428454483
NUP93,0.27206797757721185
SOX2-OT,0.27200932280378426
PORCN,0.27200502806586985
MS4A3,0.27199853840009175
LINC01775,0.27198084183310395
SETD6,0.271967742155806
ZNF394,0.2719320917668695
ZNF444,0.271930783172264
RNF13,0.2719233044878515
MAP4K3-DT,0.27189809920912883
RAB39A,0.2718956766113367
PRIM2,0.27187562732909504
CARMIL3,0.2718228817262484
PARN,0.271798548444605
SEMA6C,0.27178291019033707
TFE3,0.2717821336524436
GTF2IRD2,0.2717808918767887
ARMC10,0.271671814175354
SPACA4,0.27163828821020114
NME9,0.2716187608743872
ELP1,0.2715916488900692
RTBDN,0.27159113059859724
AZI2,0.2715725399549481
GPD2,0.27145596692872004
CUZD1,0.2714430416913693
OTUD4,0.27136939421571354
THAP9,0.2713483839535038
TMOD2,0.2712657809426501
SLC30A10,0.2712555130025042
SLFNL1-AS1,0.271205510572091
ADGRE1,0.2712047577437247
SH3BP5,0.2711035827129341
GRIA3,0.2711029688478523
CD2BP2-DT,0.27109087819916544
ADPGK,0.2710901905510147
ATAD2B,0.27107190931503106
ARHGAP24,0.2710655264767122
ANKRD33,0.2710534827256351
DCAF1,0.27104857471811405
ABCG8,0.27103509330828685
DSCR9,0.2710227054078563
GAS2L2,0.27097021168908997
RASD2,0.2708583735224541
MEG9,0.27080806277098113
SLC15A4,0.2707356973805924
GTPBP2,0.27071816637613433
LINC02388,0.2706856680667519
ASH2L,0.2706744039228992
POT1,0.27064413212035965
ZNF415,0.27064211774198166
CSMD2,0.27062690578553317
ITSN2,0.27061972467011414
ACOXL-AS1,0.2706192797058478
CRISPLD1,0.27060348094710035
ITM2B,0.27060004365277085
TNFAIP3,0.27056734379438996
FAM110C,0.27055332215731814
KCNQ5-AS1,0.2705473057731691
NRIP3,0.27053987940215907
TAS2R20,0.2705097940001859
NXN,0.2704967866681852
GPT,0.27049159056828853
JPH3,0.27044468590898463
FBXO24,0.2703876165007621
CALB1,0.2703365873204623
PARP3,0.2703352862996327
MOK,0.2703085663784354
ECHDC2,0.27029700068082757
ARL9,0.2702966183607008
LINC00486,0.27028743757718715
NARF-IT1,0.27028370876710606
TIE1,0.27024115261950477
PBX4,0.27014892973673615
BRS3,0.2701214338042721
SYNRG,0.27010486115424803
IDNK,0.2700658317550781
ADH6,0.27005980689062986
LINC01703,0.27003330297365297
MDC1,0.2700199478581374
STPG2,0.26998440708216137
KLF8,0.269981743084943
ZNF841,0.2699425969866764
TBR1,0.269939955313698
CHD7,0.2699339320820878
LILRA1,0.26993327606594425
INA,0.2698736269265042
CYSTM1,0.26986565494490317
GTSE1-DT,0.26984496613133074
CKM,0.2698083565825874
ZMAT3,0.2697955770973646
DTX2,0.2697720731838328
FAM149A,0.26970158140069544
RNF220,0.2696717239756041
DEPTOR,0.2696082457114007
PNLDC1,0.26958398023176966
HNRNPA0,0.2695547050419979
TMED7,0.26949270837166694
ARHGEF1,0.2694926316574254
ZDHHC7,0.26946061854733955
TMEM225B,0.26934212099721927
RECQL4,0.2693304227702082
CPNE8,0.2692907668310267
TRAV8-6,0.2692898206232164
KLHL29,0.26928664265362956
TAOK2,0.269276664190915
COL27A1,0.26926894458813694
UPK2,0.2692535489025326
NFKBID,0.2692402362035914
ANGPTL1,0.2692401048252984
TRAV8-4,0.26923160865440665
CHCHD6,0.2692170249805613
PITPNM3,0.2692100043033429
LDHB,0.2692062745338353
ABRA,0.26918904344441336
LINC02086,0.2691605669558285
NBPF10,0.26915776910533135
ACVR1B,0.26906443968839955
LARP1B,0.2690583156298874
CNNM4,0.2689990838283948
CCDC117,0.2689893401028963
ZNF34,0.26897765787792155
SAMD9,0.2689657999352349
TBX20,0.2689601889383257
CBLL1,0.26895131996411653
TBX19,0.26891992505164247
SNHG18,0.2689054195895914
POGK,0.26887808516201395
GDPD3,0.26887726612244706
PURB,0.2688383062041923
GRIP2,0.2687601036804997
SFT2D2,0.2687307614006197
RNF115,0.26871958971643806
SMAD1,0.2687134051294476
SPDYE3,0.26869800702913094
CASQ1,0.2686726979209094
DACH1,0.268668171804896
MEIOB,0.268607539900287
DCAF8,0.26860237558946093
LDB3,0.2685852548464288
IGFL2-AS1,0.2685326856881816
DAPL1,0.2684533707311751
MAP6,0.2684410463808542
RDM1,0.2683931125151844
GPR137B,0.26832144153319204
ZMYND12,0.26831934931192253
ABCA5,0.26830742081882
LINC02434,0.2682711281126993
PLA2G4A,0.26823240789758324
MYO1D,0.26820044780034585
PCP4,0.2681538899278152
PKP1,0.26807509014432634
SH2D6,0.26803181604417753
MLXIPL,0.2679178003318443
GOLGA8H,0.2678931744753889
PCDHGC4,0.26787464320351045
SCAMP5,0.2678726848197852
HESX1,0.26787078649810764
SUV39H2,0.2678675564441662
ACOT1,0.2678559836162663
DUOXA2,0.267817939100739
LHX1,0.2678123107526716
JMY,0.2677518184165529
LINC01551,0.26771846154144335
ZNF225,0.2676807613963756
CLDN18,0.26767851124667014
ZNF69,0.26765443258205784
ZNF20,0.26761672747462234
TIGD4,0.2675896030212256
MORC2,0.2675643042959139
SC5D,0.2675612387400299
BCLAF3,0.26753567387988025
NAPEPLD,0.2675037234612545
GBP3,0.26748197750179253
LINC01359,0.26739379136853914
LINC01036,0.26739253985173805
PBX3,0.26738352306497337
HAP1,0.26736434925228203
EID3,0.26736259961748604
PLPPR4,0.26728764337731264
LCE3A,0.26727646989860554
EDRF1,0.2672672534369001
ARHGEF3,0.2672619059803699
SNRNP200,0.2672487138421113
SMYD3-AS1,0.26722343950237454
TSPAN18,0.26721457719152797
USH2A,0.26721216435485695
TRAV23DV6,0.2672060565674084
BCL7A,0.2671971907642009
LINC00652,0.26717980967330685
ARHGAP35,0.26717627092234064
L3MBTL4,0.26711815788394866
NEBL,0.26706519685520186
DCLRE1C,0.26701583903947823
ARL2BP,0.26701191286311743
KDM4A-AS1,0.2670065552596838
CREB3L2,0.2669628605036629
UGGT2,0.2668919965065622
ATP7A,0.26687792573820596
ZNF136,0.2668328730838912
POGLUT1,0.2668136740519135
TTL,0.26680354587433447
TM7SF2,0.26678415207506667
NTPCR,0.26670819846813154
LNPK,0.26666753788844466
PNKP,0.2666395578880431
TMEM170B,0.2666309530402902
CLDN11,0.2666146225253868
RSAD2,0.2665929931166828
HSPA1L,0.2665419814035322
TMEM145,0.26652828711471227
ZSCAN22,0.2665236072504502
TNKS1BP1,0.2665207049427724
CCL25,0.2664884235580693
SCAF11,0.26645900801220845
KIAA1586,0.26644377416571435
NELFA,0.26640464357025856
QRICH1,0.26640068554116453
LINC02877,0.266399039106745
ADAMTS18,0.26635721357701403
RIPK2,0.2663449597074398
SLC12A4,0.2663162464504114
TATDN3,0.2663080587311178
ADAR,0.2662863695356225
SELP,0.2662664560293383
HEATR4,0.2662652330549252
PCDHGC3,0.2661776225753219
NT5C2,0.26616437452037844
TSTD2,0.26613336146529937
MFAP3L,0.2660597563995053
SP2-AS1,0.2660420865056519
CT62,0.2660096190026528
ARHGAP23,0.2659427660404025
LRP1B,0.2659283593678698
PCARE,0.2659061489493158
RWDD3,0.26590008769014123
ERG,0.2658455339838365
BORCS8,0.2658146270050426
GARRE1,0.26580295521566477
ARMC3,0.26579903083321466
DSG2-AS1,0.26575054589069075
ITFG2,0.26575024297780003
SGPP2,0.2657364316392301
DNAH3,0.2657350732062841
SLC35D3,0.2657275101308101
ATP2B4,0.2656609652559515
SRRM2-AS1,0.2656371387456064
LINC02783,0.2655924997468992
KDM7A,0.26557077726399636
ADAT2,0.2655604295369156
HADH,0.26551208754841016
PNP,0.2654276938086138
TMEM86B,0.26541471046698906
CEP128,0.2653971017184392
DTX4,0.26538350011299067
FGD5-AS1,0.26537336713665294
PPP2R5C,0.2653698722506643
ZXDB,0.26528405188014287
HDGFL3,0.2652747170340813
TMX1,0.2652326486762787
DGCR5,0.2652162314367139
MUC13,0.26519581991700025
NSMCE3,0.26519495797305676
KIRREL3,0.26517822446851386
ATRNL1,0.2651633959204516
GNG4,0.2651541288804395
KLHL4,0.26512465267194596
FAM90A1,0.2651144809797646
MEX3D,0.2650820562691524
MAP3K20,0.26498531379921647
PLEKHA7,0.26497352214830855
TUBG2,0.26496123495162505
SLC35A4,0.26495555283402045
HSPB6,0.26493107401353017
FAM86B1,0.26487104579691756
MAP2K4,0.2648318441024716
SRPRA,0.26483164975331214
SUZ12,0.26482582755665457
LINC00867,0.2648251386016618
MIR3945HG,0.26479471303352997
TTC33,0.2647851141724804
USO1,0.2647725838859959
NPEPL1,0.26475532618795156
GSK3A,0.2647392451331279
MYO6,0.2646450243508388
PIK3IP1,0.2646410284940411
ABCA9,0.2646369590901486
GCLC,0.26462787237644786
TCAF1,0.26460860146968557
LINC01515,0.264601964683814
CCNH,0.26459976025672716
LINC02739,0.2645886338806543
CRB3,0.26456955001418286
DEPDC4,0.2645280849908632
MYNN,0.26452661952459094
LINC01451,0.2644571544568726
RAD52,0.2644340716400434
AQP10,0.2643955446877983
ARHGAP8,0.2642856014428186
HSD17B2,0.26427105584131777
BAHD1,0.2642147829376086
PRH1,0.264214541006382
RABEP1,0.26420802664335774
WWTR1-IT1,0.26418654839347655
ASCL1,0.2641375964129707
LINC02301,0.2640675849585838
ZC3H10,0.26402689514984534
BBS9,0.2640113648847816
PRKAR2A-AS1,0.26395934068683213
STYK1,0.2639488416518229
G6PC3,0.26386908479571675
ZHX2,0.26385818599677996
EEF1AKMT2,0.2638573280505086
SPATA21,0.26378039479680987
TAF6,0.2637670064737195
SLC35G1,0.2637140458236864
C19orf18,0.263656541247975
RHEX,0.2636205385314447
PNMA8A,0.2636002977290545
KBTBD11-OT1,0.2635475405487417
PRR19,0.2635291760131602
RHNO1,0.2634891116241617
LINC00294,0.26340316634128796
HOXA10-AS,0.26330604230410615
AFDN,0.2632912172730046
ZNF543,0.26325059081967855
SPAG5-AS1,0.2632382727273777
PCDH18,0.26323696690472614
MMP7,0.2632320089809438
CXADR,0.2632289698228975
PLEKHA8,0.263218532390408
MEX3C,0.2631519390513102
WFDC3,0.2631428791320347
STIL,0.2631052421501933
DAZAP2,0.2630825729016057
WHRN,0.26307138938198615
HSPB3,0.2630535196564605
CDON,0.2630415538463888
SMTNL2,0.2630368262807936
DDN,0.2630337942492124
KANSL1,0.263033753515289
KCNJ3,0.262985302790874
IGF2BP1,0.2629640059440674
MNX1-AS1,0.2629233110345427
SMARCC2,0.26292213759314026
MFSD6,0.2628995038726932
ICE1,0.2628957412480379
ISM2,0.262889199294889
HERC6,0.26288119511743885
C2orf68,0.2628388846553226
NCOR1,0.2628193423945286
GLYCTK,0.2627943506434998
SERPINB5,0.26278177648496254
CBX8,0.26275361200559305
SPNS2,0.2627008733245194
CERS6,0.26270031302277635
GSDME,0.2626896575907513
DCDC2B,0.2626845084214129
ZBTB9,0.2626720055961582
SPTSSB,0.26263693428047946
ZNF347,0.26262600577795014
PCDHGB7,0.26256391007894414
GTF2IRD1,0.26255283546771796
ZNF780A,0.26247317053585073
GFI1,0.2624520293902355
CDH12,0.2624362715879978
CENATAC-DT,0.2624328353643516
SCML1,0.26241661477368633
RTL8C,0.2623337328009909
AMTN,0.2622924293353673
TMEM143,0.2622553414030357
PDE6B,0.26222555947503867
AFF2,0.2622180149180755
CAMSAP2,0.2622147801931967
RAD54B,0.26221290879557924
RAET1G,0.2622111182687911
JUP,0.26214576246566607
ACBD4,0.2620994824652785
ZNF396,0.2620801124828422
SGK3,0.26208008035896696
OTX2,0.2620726519184842
ZMYM3,0.26205187531215324
GRINA,0.262036270552351
HKDC1,0.26201664705438465
COPZ2,0.2619562252588667
CDC7,0.26193468834654693
DCAF7,0.2619192566938334
ZNF471,0.2619140763368585
CENPH,0.26189764043559677
CYP20A1,0.26187583177269963
SYTL5,0.2618628896216917
NFXL1,0.26180316011430566
NLGN3,0.2617678320688995
ATG12,0.26176480337436425
ARHGEF39,0.2616944952766441
MLLT11,0.2616825864050947
SPRR4,0.26168150403110013
BDP1,0.26168009480714305
BDKRB1,0.26148731248436036
METTL2A,0.2614780504969246
SEMA4F,0.26140203464360073
TRAK1,0.2613605631828073
SMARCAD1,0.2613581907271064
SLC25A46,0.261343004935426
GK5,0.2612863069322015
LPCAT4,0.2612830005983868
SLC30A8,0.261270726787667
ANK3-DT,0.261251189801878
ARHGEF19,0.26119331164017784
GPR68,0.2611122561452341
IZUMO1,0.26108917697795603
JAKMIP3,0.2610864013784087
MFSD6L,0.2610673507233014
PTGR2,0.2610600435943618
CENPK,0.2610583705221615
PCDHGB5,0.26104547726769267
LINC01087,0.2610398808244536
CAGE1,0.2610257302842983
LAPTM4A,0.26092158759159145
GCFC2,0.2609139912515178
TBCD,0.26089357377665245
HOXA9,0.26087356526779
TXNDC16,0.2608295112945586
KLHL2,0.2607590183529623
DHFR2,0.26074368017686794
TRIM21,0.2607206970575117
FOXI3,0.26071598815164704
USP2-AS1,0.2606940935947715
DDX6,0.2606517505972534
POLI,0.26064185436520415
SMARCD3,0.2606179417830885
CALML4,0.26058736004617183
BAG4,0.26050034209280554
ADAT1,0.2604808421948734
TMCC2,0.26047031536268334
KLC4,0.2604659117471331
PRDM15,0.2604441270393717
MCM3,0.2604326854481415
N4BP2,0.26043141638075745
RELT,0.26041744941730516
JADE1,0.260383769725948
CPT1A,0.2603326803318654
SPRY1,0.2603049338901067
SH3BP1,0.26026391081936534
ZNF528-AS1,0.26025255689026705
SLC16A11,0.26021630214374175
TOGARAM2,0.2602108288425968
LINC02886,0.26019831795458015
CTCFL,0.2601759874016236
FLNB-AS1,0.260158490312841
TUBGCP4,0.2601370710259328
SEL1L,0.26013016618856216
LINGO3,0.2600858995036122
BAZ1A,0.26007100406898437
SEC11C,0.260057218727437
RNF38,0.2599713242436368
L1CAM,0.2599594005823766
MTERF1,0.259927427598827
TTLL10,0.25992326817356504
ITPKB-IT1,0.2598956015738689
FENDRR,0.2598945468196392
HLA-C,0.25986362151232967
NDST1-AS1,0.2598552668246624
FAM222B,0.2598548161285057
DYRK2,0.2598391183028935
LACTB,0.2598134580893136
MLH3,0.2597878910404528
TESC,0.25978574344564187
IRF2-DT,0.2597852684730041
EZH2,0.25977993547544115
TYW1B,0.2596638054367995
LINC02041,0.2596388193367026
ZNF438,0.25960044540624916
FAAH2,0.2595784642033636
NEFL,0.25957359498677574
SPG11,0.25956561519066385
TMTC3,0.25956050304031025
ZNF726,0.25954077843280476
ZNF213-AS1,0.2595313462042031
SYNPO2,0.25951598851509394
ADAMTS13,0.2594461128100024
ZDHHC13,0.2594398851307298
EDEM2,0.2594212962747836
PAN2,0.259381226946168
FBXW2,0.25932027414609754
SPATA12,0.25931028651727794
TCF7L1,0.259269417038688
RFPL2,0.25917127067476187
BLACAT1,0.25911306492925723
USP31,0.25906729232220144
KRTAP19-1,0.25906533148349503
FBRSL1,0.25903863550234807
PLCD4,0.25899366878244884
MAFF,0.2589885124720151
ZNF75A,0.2589665133252534
CST6,0.25893308806821946
OTUD7B,0.2589178521313509
AGAP5,0.2589048719251234
HGFAC,0.2588705635947091
PKDREJ,0.2588358512364675
OTUB2,0.2588286866010984
RPRML,0.25877757860792816
C15orf48,0.2587523225384845
FAM222A-AS1,0.2587300946712439
ITGA7,0.25872289788669167
CAPN9,0.2587084478103397
TUT4,0.25867449561649575
SLC46A1,0.25867340327331684
TDRP,0.2586688919492498
MANEA,0.2586666922150902
MECOM,0.2586577686231436
VGLL3,0.2586253273416837
PANK1,0.2586126610418135
SLC26A2,0.2585226602682411
S1PR4,0.25847671946607464
DMXL1,0.258371608654938
LIPT1,0.25834863227603855
IFT88,0.2583337239371449
PRELID2,0.25829610531725833
PCDH12,0.2582918257924951
PRRT3,0.258280269476533
MRGPRF,0.2582315809728127
NTN1,0.25818819781441726
IL20,0.258095790724955
LHX8,0.25808980474617566
CLPSL1,0.25806778580535367
PGGHG,0.258035786288079
RGS9BP,0.2580052503982937
PYGO1,0.258004491993987
DYRK3,0.25794372878877914
RHOXF1-AS1,0.2579225085543727
CCDC15-DT,0.25787863958151563
HCFC1R1,0.25785590094767397
RASEF,0.25784522906216045
SMC2,0.25782222556142304
TRIM31,0.25780037965132246
ADPRH,0.25777677512689207
SIRT3,0.2577507748981929
RAC3,0.2577456600831671
LRRC66,0.25765503922829247
KLHL32,0.25764838989959804
SILC1,0.25763936385206815
PECR,0.2576303286373107
MYH6,0.2576298324970838
NKRF,0.25756817917994623
RAD51B,0.2575367087293331
AKAP6,0.2575076476382638
ASAH1,0.2574861449226287
CES1,0.2574700702227484
C16orf46,0.2574228655000094
DHPS,0.2573890486947131
COX19,0.25733887135268035
C9orf163,0.25732818349279013
PKHD1,0.25728571058101984
TSC1,0.2572651252043514
BICDL1,0.2572056545837096
HCG25,0.2570694249873561
RALGAPA1,0.25704746141239015
LINC01597,0.2570395160863697
CLK2,0.25701910991035165
ROBO2,0.2570174279723785
LGALS7B,0.2569919924593763
NTNG2,0.25693283941720274
ZNF630,0.25690067756053847
TENM4,0.2568747848695992
GAL3ST1,0.256840614201501
RRAGB,0.25683324053161
INTS9,0.2568296563261109
TRIM56,0.2568114289340055
CMC2,0.2567972689918307
SPECC1L,0.25678881073755344
ZNF706,0.25678133293443617
SNX13,0.2567780714020522
PNMA3,0.25675792231844713
SF1,0.2567559413927733
CNTN4,0.2566806753815494
ATP2C2,0.2566800578358812
COL4A2,0.2566202936425445
HMGCS1,0.2565930660435179
COA6-AS1,0.25656382240941017
VSIG1,0.256516129001149
GUSBP5,0.25649857747815613
ALDH8A1,0.2564936212905622
ARL5B,0.25648874032904334
BTBD3,0.2564234277270933
ZBTB37,0.25641559360582583
STARD4-AS1,0.25635807900671326
DLGAP1-AS2,0.25634949147401587
LCE1F,0.25632447885688714
FHDC1,0.2562700988545103
LINC00911,0.25623004186711834
COL19A1,0.25620404495740295
IL1RL1,0.25618277153771307
DPEP2NB,0.25618081549050364
USH1G,0.25616519551802047
MACROD1,0.25615632108536
FBXO4,0.25614716740562005
TRIM44,0.256146958330798
ADNP,0.2561299148778469
MED9,0.25612310324725557
ELOVL2,0.2560786973319937
SASH1,0.2560365000852921
TBC1D16,0.2560215386203179
PCSK4,0.25601310213585143
CASP3,0.2560025838119746
SSBP4,0.2559782147368903
DCP2,0.25597342600487366
LINC01118,0.2559722361237462
WNT7A,0.25596492002888754
MAB21L4,0.25586703816697515
DNMT1,0.25583382943128075
MCUR1,0.25582287299276935
G3BP2,0.255814947039392
STXBP2,0.25581008235999625
IDUA,0.2558077808397346
CCDC77,0.2557530170118204
OAS2,0.25566836524285413
SLC5A6,0.2556580649041227
TIMELESS,0.25563859759595164
ONECUT2,0.255629468638992
TOX2,0.2556266503630373
RETREG1,0.2555753769254092
ELOVL6,0.25556712866975506
SQSTM1,0.2555614250717422
LRRN4,0.2555261005049302
ADSS2,0.2555159201805447
LINC01807,0.2555130199499649
AAK1,0.2554706525388061
SETD7,0.2554687109976341
KDM5D,0.25539789970829646
TRBV7-9,0.25537553331405605
TCF15,0.2552689898363773
C1orf127,0.2552224428497535
YJEFN3,0.25520133049705834
EAF2,0.25515859025895127
CAPN8,0.25515738261718907
PRKAG3,0.255065805730805
ZNF570,0.25502839246463477
ZMYM4,0.2549964999197937
MYCL,0.25498965397107337
CCDC106,0.2549715022335501
PLXNA1,0.2549661170699341
KCTD7,0.2549043101727723
UPK3B,0.25486517309618045
GTPBP10,0.2548205482707346
KREMEN2,0.2548079663182474
CHSY1,0.25478774651889013
ATXN1,0.254734962249287
IRAG1,0.2547266930735795
CYB5A,0.2547236304018936
KNOP1,0.2547035746130955
GOSR2,0.2546629700626147
KAT2A,0.2546224814225313
ALDH3A2,0.2546091297322257
ANKRD2,0.2546048477547507
GDA,0.2545769777570114
NSMAF,0.25456534215974697
SEZ6,0.2545594156161981
LINC01215,0.25454457389178764
RNF24,0.2545195646698286
FOXP4,0.2545140855540179
ZNF285,0.2545106956295538
CRTC3-AS1,0.25446622936665164
CENPS,0.25444067538414306
NLRP10,0.2544314143952602
CFHR4,0.2543261040319774
PAN3,0.2543259879901322
USP42,0.25429570962005993
AMOT,0.2542868821473403
MUC4,0.2542855089335133
TRMT1L,0.25427613396645804
CA14,0.25426501825475856
RILP,0.2541945855888829
PROSER2,0.25416403742186783
IGHD,0.25407049337119486
CALCOCO2,0.25406960327197814
LINC02102,0.2540565412144819
NIPSNAP3B,0.2540118031763148
ZC4H2,0.25395196384886976
L3MBTL2-AS1,0.25393151865453734
MINDY2,0.2539265973013179
TOX3,0.2538530584355301
SEMA4B,0.25385136021720084
SHROOM3,0.2538349443998481
PANK3,0.2537830455686388
GCNT3,0.2537775942519676
TAGLN3,0.2537714187924202
PXMP4,0.25375434461583773
BNC1,0.2537203653605199
MAGT1,0.25367488409936556
ZNF350,0.2536489292153355
NIPSNAP1,0.2535829827644093
STYX,0.2535481001543632
EXD2,0.25351326110204775
UBE2QL1,0.25348936891617535
BBS7,0.2534885230675368
ZNF738,0.2534692114360045
B3GNTL1,0.2534582819118272
LINC01311,0.2533954313835381
USP6,0.25339287709339925
DCTD,0.2533737142800008
PHLPP2,0.25336763269767615
ENO3,0.25335648370164393
ARC,0.25330881392759186
FGFRL1,0.25330718950610304
MR1,0.25330364820749507
RNF138,0.25328322059147085
ASB16-AS1,0.253273817652884
NLK,0.25326908332621284
MARK3,0.2532637217418309
PLSCR4,0.25326268365346916
TTC9C,0.2532579888270141
TMEM38B,0.25318858638431946
UBXN4,0.2531781217078536
NSUN3,0.25317800173473115
SOWAHD,0.25313280845108826
GIT2,0.25311744871449393
FAM9C,0.25304726401429234
UNC13C,0.25298980378586905
TRAPPC6A,0.25295586945787213
PDZD9,0.25295197842716216
NT5M,0.2529489434921834
CCNT2,0.2529038806066838
DIS3L,0.25283690437633155
ZNF888,0.25281136683936994
SHANK2,0.2528037431943
SLC9A1,0.2528014028882771
LCORL,0.2527983758029876
AJM1,0.25277938371723035
MADD,0.25277714704407384
KCNH2,0.25277191098783547
TMEM132A,0.2527635726431348
LINC01393,0.252753475744548
RAB11FIP2,0.2527440640942523
ZNF792,0.25272530154456324
C1orf56,0.2527164331970655
CCR5AS,0.25271513110636384
PRND,0.2526921282521831
RPTN,0.25269006910049524
ELAVL2,0.2526801511646572
GINS3,0.2526789233426733
SERINC5,0.2526756971242825
SLC35G3,0.252666295278053
ASPSCR1,0.2526541341997026
B4GALT4,0.25265184194413004
ZDHHC11B,0.2526297309813085
MYBL2,0.2526035213397863
GLYATL2,0.25258805663543915
RHOG,0.2525715751958146
PLAAT4,0.25256979688433046
ZFP36L2,0.25256907486816477
ARTN,0.25255062440116893
BOD1L1,0.2525280573846913
LRRC3-DT,0.2524988328076636
ECSCR,0.2524935840650166
LINC01521,0.25248331271018726
SLC49A3,0.2524732990858747
HBEGF,0.2524650705000658
CHMP2B,0.25246354321957765
LAMP1,0.25243782013979965
KNL1,0.25243756967771247
NDEL1,0.2524149972088075
CDH24,0.2524030093416267
RHBG,0.25237622002017807
SEM1,0.2523335112969114
SH2D3A,0.2523094262514577
HNRNPA3,0.25230442791927754
RTN1,0.2522898828816134
KCNJ2-AS1,0.2522888561221207
CEACAM5,0.25225810896012757
TTC5,0.2522465920743065
LINC01169,0.2522336765219838
METTL22,0.25222750360986423
FBLIM1,0.25220741829090887
ZNF83,0.2522003951269053
ZNF529-AS1,0.2521651819763298
HSPBP1,0.25211459119087326
CHCHD7,0.2520969468550934
NECTIN3,0.2520490381178194
CILP2,0.25204251189725385
GSE1,0.25197053132322356
CDC42EP3,0.25192199027929546
LAMTOR5-AS1,0.2519082679638895
DMWD,0.2518944161467858
ARX,0.2518438582961081
FA2H,0.2518329335880026
PDLIM4,0.2518238222751548
DNAL1,0.25180165777974045
LOXL3,0.2517306178480638
MORN3,0.2517128424178726
APTX,0.2516605928425798
CHPF2,0.2516192929351086
BCOR,0.25160618703815296
TLNRD1,0.25160593200193715
FAM13C,0.2515695555936002
MDM1,0.25155861753219266
RIC8B,0.2515475657681496
NCOA1,0.25148411851711866
NR2E3,0.2514716099685045
COG3,0.25146779634757627
CCND1,0.25145660055777336
FABP4,0.2514506706223649
TMEM39B,0.2514366212966091
DLG3,0.25141775849014586
SGMS2,0.2514118851560455
KIF4A,0.2513931879295181
LINC01331,0.2513498266249402
C1orf198,0.2513388097438993
KIAA0825,0.25131138577084805
ACACB,0.25130475824755816
KCTD19,0.25128996816020777
HOXC-AS2,0.25128250895149973
FKBP11,0.2512792937968933
FAM186B,0.2512459134086652
FOSL2,0.251242467737681
NINJ2-AS1,0.2512384984933245
EEF1AKMT3,0.25122549493034996
CASC3,0.25121114097685227
GLUL,0.2511815766962527
C2CD4D,0.2511760085210327
BEST4,0.25116432725434873
PRPF8,0.25113124345180726
LINC01002,0.2511040079611874
ACTR8,0.2510056599415714
PLEKHA1,0.25099091080638786
MAD2L1,0.25090489954087236
FNBP4,0.2508819265394038
MIR4500HG,0.2508607899307523
SCNN1D,0.25084897292186786
C2CD3,0.25078882901835653
SMAD2,0.2507346961834985
CNPY3,0.2507332202875411
LINC02159,0.250725190058082
TMEM131,0.25072249179486433
CDH16,0.2506800068862454
MMAB,0.25063010394322544
CLDN1,0.2506291740544763
INAFM2,0.2506263591525146
EHBP1,0.2506240269069663
TREX2,0.2506160167164118
ASAP2,0.25060541442192363
ZNF573,0.25059968384493986
EVPLL,0.25059575415138285
FAM200B,0.25057388683215853
KRI1,0.2505145052874368
CSTA,0.2504862838962578
LRATD2,0.25047838956195223
TMIGD2,0.2504771401436033
LINC02241,0.25042697617369497
PLA2G10,0.2504212328652371
ULK2,0.25035021016306785
SPINK6,0.25033929661935655
IGFL3,0.25032004734957974
PRMT6,0.25030830454426845
HEATR5B,0.25028497300693947
ALOX15B,0.25028459493447813
PRKACB,0.2502283862306996
TMPO,0.250169292555936
HNRNPH1,0.25016334286219566
SAMD10,0.25015329844013806
CCDC3,0.250153219370824
TLCD1,0.25012865331118356
FREM2,0.2501137931756692
LARS2,0.2501111086425768
RAP1A,0.2500848860168129
PDK1,0.25008304502381334
SERTAD4-AS1,0.250070260806801
TKTL1,0.25003018059434123
PRR7-AS1,0.2500174247965854
COG8,0.24999732778049472
EMX1,0.24996584210228956
BACH2,0.24995397012012951
LINC02598,0.24993641823620238
TMSB15A,0.249933116822854
ZNF383,0.2499215563948958
GEMIN4,0.2499130334162275
NRF1,0.24985818009285843
SP3,0.24983965097277294
OR56A3,0.2498330430600067
NKX6-1,0.24979111678458796
PIWIL4,0.24976809803748068
TCL6,0.24972369906482872
TRIM52-AS1,0.2497219822721309
IRAK2,0.24970901379729224
MAPK1IP1L,0.24970178949964422
CLCN4,0.2496653109132998
WASIR2,0.24966194816202722
ADAM17,0.24964746909179789
C6orf52,0.2496461561212198
AP2B1,0.24962563930548326
FMO5,0.24961817969822248
ZNF823,0.24960900666695335
LYRM9,0.24958257616701982
CD82,0.24955293342032148
SPAG1,0.2495116861269855
GATAD2B,0.24948999199243818
FLVCR2,0.2494568505463298
JADE3,0.24945311040559967
PACSIN1,0.24938475223724607
PLEKHB2,0.24937474164929793
UFL1-AS1,0.24936131692685456
ARHGEF9,0.24935657108941894
HDAC7,0.2493416228451147
KRT20,0.24931034628007062
DEPDC5,0.24930774690530716
DNAJC13,0.2492801117885664
ACO1,0.24925431213099958
PBK,0.24920907485714341
TPRG1-AS1,0.24920047518488325
DNAJB14,0.24917103828109963
AKR1B15,0.24914930032966393
ABCC1,0.24913756588879593
CA8,0.24912117749390403
HHLA2,0.24910334990408808
THOC1,0.249100843576413
KIF9-AS1,0.24909045682139994
POLM,0.24906849094377903
GINS1,0.24906274495211514
CREB1,0.24905459485872114
DDTL,0.24904933389295877
LINC00923,0.2490325381501073
SARAF,0.24899936321974306
HBP1,0.24899445608559995
PCSK1,0.24898297490935326
ANKRA2,0.248978579949308
AARSD1,0.24895400039377308
TP53BP1,0.2489466081294206
P2RY1,0.24893465671448184
RORB,0.2489270237559289
POMC,0.24892333907035974
NUCKS1,0.24890291376402085
CD9,0.2488542942753435
RRAS,0.2488491927934305
CPED1,0.24878206735470296
FAM181B,0.24876181967487923
TFR2,0.24873258335204593
IRX5,0.24872900628120514
SELENOI,0.24871610546955597
MAL2,0.24871061076298678
CHMP7,0.24869018285492744
ADAM20,0.2486662648628954
UGT1A10,0.24866242635640823
LINC02649,0.2486546367267438
CCDC120,0.2485532049867654
UBR5,0.24852338813691932
TMEM9,0.2485079722637863
GRIN1,0.24831198414926783
RNF2,0.24825250337956148
DBP,0.24825243265334698
DMRT1,0.24823775338699552
ARVCF,0.2482292548437085
DNAJC5G,0.2482262522794058
RAB40AL,0.24822597050718057
PYCR1,0.24817319724395887
TMSB15B,0.2481567691612427
FXYD6,0.2481458009924499
SEC61G-DT,0.24811638614798684
GSTO2,0.24811279944679662
KRT2,0.24811173490901672
ADAP1,0.2480959984382679
MSMB,0.24807235799623611
FOXE1,0.2480578845336192
SYN2,0.24803715825405895
FHOD3,0.24802259699881105
ZNF839,0.24794772180451766
BCL9,0.2478821342021707
FDXR,0.24780405882843487
SCRT1,0.24779704192001265
KHDRBS3,0.24779093541876557
TSPAN3,0.24768833241748242
SPIN2B,0.24765692381426088
ZSWIM3,0.24760911794481427
RSPH14,0.24759574045106925
CCNF,0.24756298582808722
ECT2L,0.2475287502177613
LAMA1,0.2475074260697763
DCP1B,0.2474790138320193
SETDB1,0.2474772503892961
PEMT,0.2474544269620347
NBPF14,0.2474397990300445
DDIT4L,0.24742053450019996
PIK3R4,0.2473920747589574
SPTAN1,0.24738342958879658
IGLVI-70,0.2473499876068093
NEIL3,0.247290925606142
CYP2S1,0.2472477316911986
POMGNT2,0.24723876346587045
LINC02846,0.24717602044296927
VAV2,0.24710589484215836
TPSD1,0.24708130518306431
AGBL1,0.24707599890808718
IMPACT,0.24706174068225414
PKN1,0.24705068334103014
TCF7L2,0.24704771105532652
GDF11,0.24702358173279834
ZRANB1,0.24702292540997822
KDM3B,0.2470156312220446
CXXC4-AS1,0.24700047381088439
LINC02635,0.24698758469610446
LINC01273,0.24696620682562964
SYNGR3,0.2469592917311761
NEU4,0.24695289465674966
MED23,0.24690379394318734
OSTF1,0.24690079942154564
TRIM74,0.2469004001914908
TTC4,0.24683313117442293
CAPN14,0.24682645966355568
HNF4A,0.24680377293480119
IRF5,0.24675401253241888
INTS12,0.24674156287750207
MEF2C-AS1,0.24671102628788089
RTEL1,0.2467109602083836
NEK11,0.24670153273308043
TBX1,0.246701249184096
APCDD1L-DT,0.24667833402089306
MBLAC1,0.24663339146417265
SRBD1,0.2466285307638112
DM1-AS,0.2466172464864065
G2E3,0.24661116360786656
NEPRO,0.2466049520896948
CGB7,0.24653262075117224
ZNF184,0.246480852943701
ATP6V0E1,0.24647564815269363
MAGEA11,0.24647387949988223
CMSS1,0.24643037414085484
TNS2,0.24642390037126635
LUC7L3,0.24641767354432986
ACSBG1,0.24637035529144166
ZNF680,0.24635320284343526
TRAV8-1,0.2463142562389547
RAMP2-AS1,0.2462844091901687
CLYBL,0.2462730928175839
LINC01322,0.24624111840502116
HAL,0.24616701069094013
LINC00112,0.24615171386825233
CTTNBP2NL,0.24612289366017828
ZNF641,0.24609359784274143
KIAA1191,0.24608522798526894
ZNF714,0.24606169293336297
TRBV6-6,0.24605383789045013
RYK,0.24603859639799708
GOLPH3L,0.246012561112999
LINC01361,0.2459824276361325
NHS,0.2459430179315062
FSD1,0.24593948266338836
TUG1,0.24592837324296693
ASMTL-AS1,0.2459275239801116
VTCN1,0.24592479649432386
CCDC127,0.24587885959450353
TCN1,0.24586560409541228
ZNF461,0.24584813632533084
MAT2B,0.2458453968779706
SMAD9,0.24581609506728516
CASP8,0.24581420713354507
AKR1B10,0.2458081895502778
ATF7IP,0.24579287473067424
CASK,0.24577401160243417
EXO5,0.24574243931711226
TBC1D24,0.2456808291960482
CTDSPL2,0.24566548444379746
CCL21,0.2456470115596207
LONP2,0.2456467517507104
SLC34A2,0.2456294210349363
DDX47,0.24558239014197653
SLC8A3,0.24557331270075608
NBPF20,0.24557002854996127
ZNF672,0.24554355291083715
ATP6V1A,0.24549875150299896
CCDC60,0.24549765941426316
SEC62-AS1,0.24543430136094163
INSM2,0.24543153229957645
PRIM1,0.24541367278647855
OSGIN1,0.24540553592878045
NFE2L2,0.24539311580608186
TMED2-DT,0.24538569710677882
ZSCAN16,0.24538173785513864
LINC02466,0.24537528825814955
TMEM177,0.24535264554672206
LGALSL,0.24533193852265472
C16orf95,0.24527617299598373
PLAA,0.24525866295739163
TMEM150C,0.24523408976339214
PCM1,0.24521254781960053
ASNS,0.24517831916883193
NODAL,0.24515444798205277
HACE1,0.24514022910287145
SNHG11,0.24513823318859104
DUOX2,0.24513787951593424
NKX2-8,0.24512965525797914
CSPG5,0.24509437149459612
TMEM184C,0.2450831112352958
NIN,0.2450490473578533
SYCP3,0.2450387546437559
CCDC14,0.24502697343535287
DSG2,0.24500846805750776
LOH12CR2,0.24497195928832197
SMG1,0.2449706641422182
SH2D4A,0.24494519953710464
FOXP2,0.24492328796576052
DCAF12L2,0.24490929860400282
NUSAP1,0.24488419312046286
NPL,0.2448777036449572
SEMA3F,0.24484708782953804
KLF4,0.24482890239301727
TUSC1,0.24481400853809854
RAB14,0.24478901737915737
RUSC1-AS1,0.2447751159007806
CHEK1,0.24476993118307805
RGMA,0.24474396470111084
STAT5A,0.2447401837417298
HAGHL,0.24471533776442264
GCDH,0.24470089791003807
MTRF1,0.2446606088044916
MNAT1,0.24463734024159334
NDUFA4L2,0.24458750851397032
PAIP2B,0.24452765815574015
DMRTA2,0.2445221500903709
CPXM2,0.2445032093513367
FCHO1,0.24449884014325088
FITM2,0.24449678608621145
GPR61,0.2444949919335307
CLIP3,0.244488280959315
ZNF346-IT1,0.24447257190700744
MYL4,0.2444686292466238
TTC17,0.24441478117780935
ARL4A,0.24441402735369666
RO60,0.24440037903831194
RNASEH2B-AS1,0.24436245377755836
IL2,0.2443393759269755
SPATA33,0.24432533650132363
ZKSCAN3,0.24431973160443568
SOX9-AS1,0.24431432778184206
GPR87,0.2442523113999257
PLEKHA6,0.2442234877211643
NRIP1,0.24421682583549156
CCDC73,0.24418923523082267
PPIL6,0.2441169075258382
IL1A,0.24409309931245027
NDP,0.24400119021457314
JOSD1,0.24399783464862373
ZNF608,0.2439956585272281
PHYHD1,0.24392166895526018
USP18,0.24390598802764452
LINC02458,0.24384367468583534
CALM1,0.24376509415820288
ACADSB,0.24373997570643516
SLC37A2,0.24372799393925246
HOXA-AS3,0.24372274135302782
N4BP3,0.24370504568657486
PPP6R3,0.24369641008349963
EVI5,0.24356491263727015
SIPA1L3,0.24353258452132565
C1orf220,0.2435233611159239
CAPN6,0.24347699433180892
PSPH,0.24347529473551258
LRP4,0.24345797680100553
CYP4F26P,0.2434494924638381
OMG,0.24344896422681545
FAM168B,0.24342935264033191
TNIP1,0.24341966418159597
DLX2,0.2433497174213875
CAMK2B,0.24334427919598609
TEDC2,0.24333274903832813
ZSWIM5,0.24333055799173428
PPT2,0.24332848565211818
RAB3GAP2,0.24327909553683266
PHF6,0.24326870969056894
CLDN8,0.2432666352068836
TFF1,0.24319725648317214
RASGEF1B,0.24318386622510887
EFCAB7,0.2431558643531602
GPBP1,0.24314718239242059
ZNF140,0.24311899360795194
DNAJB1,0.2430832670069859
AZIN1,0.24306873790872435
SUMO4,0.24306216895724536
INO80D,0.2430618074479397
LINC00973,0.24303936456690375
H1-10-AS1,0.24303350748360078
OLAH,0.2429574537762032
LRRC23,0.24285798766805786
TLCD4,0.24279827059560904
PMM1,0.24279618473293507
GALNT7,0.24276414912766422
SGPP1,0.24274249718151575
RNF217-AS1,0.24271145806955916
MCRIP2,0.24267358175833528
HSPA1B,0.24265156227432602
ATP6V0A2,0.24263856982332582
FAM111A,0.24263679837942512
SCAF1,0.24259906067827466
DEUP1,0.2425579121484127
TRAM1L1,0.24255524213848756
LTBP3,0.2425506003689759
CAD,0.24251773441731128
LINC01203,0.24251192306777494
SECISBP2,0.24247789509796303
IFT27,0.24245153459219088
HSDL1,0.24243990406479082
POTEE,0.24242149409115518
CCDC102B,0.24240998298035346
KLF1,0.24238131229984217
CRNN,0.2423282206378918
ORAI2,0.24230694881040413
TNIP3,0.24229928602320422
TRIM61,0.24223104645902185
UBP1,0.2421917816506564
ZNF90,0.24218784785680483
SPRR3,0.24213075209111948
NFYC-AS1,0.24208096459739517
FGFR1OP2,0.2420704555568695
CDSN,0.24202307569937517
MAGOHB,0.24195481567269678
CCDC170,0.24195188342833324
ACACA,0.2419345171414088
EIF1B-AS1,0.24192072429227143
RGSL1,0.24190378172828308
LRRC73,0.24189550143867608
LINC01770,0.241873032786844
ZNF772,0.2418300356059191
SLC22A23,0.2417614659974926
MIR4432HG,0.24174747447348138
TDRD6,0.24174255467646222
PAPOLG,0.24173934663997193
MANEAL,0.2416730834287033
COX11,0.24167198032597847
CERNA3,0.2416618831521331
MND1,0.24164164759057893
CFAP44-AS1,0.24161839596992607
STRN3,0.24161602429443851
THBS3-AS1,0.2415959781054279
AKR1B1,0.2415732420067792
CCDC65,0.24151659032593284
BAIAP2L1,0.24151631041080684
HOXB-AS3,0.24150869673024344
LINC02454,0.24149250983103504
HTR3C,0.24144278480908643
EHD1,0.2414359712482967
PSORS1C2,0.24142487828626083
SLMAP,0.241406885831617
KLHDC8A,0.24138715485091014
C18orf54,0.24138231491903103
KIFAP3,0.24135418254391924
ARL17B,0.24130994403168585
STAT3,0.24129490845311288
TAF4,0.24129276800642865
KIAA1671,0.24127628353744382
VWA2,0.24126561327746945
PRKCZ,0.24122809483004026
FAM83H,0.2412046572369913
CCL26,0.24119208948065193
AGO3,0.2411801675431863
FRS3,0.24116365890961217
AKAP7,0.2411501316906245
ADAM23,0.24114553461039528
GLI2,0.24110075862683036
ATRN,0.2410896199421912
TMEM191C,0.24107867571658836
ZNF333,0.24106457688558092
PON1,0.24103421199237263
LINC02300,0.24102175164358405
BCL10,0.24094981859457124
PPIC,0.24094330359273633
SREBF1,0.24094188699708965
TMEM255A,0.24091813992223832
HP,0.2409117898298839
MYBPHL,0.24089191797103396
DLGAP4-AS1,0.24088941288183546
TRIM68,0.24085715138896638
CEP57L1,0.24085436619530787
HOXC11,0.24085429486134424
NAPA,0.2408166631964567
GAS8,0.24077313872777142
LINC02308,0.24075505922543255
RBPJ,0.24073239499026727
LINC01151,0.2406768801002827
ZNF658,0.2406736014170772
ARL13A,0.24065381305714012
CACNA2D1-AS1,0.24062233500313362
VPS9D1-AS1,0.24061228666541476
ORC2,0.24060119893789692
HELB,0.2405160176316637
TMEM68,0.24048781158040383
XKR5,0.2404852294331515
XRN1,0.24047889846335802
SPPL3,0.24044679341572497
WDR82,0.2404389476029105
MGST3,0.24043197966245936
FUBP1,0.2403851869103492
CCM2L,0.24038448077241478
LINC00460,0.24036981156867446
IGFBP7-AS1,0.24035223302576547
SULT1A2,0.240333634556585
NIBAN3,0.24033263560341472
BTC,0.24032701161931497
TAP1,0.24030230639424532
HMGN3-AS1,0.24024742628161191
FZD6,0.24024452098759363
OLR1,0.24020353265648384
MSH5,0.24020078970595876
DBH-AS1,0.24018541218372919
BCAT2,0.24017970841974956
ABLIM2,0.240171963421418
TMC8,0.24012773771334195
PPP2R5A,0.23997824044811683
SLC16A10,0.2399681374698618
ZNF500,0.23992983455320133
UNG,0.23992180857614148
TMEM183A,0.2398913812619718
AGR3,0.23988860774233772
LDLR,0.23986834200253074
OR56B1,0.23980799992144272
SLC12A2,0.23979653373022422
SARM1,0.2397893778586816
BEX5,0.23978024577698154
CTNND1,0.23977542228904267
AK4,0.2397659528161928
FZD10-AS1,0.23974823523631342
IGFBP2,0.2397030268447647
SMARCAL1,0.23967678056381475
TAF1,0.23964291436670226
YTHDC2,0.2396336490934014
GLIPR1,0.23958259717041092
PEX11A,0.23954357711613256
EML4-AS1,0.2395408510091311
TMEM50A,0.23949364331387527
PLCZ1,0.2394548222918442
TSPAN9,0.2394537948199043
FBXO34,0.23944826505108055
RAB2B,0.23942298163562317
POU5F2,0.23940319929108553
GM2A,0.239356637012056
NR5A2,0.23934284103656395
ZNF322,0.23933755289941425
SLC30A5,0.2392477254689504
EPHA6,0.23924038999881192
EEA1,0.23922916849331322
SAP30L,0.2392277864378356
LINC01344,0.23921811036820906
ANKRD16,0.23920522284669712
MS4A15,0.2391933296859584
SLC7A8,0.23916633480590418
ZNF703,0.2391624161021929
FSBP,0.239136601051048
PHC2,0.23911912079918382
GZF1,0.2391011123631834
IFIT1,0.23905690451052541
C10orf67,0.23904290112255777
FUT2,0.23904000205821152
PTGS1,0.23897271775508697
IFNL1,0.23895681254990844
USB1,0.23893943919295074
TAC4,0.2388949433979677
NKAIN1,0.2388053961183646
DDR1,0.2388030785329019
LINC01618,0.23879407416342027
RXYLT1,0.23876724367309268
KLF3,0.23874575406061407
CAPN5,0.2387263543981043
LRRIQ4,0.23871887850873383
DNASE2,0.23868169842108924
SYNGAP1-AS1,0.23863898917614826
EXOC3L4,0.23860968793153445
NEUROG2,0.23858076281339047
PRMT7,0.2385695080323102
ARHGEF11,0.23854436871486756
BARX1-DT,0.23853046198562178
LUNAR1,0.23851358848533669
NATD1,0.2384878557406908
DNAJC9-AS1,0.238472931627036
NFATC1,0.23844028274486098
DRC3,0.23843742781837682
CNIH1,0.2384019389386362
RUFY3,0.23839600339580097
WNT10A,0.23838612474133283
LMO7-AS1,0.2383517453606787
HIGD1B,0.23828474647516243
SHISAL2B,0.23826560514691209
HTR1D,0.23823777930593482
RALB,0.23820234736370496
NEXMIF,0.23820125543371534
CH25H,0.23808393668919883
ICE2,0.2380749440215058
LINC00316,0.23807033410495054
SLC25A12,0.2380699025047563
YAP1,0.23806225920208893
ST6GALNAC1,0.23802962964845636
WIF1,0.23801348091833596
TBC1D12,0.2380123296609893
GOLGA8R,0.2380059718427107
EHBP1L1,0.23798170901450608
MARF1,0.23796750168386957
WASF1,0.23793997103699177
SPATA6,0.23792434320272435
GPHN,0.23789730696893696
IL13RA1,0.23787821194823625
PCNX2,0.23786793965780825
RHOV,0.23786031810082314
UBTD1,0.2378600240832741
HCG27,0.2378553709452125
ISG20L2,0.2378402297489481
CETP,0.237804595352347
H2AZ2,0.23777444999684558
MBLAC2,0.23772016911647567
CNTNAP2,0.23771762460677368
XPNPEP3,0.23767927739217676
ERCC3,0.2376691862170014
TTC32,0.2376475728854737
TRAV27,0.23760242936330814
ABHD13,0.23759010106921852
PLXNA3,0.23754007638985034
ZFC3H1,0.23748550391314172
HS2ST1,0.23746375688917135
NDUFAF7,0.23744573657723148
GLS2,0.23742676976234292
OCA2,0.23742086494744177
SUPT20H,0.23741550631283065
MCM3AP-AS1,0.2373690686901942
ARID5B,0.23733439989369776
TLE5,0.23733279566010623
DHX35,0.23732677249070427
CHRD,0.23732504840221877
MPIG6B,0.2372832503171821
FDPS,0.23728048023137688
TLCD3A,0.23725978655021587
TMED6,0.2372243224951012
ERVW-1,0.2372139190687141
SH3TC2-DT,0.23720894320180314
ZNF800,0.23718866770328514
DDC,0.23705945435508152
TMEM198,0.2370305901680746
SLC22A3,0.2370106752553701
SPDYC,0.2369591517593392
LNX1,0.23694895523470302
CNIH3,0.236932316836658
LRRTM4,0.23690521941038206
LINC02481,0.23687165232856594
RBPMS2,0.23685193343484293
ZNF561-AS1,0.23680462211203712
COPG1,0.23679225553850974
DGKG,0.23671229954741918
AGBL5,0.23667265975146232
ATP6V1B2,0.2366680088174522
ZSCAN12,0.23664171710410237
KIZ-AS1,0.23658924156731592
MCF2,0.2365504459679598
SLC9B2,0.23654192696122778
MARVELD3,0.23648523679147354
KIAA1549L,0.2364316300403874
LRRC8E,0.23641644078362614
PGM3,0.23641253689062772
RUNX1,0.23638328518423746
TTLL4,0.23638305753804587
TTC21B-AS1,0.23637348109860173
LINC00402,0.23634355071284938
SLC45A3,0.23629934438958713
CFHR3,0.23627683802593366
FRY,0.23625324251756272
LINC02870,0.23625061306796066
KAZALD1,0.23622486293898284
RORA,0.23612414707603552
LINC02099,0.2360978218725655
GADD45B,0.236093521102371
SEPHS1,0.23608353098082896
DANT2,0.23607042361946529
TMEM125,0.23606471581167401
PTHLH,0.23602948756113645
MIR31HG,0.23601463393426061
SEC24B-AS1,0.2359970069601868
CCDC66,0.2359812561214872
LINC01152,0.2359702437721774
TAPT1,0.23596757964071918
CEACAM19,0.23595465574383365
FBH1,0.23591730983650103
ZNF589,0.23590317766813257
MASTL,0.2358323831691953
CDK6-AS1,0.23580347277860458
CAPZB,0.23571912752801
FBXL17,0.2356678739926143
BCL11B,0.23562632332645317
NRG4,0.23559919138748048
PELI1,0.23559268716286458
GALR3,0.23558756199195124
LINC01356,0.23558297605193823
HOXA11-AS,0.23557835197948135
ADAM22,0.23551902610470166
LINC02604,0.23550610842433156
PPIL4,0.23549264133923287
USP30,0.23540260242849625
SCAF8,0.23535877975340405
EDARADD,0.23534177934439887
PEX5L,0.2352163404413837
TSGA10IP,0.23521498299585722
ARID1B,0.23517146585058082
TPBG,0.23516718274488857
DCST1,0.23512707205638364
CSNK2A1,0.23512242772802747
ZSCAN32,0.23505085926131308
PMS1,0.2350404102664959
CTNNAL1,0.2350238188909734
AP1M1,0.23501827927129393
CDX2,0.23500651403701567
CBLN3,0.2349777774369347
TNKS2,0.23497744708887522
GOLGA8O,0.23497132351881178
PAK2,0.2349598113742612
FAM220A,0.23493220618300079
SNPH,0.234915407136987
LINC02029,0.2349078028752543
ZNF768,0.2349047210132395
LDAH,0.2348925236145219
ANKRD31,0.2348709165818625
MGAT5B,0.23485573119257117
NEMF,0.23483156558644883
MMUT,0.23481890758893603
DLEU1,0.23481152870010938
LAMA5,0.23481105581559197
PPP1R1B,0.2347891843589569
ACSS1,0.23477485430772635
TMOD4,0.23476433420137005
NDUFS2,0.23474308892441395
LGR4-AS1,0.23472303858469132
MYO3B,0.23469083964737744
KRT79,0.23468452466730344
ATP6V0A4,0.2346708666031262
STAU2,0.2346554118156504
NCMAP,0.234647482994556
CATSPER1,0.2346229522399581
ACTL6A,0.2345902170539736
SMAD4,0.23455627011408134
ZFP62,0.23453918560925263
PIGC,0.23451530267934106
CRYBG1,0.23449859985809798
LINC01194,0.23446493891142364
AGT,0.2344616012032431
DBF4,0.23437784921765062
NEURL1,0.23436012403034845
WRAP73,0.23435327291904903
UTS2,0.23432792829192425
ADH1C,0.23432346586822766
LINC01559,0.23427397943005007
FAM153CP,0.2342676945694986
RTL6,0.23417239787271932
PIM1,0.23415065622110315
TBC1D13,0.23411399363877392
ZSCAN30,0.23411138390637723
PTPN1,0.23403179604521757
STX16,0.23402687949496723
RBM47,0.23400364130881512
FGF3,0.23391695998468978
MTREX,0.2338677646153012
PRAC2,0.2338418848349534
LGI3,0.23382269955965593
WDR59,0.23378864843617211
CST2,0.23376659889120951
SSR4,0.2337279437053214
BCHE,0.23370951724959782
SLC29A1,0.23368154140181355
TMEM26,0.23367915670249487
P2RX3,0.23366114009557912
PCSK5,0.23357090307304346
FCSK,0.23356919480041935
RAPGEF3,0.2335474652692081
ZIC2,0.23354471744307517
ZKSCAN7,0.23352656415964593
ZNF576,0.2334881231036869
LINC02341,0.23346117131943914
PMPCB,0.23345100739940794
LINC02438,0.2334472849742608
BCL6,0.23342323943922802
SCRN3,0.23338939113561555
CYP4F11,0.2333297820740399
PACRG,0.23331730780304716
BCLAF1,0.23328831346825873
TIAL1,0.2332382790619256
SH2D7,0.23320584897684574
TREML2,0.2331286316183975
ETNK1,0.23307299608324147
ELK4,0.23306373203850475
AADAC,0.23303348810541658
POU6F2-AS1,0.23302383147213437
LRRIQ1,0.23301045257693165
CTXN1,0.23298930956317992
ZNF480,0.2329490099269964
CHST2,0.23293172840646756
MAOB,0.23292788574678594
ARL17A,0.23289058587874292
ASXL2,0.23288415836633541
CA5B,0.2328826280322533
WASL,0.2328394976012342
C6orf15,0.2328383901806834
LINC02055,0.2328350136170269
ASB9,0.23282917084502058
CCN5,0.2328202891407935
NBEAL1,0.23280460130633762
THAP7-AS1,0.2327630542130385
ZNF783,0.23272235781290643
PBRM1,0.2327151463525795
LRRC43,0.2327070345101331
MMP19,0.23267297616953672
NEBL-AS1,0.2326532492747447
ANK3,0.23261825995442353
SLC25A18,0.2325745900414244
FES,0.23257109606548199
UNC5B-AS1,0.2325691204812533
NKX6-3,0.2325673459244563
VHL,0.2325209386593573
PPWD1,0.2325097344350006
NAPB,0.23249650382563294
PCDHB11,0.23248581978515195
HGSNAT,0.2324801860773909
TMEM63C,0.23247923641142954
FAM200A,0.23243652709211007
XPOT,0.2323915737209671
JKAMP,0.2323403165138134
ADAM33,0.23232424207358965
PCDHB4,0.23229226966331515
SUCLA2-AS1,0.23229018183428107
WLS,0.23228079345348793
JCAD,0.23219017265517286
KCTD21-AS1,0.23206122554999453
ING5,0.2320198059180292
UNKL,0.23201243802880014
TNNT2,0.23198329153589436
NEK7,0.23197011379941376
TRIT1,0.23196210298184847
GMDS,0.2319567253092576
PINLYP,0.231946758522742
GHET1,0.2319327786534088
SH3BP2,0.23188783789754946
HIBADH,0.23181595015220194
RRP8,0.2318066213655515
GPR52,0.2318019242934758
ZFP69B,0.23180106415353532
MED13L,0.23175922129290544
INHBA-AS1,0.2317286870163362
POMT1,0.2317209196638286
GASAL1,0.23170010011757577
VASH1,0.23169954426248562
LINC02457,0.23168080745665504
SMIM6,0.23167849417091863
LINC01549,0.23165731503244466
SCAMP1-AS1,0.23161215729489076
FTCD,0.2316091388603141
CADM3,0.2316033819549122
MYH9,0.23156012789642605
TMEM92,0.23155497592381852
HTR2C,0.23151358460608568
GIPC2,0.2315009023637183
RGS6,0.23150038019810554
MAMDC2,0.2314482066139167
BTG1,0.23137589387145102
SMIM10,0.2313751810827058
NEK3,0.2313303706068204
TERT,0.23131853170060634
MKRN3,0.23130620771607613
RAET1L,0.23130028936422872
MAGI3,0.23129026431685898
DLGAP1-AS5,0.2312336562751901
ZCWPW1,0.2312191843265066
LRFN1,0.23119520846405578
IPMK,0.23115955238355862
IL21,0.23113398973448485
LPCAT3,0.23112010863856816
PAPPA2,0.23109889286088495
IER5L,0.23108031818777414
DNAJB4,0.2310790100212996
TTYH1,0.23107147996281813
INAFM1,0.2310603371598336
NCR1,0.23103519114650548
MINPP1,0.2310322707532672
ZBTB40,0.23100016460429013
GNG12,0.2309994845881602
SLC8A2,0.23095751788331562
JPX,0.23095384441771305
NUP160,0.23094277302860783
EGLN1,0.23090797057162768
AP1S2,0.23088475472621522
PCDHB14,0.23079480274224495
PBX1-AS1,0.23078373329886132
UICLM,0.23077657302228363
MOSMO,0.23076769604500522
CARF,0.23070169863681161
GOLGA8A,0.2306956011893263
ZCCHC14,0.23067696787359823
PANX1,0.2306447978549256
CDH8,0.2306377560682131
EDRF1-AS1,0.23059138740836208
OCEL1,0.23059070882964547
BBS2,0.23053168677931704
SLC38A8,0.2305294235387864
ARHGEF16,0.23050986443020433
APOA1-AS,0.2304827816388745
MAPK6,0.23041974375930718
NALT1,0.23041766559994808
CTNNA1,0.230377672441274
ESRG,0.23036827177934097
POC5,0.23033860537223452
CBFB,0.2303294955870272
PIK3CD-AS2,0.23030421182243438
TM4SF19,0.2302709838841737
POLR3C,0.2302326304141681
TMEM269,0.23015706345996664
RANBP17,0.23005156312673075
PHC2-AS1,0.23000009499177243
TOPORS,0.2299979256688698
CISH,0.22992926756596732
CP,0.22987136918563297
TP53TG3D,0.22986933286573244
M6PR,0.22984181631177525
H1-6,0.22983364196019573
QRFP,0.2298333698497151
SPAG16-DT,0.22980500996444048
PHF10,0.2297940948150638
ALDH16A1,0.22978242094470583
ASCL2,0.22976658660410507
SWAP70,0.2297633147816693
ZNF721,0.22976155616191904
SCYGR4,0.22974601295626476
MYO9B,0.22972279248084104
LIMA1,0.22971935043300504
TMX3,0.22964745273374207
RASSF8,0.22960439132665378
GFOD2,0.22958916415035563
TCAIM,0.2295830206595245
HOATZ,0.22955550517924989
CEACAM6,0.22954158543280173
IDI1,0.2295326382485057
IFNK,0.22950950848616022
EPHA1-AS1,0.22949010874275333
GGH,0.22947617730168074
XIAP,0.22946978539121046
USP38,0.22946604769224932
DUSP14,0.22944658148501418
PRL,0.22943599217869415
ABCF3,0.22940538515270295
FAM24B,0.22936779362359863
MYH3,0.22936542938826507
FOLH1,0.229315819849378
VAT1,0.22925370090924815
CYP4F12,0.2292517221748076
TRPM7,0.22923464423357576
SRGAP3,0.22923359518047018
SENCR,0.2292189495999533
DSPP,0.22920971869068715
RPA1,0.2292053470813691
ZNF433,0.2291995580254373
ADAMTS10,0.22919944878738588
STARD7-AS1,0.22917732252466042
NPAS4,0.229162524891785
SPATA45,0.22915055812704344
C2CD2,0.22914973394281749
EIF1B,0.22914047216720418
INSYN2A,0.22909066877476505
CAND1,0.22908242111571062
BSND,0.22905136540052282
IL31RA,0.2290478752984764
UHRF1,0.22900490003068555
ACTL7B,0.22896747916380675
RIN1,0.22893034217551925
TRIM15,0.2289178808167293
PVT1,0.22888385961971947
RAVER1,0.22888318274207656
LIFR-AS1,0.22886436287970088
AGO2,0.22884428864581904
KIF5A,0.22883652879860233
ADGRD1,0.22881531167947347
SPDYE5,0.22878994202330352
PPP1R14D,0.22878002832168587
PROK2,0.22877876877061565
LINC02273,0.22874887777868222
HOMER3-AS1,0.22868259096521606
NAT16,0.22866308853286038
HCG15,0.22862479438339295
PSMD6-AS2,0.22858075735178354
RECQL,0.22856813332989803
TRA2A,0.2285476864262323
ATP6AP2,0.2285147086401654
PRSS16,0.2284885792208175
ALG10B,0.22848667278166382
CEP250,0.2284855008982685
ARHGEF26-AS1,0.22847612511841633
GPSM1,0.2284525123879039
GRK5,0.22842214256070706
KRT23,0.22840304181960577
ZNF766,0.22838866500179855
SRSF12,0.22837691422259623
LINC00865,0.22837009647613848
ESYT3,0.2283603397499179
THPO,0.22835732182914634
CDK2,0.22833948623301004
SLC15A1,0.22831119051642054
MSANTD4,0.22829750944412272
LTK,0.22827554118330137
TCAF2,0.22827362563637935
POU5F1,0.22827201559432564
RARG,0.22826883181232285
TRDV2,0.22819865777840517
LRRC37A2,0.22818349821384373
BAIAP3,0.22817156358723498
VAV3,0.2281692995534534
TMEM8B,0.22816399453166086
MAGI2,0.22816169051084795
EAF1,0.22815945253367315
NBPF12,0.2281307119852452
NDUFS7,0.2281296834969554
LINC01964,0.2281104912925943
ARSL,0.2280850910815551
RPS6KB2,0.2280274746796041
SLC35D1,0.22802184605785591
MIR9-1HG,0.22799173855936647
NR2C1,0.22798068444167488
MAP2K5,0.22791138145771123
CATSPERE,0.227900945432876
DHRSX,0.227879936402249
CASP7,0.22783975207776913
DENND4B,0.2277932153228324
ELF5,0.22778822931769124
KLHL20,0.2277784025058699
BRD8,0.22773707009251656
SERP2,0.22770472528546448
GRB14,0.2276276073433418
PRSS56,0.22751682472602489
EPYC,0.22750681621551944
RBL1,0.22748915039577636
SLC25A27,0.22747641975379412
HFM1,0.2274546291367434
ALPL,0.22745451800386698
PARM1-AS1,0.22745341610160344
RBM28,0.2274294575458428
EHMT2-AS1,0.22741264413355056
LINC02228,0.22736587056584923
EXOC5,0.22733428574900635
PFKFB4,0.22732711368178807
MID2,0.22730167420179362
IL24,0.22718336008719808
SYT5,0.22716682270696104
DNAJC1,0.22716020952368263
BATF3,0.2271524423202251
LRP2BP,0.2270823297990074
LIX1L-AS1,0.22707312377638353
PRIMA1,0.22707298065588305
KAZN,0.22707022779666294
SIRT1,0.22706790739178362
CCDC78,0.22704179979373135
DCAF10,0.22700962009530398
CBY1,0.22699454149002407
LINC00663,0.22696716409380174
ZNF556,0.2269531564542441
PTPN4,0.22694712881711132
TMEM17,0.22694352311532442
NAB2,0.22692308780509104
SNRNP48,0.22691839140895778
KRT37,0.22691546781277072
ANKRD29,0.22689127322426103
PPP4R4,0.22686801266248033
POLR1B,0.22686169532128672
WAC-AS1,0.22680892397376853
ALDH1L2,0.22679937935669517
ELK1,0.2267888537869851
TRIM65,0.22669651379946085
MYH7B,0.22669498715715866
ESPNL,0.22668713172592933
TRBV13,0.22667105308207794
NECTIN4,0.22666375233849445
ALG6,0.22663691148368878
TNKS,0.22662354629985063
DTWD1,0.2266194907444212
NGB,0.22661779279667219
DYNC2LI1,0.22656875944696497
ALG12,0.22652709591655174
LINC01740,0.22647131691546118
KLC1,0.22646682001529647
AADACL2-AS1,0.22645687512500629
MPV17L,0.22644786245320897
SP9,0.22641357935652248
ZBED3-AS1,0.22641302634257254
SLITRK4,0.22637026332432536
UBXN8,0.22636156187842743
PCDHGC5,0.2263480972477118
ZNF296,0.22634360647122118
RAMP2,0.22633554412914433
B4GAT1,0.2263195766550363
SOS2,0.22627331726804667
ASPG,0.2262546258124116
TMPRSS7,0.22620152327363363
DGCR6,0.22618024681038676
CASC8,0.22615540793974254
BNIP3L,0.2261471753622878
MIR3936HG,0.22610039104191004
LINC01364,0.22609256697616661
BORCS5,0.2260856171537105
LHX4,0.22608410472866597
IL23A,0.22607040573403428
CYBC1,0.22603285221067276
CDC42EP4,0.22597461451017312
B4GALNT2,0.22596383494850214
FKBP1A,0.2259534430765334
MUTYH,0.2259404897569894
DARS2,0.22592644627951697
LDLRAD3,0.22591123095971624
STT3A,0.2258549388486385
PIWIL2,0.2258447520359436
TMBIM1,0.2258066901662635
COQ10B,0.22580048067808875
RSF1,0.22569922245516932
JAKMIP2,0.22566447604920611
USH1C,0.22564441198839044
CNTNAP1,0.22562688113024085
GRK3,0.22557915410127713
GCLM,0.2255649889929373
CHERP,0.22556068450435277
MAP3K8,0.22555781423891813
DHX57,0.22552308350793351
ACVRL1,0.22543944329135177
PRKCQ,0.22541586775042702
TRIM41,0.2254038219351055
GSTA2,0.2254036397532434
ZC3H8,0.22533955940517691
ZNF865,0.2252378941573296
MED1,0.2252253181631418
TLX1NB,0.22520065304566292
GRAPL,0.22517609363299232
PRKAB2,0.22516001480666645
DLGAP1,0.22515390405764205
WAPL,0.22512484132287747
RBAK,0.22512089763519935
AK8,0.225117217386917
GTF3C3,0.22510184773908065
C2orf42,0.22506226078926211
SF3B1,0.22505107483862857
ZNF793-AS1,0.22497674487793756
TGFBR3L,0.2249298796154197
SEMA3C,0.22492624798499758
AMOTL2,0.22489869798782192
CAVIN3,0.22485870999096225
SYTL2,0.2248392052007646
THUMPD1,0.22483032350727952
KRT81,0.22479312563803674
DSG3,0.22478753471808188
A4GALT,0.22474504750145916
THSD7B,0.22471610060612252
DTD2,0.22470159103515686
CCDC9B,0.22465558168590088
LINC00276,0.22464569496312076
DHRS2,0.22464379621214892
KRTAP5-AS1,0.22463543585115076
LY6G5B,0.22458656048643558
MCM4,0.22452062694217892
SMPD1,0.22450315281128885
ZNF774,0.2244932938274194
UAP1L1,0.22448069459177725
CHL1,0.224480531579909
LBHD2,0.2244469545898305
LINC02593,0.22443821930049196
DBN1,0.2244001781055937
PNKD,0.22436470645290885
PANX2,0.2243569077599847
NCAPD2,0.22435132390636278
TBC1D17,0.22432642969531408
TMEM175,0.2243025747303351
PPP1R12B,0.22429578770653233
COQ10A,0.22423656193175812
LRP4-AS1,0.2242227632849732
KRT31,0.22422156102702845
ARNT,0.2242165638413493
POFUT1,0.22421645463503026
SGO2,0.22421046657655874
HOXA4,0.22416398577162983
NDFIP2,0.22415207358248604
GALNT6,0.2241390549937367
TSNAX,0.22410947483079072
ERVK9-11,0.224086680847768
THOC3,0.22406984783204534
KRT82,0.22404006745072694
ZNF280A,0.2240391613220035
IL27RA,0.22403396473844034
SLC1A5,0.2240044802218163
C2orf81,0.22399426891111118
ATIC,0.22393392309569954
HMGA2,0.22392712737311957
EPHX2,0.22392483344023068
BMI1,0.22390160817301802
LINC02525,0.22388519508219176
GPR37L1,0.22386712687704102
GMPPB,0.2238266998510521
HNF1A,0.22379461599508504
TUBA4A,0.2237329733642871
C11orf91,0.22372425197758364
LMO4,0.22369312005831493
GPCPD1,0.2235997630683035
SEMA4A,0.22354508392794595
C1QTNF7-AS1,0.2235394035909574
ZNF587,0.22351643620056644
RNF213-AS1,0.2234920780161955
NHLH2,0.22349112969664345
PPP1R13L,0.22348253821214523
KCNH3,0.22343619946873833
SALL2,0.2234148328298444
MAPKAPK5-AS1,0.22337804704591696
INSIG2,0.22337788032387831
CGRRF1,0.22334032400905704
CITED2,0.22333828178704102
SLC35D2,0.2233357298976835
PSIP1,0.22333411905105613
PEG13,0.22326913583102803
FAM120A,0.22325415606924406
ZAR1,0.22325244716700615
COX18,0.22323359554366756
ATP12A,0.2232139813578
KIF9,0.22317092633755162
YWHAH,0.22315691452936728
ROBO3,0.22308834926712773
MED22,0.22307390185680537
GAD1,0.22307155855706876
ADSL,0.2230692143563116
DIPK1A,0.22306303913979203
HOXD3,0.2230490914480261
NAA40,0.22303332046506222
SLITRK3,0.22303202941453443
CDC73,0.22302339885640265
C2orf88,0.22302196085988496
RELA-DT,0.222964443155976
PDZD8,0.22294356208155172
RAPGEF4,0.22292175713096304
PDCD4-AS1,0.22289958585576106
PFN2,0.22289404936064103
RHEBL1,0.2228863652717764
DDX39B-AS1,0.22287749302323054
GPATCH2,0.22287392542789522
NPIPA5,0.2228723657385003
DRAXIN,0.22283977428637056
TPPP,0.2228370527207982
AGAP1-IT1,0.2228328611833112
ITGA3,0.22283229743272803
MATN3,0.2228304591709061
SOCS1,0.22281068435509815
PCDHGB6,0.222790261187616
RPS6KA6,0.2227443240824406
OOEP,0.22270371734214495
SATB1,0.22269775718341758
CIBAR1,0.22269681282480622
SLF1,0.22268460244948077
ANKRD37,0.22266729184132958
CCDC154,0.22264764223772834
CNOT10,0.22262030702354985
LAPTM4B,0.2225226115952068
AHCYL1,0.22250348226788338
RSPH4A,0.2224304387386659
ZNF557,0.2223958974759236
UFM1,0.22239420003473082
CBX1,0.22234521803461751
TM4SF19-AS1,0.2223240487111578
TCF20,0.2222981973469685
VAMP4,0.22224019637640172
BTG2,0.2222064204173949
IRX3,0.22219375124695503
HOXC12,0.22218592520896077
LPAR2,0.22216765441666386
EMC10,0.22209458538465496
ERMN,0.2220871134217197
KLHL8,0.22206298957780446
CA13,0.22206237823630526
MCCC2,0.22204833858596126
MUSK,0.22201841668317854
SORD,0.22201724635511683
HRK,0.22201249033980971
KCND1,0.2220025508305985
IFI35,0.22197362142910862
LINC01147,0.22188758800713942
FZD9,0.22187903827953817
GABRP,0.2218643623856654
TAOK3,0.2218217526044674
TET3,0.22182150945945162
TRPS1,0.22179592593576086
DHFR,0.22179415371257244
RAB34,0.22179362085857426
SNX16,0.22171468791127294
CLEC3B,0.2217071408545392
ADCK1,0.2216902124153125
GP2,0.2216800332384196
MYADM-AS1,0.22167774351248282
COPB1,0.22162797703098722
NCOA4,0.22162378733893828
RIN2,0.22161879589637187
TRAV20,0.22160488402570275
USP49,0.2215561812038928
PLEKHN1,0.2215110591474369
CCNJ,0.22150549124467783
PPP4R3B,0.2215024910278684
SPOP,0.22148232868864545
TMPRSS3,0.22145760179881255
GLYATL3,0.22143125604872965
GPI,0.2214041233946781
RBM23,0.2213949634546042
ZSWIM9,0.22139093350739789
ZKSCAN2-DT,0.2213161564881044
CASP2,0.22128409537634028
MIR34AHG,0.22127822828118823
C16orf89,0.2212766518304475
MUC15,0.22126471344183285
SMIM5,0.22126224345427176
KRT18,0.221253935229189
SEMA3G,0.2212354760323767
EML6,0.22120508825194124
NECTIN4-AS1,0.22113563372678322
DPF3,0.22111276503070074
GID4,0.22104476867802703
OR51B5,0.22101894721923496
PYGL,0.22101668673049504
FSCN2,0.2210139773309617
FBXL22,0.22097272727093994
ZSCAN2,0.22094435963382025
RTF1,0.22092509886659029
TCP11L2,0.22092392290606475
ELOVL2-AS1,0.2208618929505718
SRRT,0.22085200175927222
NSD1,0.2208337939175041
TFEB,0.22081207611929093
GNAL,0.22080528043587597
NECAB3,0.22079898733812978
SCG3,0.220756600205589
TMEM182,0.22074102212972732
ARL6IP6,0.22072976435121996
P3H2-AS1,0.22072304998523215
LINC01694,0.22065343619813443
LINC00997,0.220554799822802
SIAH2-AS1,0.22050142101156686
ODC1-DT,0.22048157248252562
SLITRK6,0.2204479370826836
CEP120,0.22044127758057386
PRR16,0.22039544007568213
LHX5,0.22037563007540154
SOS1-IT1,0.2203696913576378
LMAN1,0.22036126687781837
GPR25,0.22034720742743133
ZNF687,0.22032383999666885
PPP1R9A,0.22028832779096494
IL20RB,0.220277434102668
OVCH1-AS1,0.22026712162304554
POTEI,0.22026049928620706
ANK1,0.22024537375319325
KLHDC10,0.22024144667683718
GPR84,0.22018251962246171
MOB1A,0.2201748279513406
MAPK8,0.22014459241718967
KXD1,0.2201056557204749
LINC01413,0.2200430905635606
STRIT1,0.22002460562159792
CLN6,0.2199841334645253
LTF,0.21994594405625945
CDK18,0.21994017017877854
PILRB,0.2199198740080287
GFM1,0.2198986764571867
RAB10,0.21985606261526838
ZNF77,0.21983968625598282
KMT2A,0.21981649487729626
NFYB,0.21979296411536758
MAPK9,0.21975887595091662
TTLL12,0.21974499159656186
SF3A2,0.21973678158089677
CTSD,0.21972990650362728
IRF2BP2,0.2196804137226005
PAXBP1-AS1,0.21967401891466673
ANKRD18B,0.2196721078374442
TMCO4,0.21965868986573742
DLL1,0.21965146102470864
KIF11,0.21963196908987406
DSC3,0.21960480332098223
NECAB2,0.2195814338227955
LINC00518,0.219567732666974
HIC1,0.21952382755449842
CEP76,0.21952361192103653
QTRT2,0.2194833567920025
AVL9,0.2194283039712423
CCDC158,0.21941977087413383
ATP4A,0.21941596530511406
CCDC91,0.21936898032058916
QSER1,0.21933363013946536
RGMB,0.21933351973137916
ZNF223,0.21930157028463235
ARHGAP12,0.21925847436120346
SCAT1,0.21923879630191534
LINC01707,0.21923661796971708
CERS2,0.21918668606853967
ZNF696,0.21917876397740566
B3GAT1,0.21916695185967522
RAB25,0.21913414620556496
FAM216B,0.21911220720633395
TMEM171,0.21909861588859758
TFPI2-DT,0.21908681420399084
FKBP1C,0.2190636873489391
SLC12A6,0.21904567491295146
ALX1,0.21904234328225472
STK33,0.21903408578271516
GSN,0.21900627444089027
CFAP69,0.21900435334443075
ECM1,0.2189945658882873
OSGEPL1-AS1,0.21899387351976135
ZBTB24,0.2189886085095339
SS18L1,0.2189351940994501
RNF8,0.21890024872571337
TTLL3,0.2188621901136828
MMD,0.21886201485269297
VSIG8,0.21884886208504664
DIS3L2,0.21883285085642915
LINC01098,0.21882238232501586
TYMP,0.21876866772028916
SFMBT1,0.21869586967992238
LINC02709,0.2186947448427117
AGMAT,0.2186656702380955
HIPK1,0.21862964106193167
KANSL1-AS1,0.21861368649492918
EIF3J-DT,0.21854747831810148
HELQ,0.21852171766110012
SLC25A16,0.21851015771485047
NVL,0.21846755945523577
ACTR1B,0.21836170423185516
DDX51,0.21833234334364648
ABLIM3,0.2183267605509719
PLAGL1,0.21830469002111166
FOXF2,0.21824877455650843
TMEM79,0.2181940079221635
PTGFR,0.21810981398490362
RIMS3,0.2181050455409905
ANKS1B,0.2180524646593852
AURKB,0.21804329751211188
CHRNB1,0.2180298092896716
HOXA6,0.21799139435627257
NCAM1,0.2179741950608419
DNAJC2,0.21794945819670633
GPR75,0.2178582101686232
PGPEP1,0.21784064499922443
WNT9A,0.21782986707223967
ITIH4,0.2178045111500042
LINC02754,0.2177605794269542
WHAMM,0.21775047359266717
SLC31A2,0.21771667105675124
LINC02026,0.21769444105060026
LINC01527,0.2176673360616728
PIK3IP1-DT,0.21762132849746899
ZNF707,0.21759568397209514
SAP30,0.2175458347551038
STRC,0.2175306412915951
ASTE1,0.2174859861270239
NIPA1,0.21748356334050195
YWHAZ,0.21745351981775984
ABCG2,0.21743600436697727
FOXL1,0.21733278286404326
CYTH2,0.21733250589245004
CCDC122,0.2173183544396727
SUCNR1,0.2173158731358226
KPNA5,0.21729994503996944
PARD3B,0.21727068754529544
ZMYM5,0.21725024703458662
PARP16,0.21721267938500788
SERPINI1,0.21718935655764163
KCNIP4,0.21718563059583285
IGFL1,0.21717846395085702
CARD18,0.2171569069292656
HERC1,0.21712424475357625
UGT1A5,0.21708016361107713
SART3,0.21706812148025853
FZD10,0.21706017676848713
PLPBP,0.21702826163873468
ACBD6,0.21701558604822763
CD300LB,0.21700475537762748
ANO1,0.216984020201734
SYT6,0.21695756124653656
MAML1,0.21692262432071155
RAB18,0.21690108919657416
SLC25A24,0.21689130457103423
TYW5,0.21689112504780045
HUNK,0.21689065335985222
CAMK1D,0.21687867944857536
CFAP57,0.21684888042709774
KIRREL1-IT1,0.21679528044311802
CCK,0.2167897704665843
ZNF845,0.2167418314469293
ANGPTL8,0.2167113046501037
ZNF584,0.2166636230687113
SAMD5,0.21666282873646678
FAM86C1P,0.21664450703266785
TNRC6A,0.21663138635643298
PCBP1-AS1,0.2166040727667089
VIPR1-AS1,0.21659847904286603
SLK,0.2165964403595161
CLEC12B,0.21659139088379586
TEX38,0.2165681410400271
PPM1J,0.21653976443190684
MTRR,0.21653922352870056
ZFX,0.21653307631597865
LINC01804,0.21644611086321033
SYNPO,0.21643517274885526
KLK1,0.21643349649640478
SLC2A11,0.21643066713561043
SMAD1-AS2,0.21640850606212736
MREG,0.2163905226103847
PSMG3-AS1,0.216388350330346
KPNA4,0.2163745999825563
ZNF157,0.21637038995571017
DHX8,0.21633336872227515
ANXA11,0.21633082116383276
CPNE5,0.2162672055798212
M1AP,0.21622373893735397
PSMC3IP,0.21620108706317445
ARL14,0.21618378061446383
FSTL5,0.2161835031876109
SCARA5,0.21618269372213625
ZNF600,0.21617195406364265
INSM1,0.21616262459330748
DNAH10,0.21613678374349526
TAF5,0.21612923470530077
RAG1,0.21611787879519684
CRCP,0.21610439890161723
IVNS1ABP,0.21608827928054156
ZNF302,0.21607289831571255
DPH6-DT,0.216048370648524
RNMT,0.21604032069641244
DYNC1H1,0.21594704054741412
PRKRA,0.2159304535690712
SCAMP4,0.2159167536351961
SPECC1,0.21586307052545955
KLK14,0.2158599663495882
EIF5B,0.21581439662275867
ANKRD13A,0.21579006730390085
MYH15,0.21578331207910162
PSMA8,0.2157790843615679
PRSS51,0.21577069462402135
RAD18,0.21576919059941999
KAT7,0.2157599803516848
TRIML1,0.2157579837035774
MEOX2,0.21575426928923302
CD177,0.2157332340512284
CHGB,0.21572287663350703
DOCK8-AS1,0.21569206077258285
ITGB3BP,0.21568367254196968
CEND1,0.21565644551173527
FAM86B2,0.21565419774844627
ZNF304,0.21565121061178893
DTNA,0.2156494929059505
VAMP1,0.2156339634304351
CHD9,0.21562867636032143
NDFIP1,0.21560734542932192
BARX2,0.2155947120280057
LINC01705,0.215587814347973
DDB2,0.21554832205143756
MINDY4,0.21548338255951402
UCP3,0.2154774125008335
IL12A,0.21547330989241206
RBBP4,0.21547018848206087
CCDC191,0.21537219686453835
TINAGL1,0.21526817850937538
SESN1,0.2152284271231906
NT5C3B,0.2152018040237644
C1QL4,0.21516696113713013
HPN-AS1,0.21510649196182371
SDHAF3,0.21507202063233044
COA6,0.2150342852518362
C17orf99,0.21501590757445926
HPRT1,0.21501483273969846
TBPL1,0.21499236078160902
TOR3A,0.2149832310126689
B3GNT7,0.21497954017868784
DNHD1,0.21492042959739271
NDUFA5,0.21490993294582844
KHDC4,0.2148998894893298
KLHL7,0.2148729203362896
ANAPC7,0.21480280056411347
ZIC1,0.2148009112798541
IRF9,0.21479043776992196
PCP4L1,0.21475376872607232
MADD-AS1,0.21474801684610023
KCNT2,0.2147349110222779
MED17,0.21470546012165984
CTTNBP2,0.21469037368910918
C1orf35,0.2146813803171525
KRT33B,0.21467776141361652
FAM217B,0.21465452723287118
DUSP26,0.21463650697475123
KCNJ12,0.2146106547764899
SERPINB1,0.21459312291617058
SLC11A2,0.21458988224300932
ANKMY2,0.21449967829420558
MYPOP,0.21447304968663572
SLC38A5,0.21447080442439542
C5orf22,0.21445865721526117
ZNF852,0.21444109356075608
MTHFD2,0.21442510882671503
PAQR9,0.21440973889992304
NPRL3,0.21437244293239138
GDPGP1,0.21428565632516652
ZNF107,0.2142778010357982
APOA5,0.21426864666157575
GABRA5,0.21424934354077457
DPF2,0.21422696861867935
TLX2,0.21422248550687942
KLHL6-AS1,0.21420499228966525
CD58,0.21418942451716613
TFB1M,0.21415139863951163
ANGPT1,0.21415125417998743
KLC2,0.21408591673019017
FABP2,0.21404498085340565
OLFM2,0.21399973708588146
SP5,0.2139924816838093
PTGFRN,0.21396675800578563
CELA2B,0.2139537924973016
IARS2,0.21391261601031128
SNAPC3,0.2138795808522243
LINC00887,0.21384619667886995
SYMPK,0.2138044264753767
PIK3CB,0.2137937931163784
RAP2C,0.2137658891194847
RC3H1,0.21375492371618068
MDK,0.2137366600896021
SHISAL2A,0.21372959324423677
SLC45A2,0.21369582327904252
PCGF5,0.21366723006945482
SARS2,0.21365907385625105
CSRP1,0.21363702350211833
FOXD3,0.2135657525942187
PAXIP1,0.2135313206204174
TRMT13,0.21349310001307809
TAB1,0.21346702448088414
RAF1,0.21344366419440142
PTPRZ1,0.21343449502189532
ADORA2A,0.21341379106294464
SOX11,0.21340459821437255
SCN8A,0.21338887429461134
TMPRSS11E,0.21338181440518472
TULP3,0.21333437329648802
SATL1,0.21332326250094683
MAGEE1,0.2132827478077282
CPSF4,0.21325590327043936
LINC01122,0.21321240444080547
POLR2D,0.21320569390212793
TDRD7,0.21320243869228042
PTPRD,0.21316925702474337
USP40,0.21315004264150839
TRMT2B,0.2131451706545725
TTC24,0.21313485688494266
ABCA10,0.2131282724970757
TK2,0.21312173014232252
FAM78B,0.2130924265701987
ADH7,0.21307587971770042
SPICE1,0.21304003435971053
CEP295NL,0.21303288598301032
FBXO17,0.21295988629124887
MINK1,0.21289983878066782
SNRK-AS1,0.21287862607529376
CPB2,0.21287788830344367
LINC01355,0.21286770049714673
POU2AF1,0.2128537354358678
PPP1R35-AS1,0.2128495708311677
KIF22,0.21281094893316022
TMSB15B-AS1,0.21279343185764368
PRDM11,0.21274790798107424
LINC01602,0.212727399606251
FBXL2,0.21269323495306708
SLC6A4,0.21267870270053507
DKK2,0.21262024815203306
DCAF16,0.2126190808567308
FOXJ3,0.2126182493766994
SLC30A6,0.21256251018464847
PDE2A-AS2,0.2125586540835814
NXF3,0.21253893082061617
CABLES1,0.21253725122758949
SH3BGR,0.21252265097880743
MPHOSPH8,0.21252230723166568
CMC1,0.21252169728864015
GPNMB,0.21249748027991464
HOXB6,0.21245592739804975
CNOT9,0.2124502551349742
FBXO41,0.2124024788563623
ERN2,0.21239549088293824
MUC22,0.21236837610524023
NUDCD1,0.21236061357567665
INPPL1,0.21235055784716575
RBM22,0.21234852556694409
SLC35A3,0.21232394507971433
TRAV10,0.2123225632027088
ARL6,0.2123026712676396
RAB21,0.21227353225894993
VPS33A,0.21225723707526808
CGNL1,0.21222973958936883
ST6GALNAC2,0.212178825710445
CLEC1B,0.21216909731106914
MTHFS,0.21214391217489928
PLEKHH2,0.21212335216657988
TAF5L,0.21208467569015463
IRS2,0.21207440435067498
PURPL,0.21206019496985995
INE1,0.21205966536645474
PDIK1L,0.21204127629721461
SETMAR,0.21201142511932827
PGBD4,0.21197806975464942
TDRKH,0.2119676049534589
STING1,0.21195249107972386
ZNF341,0.2118898591636402
IL17RA,0.2118676188829947
MEI4,0.21185386156729405
CNTN2,0.21183660145373762
TMEM106B,0.21181961308154218
INSYN1,0.21179006351177043
EIF2AK2,0.21172932070077963
ATP2A1,0.21172377658717478
KDELR2,0.21165877225157811
C4orf51,0.2115998018163487
MSTO1,0.21159481184778517
PSAT1,0.2115832763659616
HDDC2,0.21157810251458556
CYP27B1,0.2114856564113378
AKAP1,0.21146599476961483
ZCCHC2,0.2114137364775198
ZFAT,0.21139148613633893
SLIT2,0.21134976713216536
AFM,0.21133344062090598
RNU6ATAC35P,0.2112979394280848
LY6E,0.21129521785545566
CD248,0.21129474631768264
LINC00629,0.21128889760134661
LINC01526,0.2112360139949077
MYCL-AS1,0.21123477787199985
MTHFD2L,0.21119621945928788
SLC9A8,0.2111823405948536
NT5DC2,0.21115370367928019
PAGE4,0.21112862537034963
CAPN7,0.2111251301899714
TCF3,0.21110393337068625
NIPSNAP3A,0.2110640662068635
MEIS2,0.21105344868797227
PRKX,0.2110150841449552
AFAP1L2,0.211013591769131
SENP6,0.21100031666345154
C11orf54,0.21097398148204388
AGGF1,0.21096120796516196
SEC14L2,0.21095491179674855
SLC7A2,0.2109119758691962
PPM1B,0.2108925821485456
RALGAPB,0.21087366254394832
ODR4,0.21085120769763127
HEXA,0.21082324118895562
CLLU1-AS1,0.21081313388942607
BCAR3,0.2108082843932948
RNF122,0.21078854876968184
GPR137C,0.21075268454918508
SMARCA5,0.21068373711246594
RTN4IP1,0.21067660722778236
GLT1D1,0.21067584789326785
GSTK1,0.2106321072267824
RNF139,0.2106273202346816
LINC02777,0.21061561784967606
GPAM,0.21060824216429172
LCAL1,0.21059222444560055
ARAP2,0.21058802292010967
TTBK1,0.21054687288703192
LINC01752,0.21053052974810418
RAB33B,0.21052680226692688
LITAFD,0.21047539635216878
NOTUM,0.21047251193475427
TMEM181,0.21043822334349763
LINC01885,0.2104354424845639
CCR6,0.21041210092409385
SLC2A13,0.21037772036911892
LIN54,0.21034571853323705
LENG8,0.21029770101312814
PICSAR,0.210287227710359
REEP3,0.21027515304665684
MROCKI,0.2102385791988122
CNGB3,0.21022174717935674
OPLAH,0.21020706837023084
HOTAIR,0.21019044760227934
CPS1,0.21012266630727855
DDX18,0.21011840721179575
ZFP41,0.21009147672174824
ZNF468,0.21007885187861616
MARCO,0.21002361436261982
ENO1-AS1,0.21002296089217762
IHO1,0.21001518287554113
PHEX,0.20998236093238756
OSBPL8,0.20994385064853413
INTS10,0.20992498451418526
TAX1BP1-AS1,0.20990453995260705
MTUS1,0.20989410592665309
MLNR,0.20987400281383012
NAGLU,0.20987065635364005
ZNF571-AS1,0.20984831864307146
PPM1L,0.2098330876587475
CCDC88C,0.20979032137546166
SDK1-AS1,0.2097859305542447
ZNF226,0.2097744953029759
NRP2,0.2097664002077911
LIN28B,0.20974450773052372
ASPRV1,0.2097404429946474
C21orf91,0.2097403209031643
PHOSPHO1,0.20972822281761183
TMEM134,0.20968364385202604
SPATA4,0.20967054858985168
HDDC3,0.2096600740843582
KLF7,0.20960799633284757
PROM1,0.20959931629609313
IFI6,0.20958306040413094
LINC02656,0.20956776899707796
CYTL1,0.20956285884318762
EFHD1,0.20955622181240136
OPA1-AS1,0.20954288565715834
SMAD5,0.20952521508024435
PACSIN2,0.2095086659888446
FHAD1,0.20949468170179378
DNAJC19,0.20947305467205402
HEMK1,0.20947177247864773
SUCO,0.20947090966224222
SPDYE6,0.2094697725028157
UBE2W,0.2094456913608506
DENND6A,0.20941241640758212
CYP2C19,0.20935604819322473
RNF157-AS1,0.2093154487784199
IL22RA1,0.209301805449227
RAB11FIP1,0.2093000898088517
ZNF236-DT,0.20928940240808455
ARHGEF25,0.20926179305392723
STON2,0.2092396980906122
IFT20,0.20922587718365426
ZBTB46,0.2092227352772379
DDX5,0.20919386561780282
RNF149,0.20916631727978532
FGF13,0.20915523683049908
KCNH6,0.20913736793193813
PPP6C,0.20911083052435395
TTYH3,0.20909643772755745
CHIA,0.20907634222338706
TRIM6,0.20905153778868735
ADCY7,0.20904420134166887
MAP4K2,0.20898119212432792
ANKIB1,0.20896978312341585
THOC5,0.208941287830353
ZNF185,0.20890279808877107
C5orf15,0.20888555593269204
SLC5A4,0.20885315104700547
COG2,0.20884526021608632
ING1,0.20884232802261016
PHF20L1,0.20882844901342465
SCYL2,0.2088270686567263
ZSCAN21,0.20881584709829293
CNTLN,0.20879625026584342
RET,0.2087128432130771
ADGRD2,0.2087078895251752
TEX46,0.20869553829561205
OAZ2,0.20867114970441067
SFTA2,0.20860002145952564
ABHD4,0.20855784595825236
FAM234A,0.20854289824849012
TRIM14,0.2084943120413993
TMEM52,0.20845888643439303
RBFOX1,0.2083900237824911
RNF227,0.20837974079696664
CLCC1,0.20837067226581266
FAM227B,0.20836996626447063
CCNG1,0.20836926461891087
UBFD1,0.2083592323851785
UBN2,0.2083573481337567
HS6ST2,0.20833220405570715
DZIP3,0.20826946831589205
ZNF709,0.2082606790332343
ZYG11A,0.20825425107709575
ANKRD12,0.20822727059371474
ORMDL2,0.20821717224340971
TPGS1,0.20820047966955194
POMT2,0.2081577875786328
DUSP19,0.20815655824477838
MGLL,0.20810004900089218
ADM,0.20803083885213103
PPIE,0.20801952329550633
PITX2,0.20799456829544122
NTN5,0.2079632055258919
NOBOX,0.20796035363663104
MEX3B,0.20795097702890242
CDKN1C,0.2079371856384813
SDCBP2-AS1,0.20792827185422624
SLC30A3,0.2078953169053974
RFESD,0.2078850762262092
RNF19B,0.20787859605289744
PRSS22,0.20787836877700377
MIR181A1HG,0.20779825767673749
EZR-AS1,0.20776349072184114
CHST7,0.20775582636181442
NGF,0.20774097207593337
ACOD1,0.20769018561051952
RANBP9,0.2076680834242403
CPSF2,0.20763915309606165
TRIM32,0.20760169384756047
RHBDD2,0.20758317573640922
AQP5,0.20756117960639578
DDO,0.20749541515661485
TADA1,0.2074815186413695
ESCO1,0.2074683781251525
QSOX1,0.2074593289850436
C2CD4C,0.20743540456007636
VLDLR-AS1,0.20740999508683855
CCNL1,0.20740417093142624
ADORA2B,0.20739623336875204
TJP2,0.20736266667043218
GEMIN7-AS1,0.20736028586160124
RDH5,0.20735171659603877
REEP1,0.2073311655778242
MED24,0.20732555474023626
EXOC7,0.20731264910101976
SLC7A1,0.20730404749320638
LINC00485,0.20729418098276978
SLC33A1,0.2072880912814775
POLR1C,0.20725143065552207
CA7,0.20724950711278706
OCRL,0.20723932477752716
BMPR1A,0.2071978966820488
MCEMP1,0.20719307590209368
LINC02704,0.20716318597901495
CRYGS,0.20715950826581758
TMC3-AS1,0.20705421232369153
CNNM3-DT,0.20700239585004865
TMPPE,0.20697597280920108
RIIAD1,0.20693070699245877
UNC5C,0.20691442085449818
CEP250-AS1,0.2068876260064116
ATG4C,0.20688420460821014
LINC00479,0.20687093177242705
SEMA7A,0.20686322648922942
MAPK1,0.20683119155189753
NUP42,0.20682950576579123
OR2L2,0.20682690556471786
RNFT1,0.20680770302608492
LMNTD2-AS1,0.2068040499134071
DPP8,0.20680021331653745
KRCC1,0.2067864740652785
LEMD1-AS1,0.20677796894764858
FOXE3,0.20675346886434467
SLC22A9,0.2067515888855822
CDCA8,0.20671731547752603
PLBD1-AS1,0.206684523089889
NPHP4,0.20668418479379755
CPSF1,0.20667395534129562
IFI44,0.20666233127754846
SERTAD2,0.20659500712111925
ZNF586,0.20657371659743926
MAP3K7CL,0.20655341154788948
MANEA-DT,0.2065398493094684
TLX3,0.2065355911328447
LYPD6B,0.20646838189146577
GALNT5,0.2064331825604419
INSIG1,0.20640533277079093
CHAC1,0.2063303068830895
TCP10L,0.20631757887901284
H4C14,0.2062031438844081
HAS2-AS1,0.20619701819690417
LINC00165,0.20617035918782517
ADGRG2,0.2061571184709648
TPCN1,0.20615535534003324
SMIM14,0.20612089480386245
LCT,0.2060980431302954
VGLL2,0.20606998860442374
SLC25A32,0.20604766149450507
CACNA2D4,0.20600991329527524
MEGF10,0.20598841404690263
WNT8B,0.20592759977438244
RADIL,0.20582409472294877
HSPA6,0.20576603901140103
SEPSECS,0.2057482259937901
HSPA4L,0.20571984796679188
THAP8,0.20571533795665006
C17orf58,0.20570905844590698
ARF3,0.2057023153532818
TRMT11,0.20570158609600264
PLEKHG7,0.20565890279541857
ABHD6,0.20564423439902527
LINC00471,0.2055972471783138
SRSF7,0.205503104329667
DRD1,0.2054974880733158
SNHG5,0.20544949189840175
NPHP1,0.20543337003748263
ARHGEF15,0.20541307112791676
GPR3,0.2053540105207769
BBS4,0.2053199261212276
LMAN1L,0.20531485725636522
SHMT1,0.2053059178323376
RBMXL1,0.2052994725817668
KPNA7,0.2052994657968262
NHEG1,0.20526530294837123
SLC9A9,0.2052538304049357
SLC7A6,0.2052523286616637
ZNF483,0.20525184732402668
RHOT1,0.2052371064102653
ISL2,0.20520706590274979
HDAC4-AS1,0.2052019011428862
UEVLD,0.20519385240260804
LCA5L,0.20518663550031085
UBR3,0.2051758497100168
PRRC2C,0.20513105905658074
EPB41L4A-DT,0.20511237659658207
MYF5,0.20510539896551677
LINC01339,0.20508120101077162
MAP3K4,0.20497847615748635
ZNF407,0.20497489743505004
GPATCH1,0.20497436055905763
SLC25A14,0.20495883866042602
KIF25-AS1,0.20495312765827478
ST8SIA1,0.20493883385926995
DUSP12,0.2049058515716151
ADCY6,0.20489290074736852
CRYBA2,0.20487989162953654
LINC00470,0.20483557213378867
LINC01659,0.20483235337905123
CLDN10,0.20481293107871057
PSCA,0.20480835875178277
APPL2,0.20480268370422502
CSMD1,0.20479090527306013
OXNAD1,0.20479032945381292
PRIMPOL,0.2047896163241529
C12orf42,0.2047879593943699
EOLA1,0.2047617364759946
PARTICL,0.2047372758426405
PCDHB6,0.2046260734797705
NWD1,0.2046230908775933
LCT-AS1,0.2046119387067854
MEAK7,0.20458824803149497
RBM12,0.20458272127979274
FOXG1-AS1,0.2045782764946764
POLR2H,0.20452792966660813
ACBD3-AS1,0.20449845347403317
KIF13A,0.20449724188937585
MYOM2,0.20442588090923494
TMEM170A,0.2044104460019711
LINC02882,0.20440781790852552
CABIN1,0.2043557060524378
MECR,0.20435238419766946
ADSS1,0.20433070104792425
SLITRK1,0.20430900089564846
GRIN2C,0.2042850991311429
FLG,0.20427382216538378
BROX,0.20426002335845134
SMCR5,0.2042405447872905
AP1G1,0.2042069606888904
MB,0.20419407403091983
TXNRD3,0.20413172538215618
CES2,0.20410504770931853
SBF2-AS1,0.2040957776683295
SLC43A3,0.2040609709662971
MFSD14B,0.20406049267305085
EIF2S1,0.20403626840809944
KLF16,0.20397406323957928
CLEC12A-AS1,0.20388408233088506
SRRM3,0.20382417271852982
MCOLN1,0.20376136022987992
ZP2,0.20375965585953407
VAMP3,0.20372920319721224
LINC01011,0.20371817478071652
TNS4,0.20370679221269614
CT45A10,0.2036815881376281
FOXN3,0.20367118854292188
ESRP1,0.20361386498378362
MEGF9,0.2035929250828567
EFHB,0.20355947528197857
TRAPPC6B,0.20353683680519083
FOLR3,0.20350098186821947
VEGFB,0.20348586773579092
STARD7,0.2034261909604616
CAMTA1-IT1,0.20342563141980183
PRMT2,0.20342046907958497
LINC02018,0.20341946345712686
MINDY3,0.20336585837327462
CFAP100,0.2032979500030999
ZNF567,0.2032919891348786
KPNB1,0.20326588134267848
SUCLG2,0.203259274522545
ABHD17B,0.20322925857178292
LINC00235,0.2032187856928172
ALX4,0.20314138138122273
ADRB1,0.20313853165086984
WDFY2,0.2031093911160432
S100A5,0.20310507124419647
SLCO4C1,0.20309771707174895
SLC7A14-AS1,0.20309215157761745
FBXO11,0.20305937909813926
ACSM3,0.20303230725907057
LINC01018,0.2030296403833558
OTULIN,0.203024185970484
PRKAR2A,0.20301979482489985
LMBRD2,0.20296888358467322
NRK,0.20294543307055005
LINC01232,0.2029376377946969
NAP1L1,0.2029234916082837
C1RL-AS1,0.20285130936572396
C1QL1,0.20284036659823798
SHROOM4,0.20283419677844364
MAPK12,0.2028302212566016
ACE2,0.2028188801119389
NEK4,0.20281605272241193
FYTTD1,0.202776634482448
SH2D3C,0.20276917616901147
FNDC7,0.20276271481679425
DLX1,0.20274723890812074
FZD3,0.2027398229082877
SLC9A3,0.20272545834502018
AFAP1L1,0.2027031387662187
MT1E,0.2026939257854413
SCD5,0.20268510089901678
C6orf226,0.20266769049256442
CELF4,0.20266583776369923
EFS,0.2025163901681541
ULBP3,0.20250151504442784
KLHDC7A,0.20248588470577308
RRN3,0.20245152748785483
ERVE-1,0.20240310656628205
KIF5C-AS1,0.20239866736982298
GALNS,0.20239074063763626
BANCR,0.2023100441250726
KIF1C,0.20230994243417388
ZAN,0.20230114579300532
ST20-AS1,0.20227725609081396
CPEB3,0.20227334545279715
TRAV26-1,0.2022535051462925
SLC7A4,0.2022444415004772
FGF14,0.20224271098648844
NME2,0.20223944174356537
ACKR2,0.20222908165844647
SLCO4A1,0.20222423084054772
EDAR,0.20217413325902067
USP33,0.2021106170461326
MVK,0.202102534163967
ZNF211,0.2021004348098344
SCIN,0.20208660244619558
RRP15,0.20202565714917
ZNF442,0.2020148586318964
PERP,0.2019884961648783
MCEE,0.20197827201969076
MAN2C1,0.20196847910133878
LINC01431,0.20196747989332484
CCNI,0.2019632101730851
ZNF426-DT,0.20192586864426884
ZNF627,0.2019201088471201
DMRT3,0.20191687907418415
LINC00524,0.2019163944986048
CEMIP,0.2019047072376624
CLDN9,0.2018681799020171
MTG1,0.20185638718358287
GAMT,0.20184637937684735
ADCY3,0.20178964638525332
RSKR,0.201789231081493
IMPA2,0.20175571191181013
ASMT,0.2017542218324812
GFRA2,0.2017351910183494
GNB3,0.20169207289057642
LMO1,0.20163911873271137
ACAD11,0.20162957298350254
AGBL5-AS1,0.2015846471098822
PCDHGA7,0.201550163132496
MORF4L1,0.20154375632114194
LRRC56,0.20153713136686083
SSBP2,0.20135467108358812
ZNF473,0.20135282493273043
OAS3,0.20134927650511733
CLASRP,0.20131980746380637
POLA1,0.20129956465278365
BTBD7,0.2012947575936229
IL13,0.20127744980077783
STX17,0.2012742460139023
SEC31B,0.20124923048796456
ARF4,0.20121308451834086
CCDC40,0.20119791683648144
CCDC163,0.20114785958119788
PROX1,0.20114206587593902
ZNF395,0.20111144996845154
FBXO27,0.2010544541469045
TNFRSF1A,0.20104846646852384
ZC3H12B,0.2010449480763432
TC2N,0.2009863410809716
TRIM4,0.20095969178474657
DMAP1,0.20094475912644763
HEY2,0.2009421881311714
ZNF629,0.20091984539726557
SCTR,0.20090990281268997
GPR135,0.20090090525057788
DLGAP4,0.20085593052176196
ASRGL1,0.20084238002920232
SEPTIN7-DT,0.20080909893257812
OSER1-DT,0.2008088214124203
KRAS,0.20078995378752415
MACF1,0.20077740301728175
FAM98B,0.20077076310618994
PIGS,0.2007605478046108
PDXP,0.20075837842337116
TMEM270,0.20073539911627625
ZNF43,0.20070858119885535
IRF2BP1,0.20070146163113528
CACNB2,0.2006975622584041
ORAI3,0.200686424363489
MIR99AHG,0.20067924212876
RNF170,0.2006691258306344
ARHGAP5,0.2006494680874288
SLC26A7,0.2006264882560952
RUFY1-AS1,0.20061756988856308
MYEOV,0.2006125891205748
HPCAL4,0.2005879513439915
CYP4F2,0.20054832508343645
TSPAN5,0.20054515252869057
FAM53C,0.200541594089201
PDZK1IP1,0.20053687527459585
HSD17B4,0.20053242896674153
GRB7,0.20052046683630095
C10orf88,0.20050893609481962
MROH8,0.2004901554996261
COX4I2,0.20047294694554815
PSG5,0.20046539608424382
UPK1A,0.20045523908703483
NPEPPS,0.200421366142656
NUP98,0.2003698119126882
SLC26A9,0.2003561830940966
GSTA3,0.20030708910993092
TMEM42,0.200270873456638
ZFP2,0.20022034322129237
COA5,0.20021802204275257
COPDA1,0.2001559819510858
RDH10-AS1,0.2001544374967682
CEP295,0.2001196109425229
CDK4,0.20009237408295785
CSPG4,0.2000753012340081
ZNF430,0.2000552889635912
ADAM9,0.20005066825581966
CECR2,0.20000159796138225
PCDHB2,0.1999805169883933
NUP133,0.19997713510995638
CHD1L,0.19997219108226164
GSTM1,0.19995322747064348
ZBTB49,0.19994993873051783
PXMP2,0.1999422453841953
HDLBP,0.1999329066489843
TSPAN13,0.19989884392807458
CD81,0.1998432889644164
CFAP91,0.19982480117751597
ZNF749,0.1997958612257632
FBN2,0.19979437430951585
RBBP5,0.1997882348585647
CGA,0.19969931037104652
SUN3,0.19969323379531514
DNAH8,0.19967229679227305
COG7,0.1996414403616336
KEL,0.1996378392187775
MMP2-AS1,0.19962824480873642
FAM210B,0.19962156617589283
PLCL1,0.19960158220283825
ELMOD3,0.19959442708047606
RAMP1,0.19957937242350365
APBB3,0.19956760834926493
HERPUD2,0.19956544210608773
AIPL1,0.19956427010413325
EPM2AIP1,0.19953682082107396
CTPS1,0.19953098025890076
DEFB126,0.1994787127510718
RFC3,0.1994554425002163
SGPL1,0.19945113027747088
LIMCH1,0.1994192732907538
DNAL4,0.19941301540613618
LSAMP-AS1,0.19938516987536864
LURAP1,0.1993738692047082
STX18,0.19934812306164104
KIAA1614-AS1,0.1993327147921519
ZNF236,0.19931580127081422
KIAA1217,0.1993095454207923
DUSP15,0.19930790342844265
SPTBN4,0.19930156346379485
RERE-AS1,0.19929711247709408
CENPV,0.19929627983531467
HS6ST3,0.19927845035364047
CNDP1,0.1992649153453773
S100PBP,0.19926239929808962
TOMM20,0.19917252637529684
XG,0.19915966011746264
CNOT7,0.1991460367466415
WIPF2,0.1991185294742813
LINC01882,0.19911696229695208
ACP3,0.19908996786302927
SMIM18,0.1990710913511389
NMU,0.19906953659871798
GAL3ST2,0.19906929926849837
CEROX1,0.1990524408574866
LINC01163,0.19903298066741176
NWD2,0.19902701494734373
GABRG3,0.19901820140890303
CAND2,0.19901719310141794
MAFA,0.19900392012112905
PLCG2,0.19897725307293046
LINC01096,0.19897479394051001
PKMYT1,0.19896915551380448
HAR1A,0.1989665713314427
COX7A2L,0.19895787134519957
GTF2A1,0.1989570824499981
TPM3,0.1989380084861059
MST1,0.19889407982758478
FOXK1,0.19889148380345076
FAM47E,0.19883610499640172
LINC01198,0.19882104082267366
FBN3,0.19881489792462462
MON1B,0.1987355143475907
TPTE2,0.1987248530814209
RBM14,0.19868271702377935
PDE7A,0.19867303787893914
NEK5,0.1986673056475933
MEN1,0.1986581325268924
SIX5,0.1986523782256528
GNB1,0.19864009456802356
LZTS1,0.19863924970223257
ABTB2,0.19862337675718986
PITX3,0.19856688416973856
UBXN2B,0.19856631507597122
SPRY4-AS1,0.1985133642285658
MAFG,0.1984959689914815
ETFB,0.19841226926346422
NYAP1,0.19837420672177633
SLCO1B1,0.19837042152249548
DSG1-AS1,0.19834167470782704
SLC25A25,0.19833470389698013
RPP38-DT,0.19832844591969553
LAMA3,0.1982820480819947
LINC02795,0.19828095659307918
ANKRD40,0.19826428730943088
HOXC13,0.19822725354210152
LINC01278,0.19821406899668922
DSE,0.1982024027659539
FASTKD1,0.19819613354208507
SALL3,0.19818491946923114
ZNNT1,0.19818041775370018
RRAGA,0.19817256919854884
CHMP3,0.1981426502972423
NR2C2AP,0.19810380340371297
ASAH2,0.19809256965920918
ARPIN,0.19806187436761857
PDCD7,0.1980598816593237
PRR20G,0.198028512187908
MFHAS1,0.19802300845337933
CNR2,0.19800692926223246
SUSD1,0.19800672689013143
PSMA3-AS1,0.19795040526224614
URB2,0.19794815946866584
APOL1,0.19794525903049737
CDKN1B,0.19793562834168169
MBOAT2,0.19791953933745063
PABPC3,0.19786517404405987
MAPK8IP2,0.19781669190533643
GEMIN6,0.19777813763167926
CKS1B,0.1977728920285913
CLUL1,0.19774180324337837
ODC1,0.19771460981281472
LY6E-DT,0.1976786142900991
TSIX,0.1976587254532456
RBM8A,0.19764923889895775
CASZ1,0.1976321619267519
HMGA1,0.1975855683935617
DDX3Y,0.19753753962473627
AK3,0.19751805744979783
GSEC,0.19749738362251443
RASGRF2-AS1,0.19749657829576744
CACYBP,0.19746663992996502
PIK3C3,0.19745927355611312
HAUS3,0.19742792328419217
IRX4,0.1974066606779735
KCNJ5,0.19739030601981575
MIF4GD,0.19735671952332862
ZNF32,0.1973251016421513
MST1R,0.1973094314012814
C5orf63,0.19728902040156315
MAP2K1,0.19726271377355475
SUV39H1,0.19723550138749016
RNF144B,0.1971762807428762
SLC5A2,0.19717020204487046
PACERR,0.19715976815984715
VPS37A,0.19713848811762458
ADORA2A-AS1,0.19713787131452143
BIK,0.19712219479339485
LINC02475,0.1971143968733008
UBE2R2-AS1,0.19710766730608545
HCG9,0.19703454860625447
SLC4A9,0.1969794797991726
TPR,0.19696579582825266
SLC35E3,0.19695341464472127
TMEM191B,0.19694724700948396
PPM1E,0.1969243160504771
RBM48,0.19692184764706158
MYBPC1,0.19691794605821128
NOG,0.19688591491011517
ALG3,0.19688505946480928
HOOK2,0.19680087521167777
COPB2,0.196787277662211
GATB,0.19672911268531865
PAGE5,0.1967009190060427
LNCOC1,0.1966782693222386
GASK1A,0.19663399202667237
KMT2E-AS1,0.19657359936335914
CALML6,0.19647683452915196
GNRH2,0.1964746779249796
ZNF300,0.19645642318413956
ZDHHC21,0.1964115522326467
CASKIN1,0.19640184625434653
SOX8,0.19635967432055393
INTS9-AS1,0.19632732449024348
LUC7L,0.19630727699878694
EIF4A2,0.1963054643731508
MATN4,0.1962721767723996
CTXN3,0.19625457728300125
LINC02321,0.19623528085498726
C11orf71,0.1961446693031296
VEGFD,0.19611887017950072
CCDC186,0.1960971142001366
TMEM108-AS1,0.19609154475567273
PROCR,0.1960511324027178
GET1,0.19604453230653193
SH3PXD2A,0.19603531777782465
SATB2-AS1,0.19597787472215383
CFAP97,0.1959534996080629
AOC2,0.1958772068303289
PRSS41,0.19585661987438557
MMP24OS,0.1958192791721808
PI16,0.19580023209932873
CCDC18,0.19579842233314695
DSTYK,0.19579839794457257
LINC02422,0.19578825971977978
GORASP2,0.19578266843480388
FOCAD,0.1957814195802699
TEX48,0.19575946379450992
KRT32,0.19575464067083306
TTC21A,0.19574420129447256
NLGN4X,0.19574098053705605
CCDC38,0.19574057788548033
TUSC8,0.19573719779169516
UBA6,0.1956541395335923
MIS12,0.19564524986538306
LRRC8B,0.1956308983580405
PLIN3,0.1956299991918952
KLHL30,0.19560256059578218
SIPA1L2,0.19554419755700525
TOR1A,0.19554409834783248
TAF6L,0.1955365730971681
STEAP3,0.19553168485419084
EPN2,0.19552295541683523
C19orf73,0.19551809549045734
FANCM,0.19548581548278274
EHF,0.19542148488121897
ARHGAP40,0.19539723419258878
HOXA2,0.19538450946374145
CNOT2,0.19532973463298686
LINC02006,0.1953259410001627
ZBTB42,0.19532575283817086
PABPC5,0.19524780943791886
LINC02448,0.19523221400374302
ARRDC1-AS1,0.19520658960045056
NR4A3,0.1951743558863034
GCHFR,0.19514442910291624
CELSR1,0.19512601911456293
NAB1,0.19508325074156052
FAM106C,0.19508017516345752
HSPG2,0.19504600897105662
HMGCR,0.19495491133735418
ERCC2,0.1949439922624513
PAGE2B,0.19488894732409134
NELL2,0.19488732871872985
RNF152,0.1948695088002764
XCL1,0.19484609858381197
METRNL,0.19484078848055583
STAR,0.19481482377357054
ATE1,0.1947683164965633
FAHD2B,0.19475857744855452
S1PR1,0.19473156019635332
KCNH7,0.19473054312716204
CDKL5,0.19468920942130288
ABHD10,0.1946848741316301
ZNF391,0.1946552950620853
IL6R-AS1,0.1945344121978099
STKLD1,0.1945335143167617
VWA1,0.19451680823819884
DTX3L,0.1944553374454322
NCBP2,0.19441960751493545
ADH4,0.19437490464925822
DNAJB5,0.19434678817514248
NPC1L1,0.19431833155395628
KCNT1,0.19428185705141374
ERICD,0.19428085769078834
STAT6,0.19426992190487802
SLC7A9,0.19425806849353497
WDR6,0.19421509037829393
MICALL1,0.19420740650208695
ESRRG,0.19416335927298478
SLC39A6,0.19415634311486601
PRKDC,0.1941515529811471
CCNI2,0.19409377492530702
TIMM44,0.19401738896738632
LINC01937,0.1939940274585591
CGB2,0.193993919686219
HS1BP3,0.19397539520349788
SCUBE2,0.19390525774865264
TMEM18,0.19389248644051238
SAMD15,0.19384727607813465
IPO4,0.19382273106611453
UPF3B,0.19378325557604115
TKT,0.1937558640785736
NOTCH2,0.19374234382595065
VKORC1,0.19369514436252405
CDH4,0.193658240686263
OR13A1,0.19365759551993164
RBM46,0.19362146016389745
TRIM16,0.193595732350901
PAXBP1,0.19356768644105077
NPTX2,0.19354430077382725
GPD1L,0.19354058606535193
LINC02389,0.1935369929141344
CDC25B,0.19352418546797018
FGF2,0.19350341336585378
TFF2,0.19349967126549864
ART5,0.19345205372225882
RBP7,0.1934195207281468
LHX2,0.1934092100312913
FOXJ2,0.19338564565962413
HS3ST4,0.1933395083740855
TRIM39,0.193315849184187
FBXO33,0.19327526691408028
CLPTM1L,0.19325215515100713
ZDBF2,0.19325174232280223
RBSN,0.1932299809731166
ABHD2,0.19322063158993996
WDR1,0.19316248066566025
RSBN1,0.1931414029157735
IL25,0.1931285826474837
CDCA5,0.19312772057222397
C10orf55,0.19312286658737102
TTLL5,0.19312158479076094
NUTM2G,0.1931123098921681
CD1C,0.19307987450562286
LIPE-AS1,0.1930706244029158
TMPRSS9,0.1930474341953155
AUTS2,0.1930318333116186
EDDM13,0.19300785881425514
MTRF1L,0.1929945986169952
CHST4,0.19296114692836105
TMEM221,0.19295801428105014
LINC00472,0.1929130474988464
DRP2,0.19291225747861612
NPNT,0.1928997197595088
ZNF433-AS1,0.19289358954528985
GLB1L3,0.19289227835139267
PLA2G12B,0.1928561876976418
ADAMTS3,0.19284184051012745
ALKAL1,0.1928275468010008
PLGLB2,0.1927760917381924
SPDEF,0.1927462009008007
ZBTB32,0.1926811636209688
BRSK2,0.19260683436811443
SKA3,0.19256499523499915
FLAD1,0.1925346570347979
OGFOD2,0.19251880550872064
HAUS4,0.1925123046451524
PPP1R12A-AS1,0.1924854155256866
ARGLU1,0.19247797184179674
DCC,0.19247039153623893
HCFC1-AS1,0.1924621468167106
CPSF6,0.19245753940702331
ZNF625,0.19244685774254766
TTC39B,0.19241952719358682
CEP41,0.19236791623351993
UTP23,0.19236021111424675
HYLS1,0.19235580841526465
RPA4,0.19234609455949955
LINC01550,0.19230383987961952
MLH1,0.1922350797495274
GAST,0.1922249337148589
CENATAC,0.19216212552338552
GRHL2,0.1921144351033273
CFAP300,0.19211184009571294
RAB22A,0.1921083560771237
TFPI2,0.1921026060640391
THUMPD3-AS1,0.1920584896161537
FGFBP3,0.1919951286772205
PHACTR2-AS1,0.19199245634663262
NMB,0.19197859217929875
CYYR1-AS1,0.19196216709325342
TAPBPL,0.1919553224046049
PPM1F-AS1,0.1919369075596442
FN3KRP,0.19189568459442816
KBTBD12,0.19188550545717126
CLDN12,0.19186586984077797
ARL14EP,0.19183497466979993
RABIF,0.19182901640548403
SYNJ1,0.19181236358096285
TNFRSF10A-AS1,0.19180863764709852
SFRP5,0.19175802989399876
PCK2,0.1917578904771622
DYRK4,0.1916983818998073
CFAP58-DT,0.1916842510553035
CYP39A1,0.19166662188339095
LINC02284,0.19164302340168196
PDXDC1,0.1916243300790375
HEATR1,0.19161796126788486
DNAJC4,0.19157527521643136
SH3GL2,0.19156292412907316
PCDHGB3,0.19153940780434303
RBPMS,0.19152851374202376
NPPA,0.19145387592342825
ZNF501,0.19138508193775572
SMYD4,0.19137754546239538
MMACHC,0.19137623903050582
TPH1,0.19134801910500557
FIG4,0.19133146328253087
LRP11,0.19131472436964797
LINC01134,0.1913047521189189
CEP126,0.1912381718931376
CSGALNACT1,0.19123403612605225
NLGN2,0.19121107369074414
TMEM51-AS1,0.19120645951373932
LINC02763,0.1912060250575686
TTF1,0.1912044473449621
REEP6,0.19119811660047628
FHL2,0.1911978143164162
CLCN6,0.19115010128834717
PHLDB2,0.1911154622275111
ZSCAN5A,0.19106816282243486
TRIM28,0.19101186848597682
MMP25,0.1909849518917459
ITGB1BP2,0.19097235295726053
RAB7B,0.19095869711208596
FAM133B,0.19092073825710937
PPARGC1B,0.1908960975846784
SLC24A3,0.19088901302792044
RAB38,0.19084797847773838
MAPK6-DT,0.1908412615042297
KIF26A,0.19080291289245963
PKHD1L1,0.19080034451110423
PPM1M,0.19079514849730886
RASAL1,0.19076594330088706
CYP2E1,0.19071555070274337
LHX5-AS1,0.1907072232400711
SLC37A3,0.1906869024446824
HMGB3,0.1906581663847782
LINC02245,0.19065481055136552
CERS3-AS1,0.19063015110988718
LINC00705,0.19061855258688748
SLC35F5,0.19061830285900383
ZBTB48,0.19060657503444972
LINC01518,0.19055167977343346
PFN4,0.1905379499614889
AFTPH,0.19051660596235992
KCNN1,0.19046730382384539
ATF1,0.19044228625853896
PGBD2,0.19042701898805275
TSPAN6,0.1903763225096886
TMED8,0.1903611318136026
ZNF317,0.19033972845233002
LINC02541,0.1903321705080606
MRLN,0.1903237023237509
PTPRQ,0.19031946094429045
BRINP3,0.19029920970832354
PHF19,0.19028651353818266
WWTR1-AS1,0.19024227903127688
FRMD3,0.19023319844182007
NUDT19,0.1902108453528877
RAB11B,0.19019765562967395
MRI1,0.19018208002178086
NCBP1,0.1901102201100551
LINC01896,0.1901088031671876
MBD3,0.19003663443398708
SORBS1,0.19002893567390017
ERVK13-1,0.1899976330951917
GPR107,0.18999322366693785
NUFIP1,0.1899525547913588
KCNK2,0.18992732138017515
REC8,0.18992653377468305
SLC13A3,0.1899256265737236
MAPK14,0.18990936312610923
OTUD6B-AS1,0.1899051835820066
SEC24A,0.18988966232851348
POLR3K,0.18987398609137235
ACKR4,0.1898568612605362
CFAP251,0.18984367156721954
SNX14,0.18981271120975282
RABGAP1L-IT1,0.18978497208259845
LINC00528,0.18975643106983534
NCKAP5,0.18974205428655766
TMEM216,0.18970618088498511
SDSL,0.18961230367741747
RPP21,0.18960209395079072
TTLL7-IT1,0.18959235842855843
ACOT2,0.1895874129335345
SON,0.18957363162500074
ATP9A,0.18953900606709692
LINC01160,0.18952379623625856
GRWD1,0.1894871757177462
CAMK2N2,0.18948132846131754
DCHS2,0.18942076889855006
CLEC20A,0.18938165720629255
CTBP2,0.18936419701369034
SSTR2,0.189332462508416
TRIM17,0.18925871664329325
SCNN1G,0.1892439208432557
HSCB,0.1892348702670092
TMEM273,0.18920834335780146
IGDCC4,0.18916354052887063
FOXRED1,0.18915555797782196
LINC02178,0.18915148411012533
LINC00174,0.1891484317973965
DIABLO,0.1891227910653959
RBAKDN,0.18902554010927097
PCDHB3,0.18901471883735488
RGS3,0.18898475835499196
LINC02211,0.18896683885851462
CDADC1,0.18895991518578065
C2CD6,0.18894864706252196
MZF1-AS1,0.18891408985255934
YY1,0.18887977674588835
MYBL1,0.18886885098994077
LINC02871,0.18880831503403933
RABL2B,0.18879871511549837
RNPC3,0.1887832246277741
ABCB6,0.18876976532758027
THORLNC,0.1887595499738969
DNAJC3-DT,0.18873270558400787
CAPS2,0.1886860671528659
PCYT1A,0.1886848153632726
NRM,0.1886830296471643
ATP6AP1L,0.18866828477856779
RERE,0.1886578138624752
SLC22A14,0.18865342633327992
OR9A4,0.18864686033151665
STRN,0.18863308907644183
ALPG,0.1885793659452218
LURAP1L,0.18857352954902473
SLC25A25-AS1,0.18855147066645764
ARIH1,0.18851784324839838
EIF1AY,0.1884971901158756
LTA,0.18846488051151752
LINC02015,0.1884478604072864
DLL4,0.18843990879748698
NCOA2,0.18840704070599396
LYG1,0.1884014250059827
CDK5RAP3,0.1883677800941045
DEGS2,0.1883429982361658
PSTK,0.18824153129971283
HCAR2,0.18820208519026788
TRBV11-2,0.18818167374430994
GPR89A,0.18816545875351348
GTF3C2-AS1,0.18816053086578216
CCDC192,0.1881562219718186
TDRD3,0.18813873509572113
HOXD1,0.18812469550548092
NRAS,0.1881185886135097
TAL1,0.18808224423299988
GCAT,0.18799252597509247
GTF2E1,0.18798618689392252
STMN3,0.18797767399380752
GPAT4,0.18795154424598004
PRKD2,0.18791386896026624
FAR1,0.1879122089861598
PSD,0.18790169424844777
PCDH8,0.1878757763616704
FBXO10,0.1878452791469023
RNASEH2C,0.18783752907424942
ANKRD24,0.18782602285666933
RPAP2,0.18782243766506984
MIR7-3HG,0.18781680240028814
GPR17,0.18775964891300512
TMEM249,0.18774258704914398
RNF169,0.18758481352959994
PRRC2A,0.18758447321925184
MSH3,0.1875724524545068
LINC02800,0.18755765583376832
GOSR1,0.1875450542526899
AP1S3,0.1875079450362045
FOXC2-AS1,0.18750287870351887
WBP1,0.18745651910283098
VCX3B,0.18743260964223565
TLK2,0.18742928808145032
CAVIN2,0.187427904875703
NCSTN,0.18738839011163688
CCDC140,0.18738233208892896
NUDT17,0.18737361433376518
GLIS1,0.18733339351849207
TSLP,0.18724469389796236
ZNF214,0.18718576139970936
RFX4,0.18716807471217564
FBXO5,0.1871383499848884
LINC01750,0.1871180960854656
TNNT3,0.18711543119298807
ZNF628,0.18709986166464165
TSPAN1,0.18706862234056115
FAM83F,0.18697277152828026
DHCR24-DT,0.18696550378793994
DPYD-IT1,0.18690801159287893
GYG2,0.1869043699982665
PRMT5,0.18690270080755725
P2RY6,0.186895622377282
SHISA8,0.18687614654733786
PWWP2A,0.18686345480136243
EIF5A2,0.18684745762136057
CRACR2B,0.18682806380447284
PARP2,0.18678427383469806
TBX2-AS1,0.18677639176859687
DPY19L4,0.1867289762499737
NEURL3,0.1867030453627957
TNFRSF13C,0.18669199463303884
BTNL9,0.1866845360960252
FCF1,0.1866591585257957
TEDC1,0.18665848410490277
IL6,0.18665805441843153
IYD,0.186657295066005
SLC25A45,0.18665520856372878
ZER1,0.18655931210481635
CYFIP1,0.1865592339408994
CCDC183,0.1864856706654459
TESK2,0.18647648412119291
ACTB,0.18638182238736858
PPIP5K1,0.1863001467356637
SIAE,0.18628421238749202
OAT,0.18627565150425454
GJD3,0.18624231186647602
VPS13B-DT,0.18619881540359307
IL11RA,0.1861944769115177
ABHD17C,0.18617989868441476
KRTAP3-1,0.18616858507208217
LIMD1-AS1,0.18616472913537843
STON1,0.18615589758008128
SUPT7L,0.1861394949483348
STK38L,0.18612096269533152
LINC01816,0.18610287254871724
MPRIP-AS1,0.1860834958841962
FOXD2,0.1860819689540933
ZC2HC1A,0.18604391795804517
LINC02068,0.18602688475926146
MAB21L3,0.1860238681065573
CCDC134,0.18601764538104512
RARA-AS1,0.18595270730911417
LINC01967,0.18588941290320085
NDUFA7,0.18587344094953656
TRGV6,0.18582719234731765
KDM5B,0.18581981967989625
EGR4,0.18581502546825235
PTPN21,0.18579401199691478
PACRGL,0.18576930648986445
EMSLR,0.18575902311757989
DCUN1D2-AS,0.1857540229816743
DIP2B,0.18573964034810725
SLC37A4,0.1857384173275517
UBE2D3-AS1,0.18572034537414644
RBBP6,0.1856947177963759
CTRB2,0.18564069039027437
ZMYND8,0.1856351242037977
KCTD14,0.18563299023378732
RPL34-DT,0.1856322771298197
SCT,0.18559913260376562
FXN,0.18558130744916423
PRR11,0.18557100306627936
CORO2B,0.18556503233128663
DDX50,0.1855530114044591
ADGRA3,0.18553599790638756
LINC01675,0.18541900278273987
SLC19A1,0.18541600106030492
PHETA1,0.18540801210692814
GOLGA6L7,0.1854066202156175
RGS14,0.1853894507503507
ATXN7L2,0.18538108415231194
ERVK3-1,0.18535573042764206
SOX5,0.1853037899116609
TOR4A,0.1852500912776871
FGF11,0.18522382265914264
IGF1R,0.18521717337502344
RSPH1,0.18513307975300833
DEDD,0.18511331254953714
NEUROD2,0.18509055781733927
LINC02033,0.1850872278810963
LGALS7,0.18504828849482843
LINC02416,0.1850193944439379
EPHA4,0.18500115508313447
CTCF,0.1849677735144513
ZNF232,0.18495611437024237
SNX8,0.18492859971954664
EPB41L4B,0.184918306645753
ZNF644,0.18491272360506184
ZNF174,0.18489723223222682
GNMT,0.18489175748090375
SLC43A1,0.18488413909757337
INTS6L-AS1,0.18479703209719273
THRB,0.18477455199274267
TUBA8,0.18475879655286603
LINC02519,0.1847416855542121
TOMM40L,0.18473764857428251
TNFAIP8L3,0.18471504748616158
GRAMD1B,0.18466140494184669
MICU3,0.1846511384212859
LINC01992,0.1846239710664156
RUNDC3A,0.1846081728421854
NXT1-AS1,0.18457875483692263
PPP1R18,0.1845709009150185
SLC38A6,0.1845434755378744
CCN3,0.1845408177424673
GPRC5C,0.1845273739183746
AARD,0.1845059973473428
RHBDD1,0.18448097860054574
BTG4,0.1844799046395207
DENND2B,0.18443604638909325
KSR2,0.18436886523659593
LINC02732,0.18435609655617757
CPSF7,0.1842721707548181
ARHGAP1,0.18425551037666493
YLPM1,0.1842178187702627
PIH1D2,0.1841754536176707
ZNF180,0.1841550933467388
DUSP1,0.18413753991613377
MYC,0.18408674346324116
ENDOD1,0.18405166229771125
RAB6D,0.18400934585274464
PARS2,0.18400839856348997
TIMD4,0.18398599593006937
HYMAI,0.1839315759276079
PLA2G1B,0.18392270897188925
ARHGEF28,0.18391549917003222
LINC00928,0.18391269702939048
KCNQ4,0.18388419866754308
STIM1,0.18387014994951154
PNISR,0.18386188076389662
GRID2,0.18384924132100156
TUT7,0.1838476211964643
TDO2,0.183843704206462
PIP5K1A,0.1838231685623595
COL25A1,0.18381885356827307
ZNF207,0.18379774097664786
ST8SIA6-AS1,0.18375895785257892
IL37,0.18371777956981009
WRAP53,0.1836990950613813
GRM3,0.183628392175162
BCAM,0.1836263920609208
CNTF,0.1835903498956119
AXDND1,0.183588748833468
POPDC2,0.18357617461697293
ARMC7,0.18346713107149154
LRRN2,0.18345786188563126
KRT71,0.18340400773389848
MYO1C,0.18340122681087193
LINC00504,0.1833396755869927
KBTBD6,0.18332120076740815
MIR4280HG,0.18330123966062398
ZNF229,0.18321863029199434
POLR3E,0.18321822711770935
NDUFB9,0.18320953883362961
SMCR8,0.18318645129949682
ARL4D,0.18317015194913858
LINC01315,0.1831175477606538
ANKRD9,0.1831162957846181
SNRPD3,0.1831083931058871
E2F3,0.183093344452633
CTAGE9,0.18307856438321946
BTBD19,0.18304978028832405
TMEM52B,0.1830485221312968
FAM53B-AS1,0.1829902875135949
LINC02269,0.1829352925499952
SLC20A1,0.18289857860944927
BFAR,0.18287300641623286
FGD6,0.18286785944478307
SLC25A5-AS1,0.18281463451673566
TRIM10,0.182799527795891
FBXW12,0.18268423074519466
NRXN3,0.18267544847237896
F5,0.18262833027622752
KCNQ2,0.18262791936111206
TEAD1,0.1825545553858423
TSPAN8,0.18247288983603407
LRRC9,0.18245898988718878
STMN1,0.18244427566403865
CCDC136,0.18243828594219227
NUP50,0.18236614263611353
PHF13,0.18234082852194955
TLK1,0.18230527374951203
ENY2,0.18227606576382924
WEE2-AS1,0.18221475587588437
SGK2,0.18220428022145713
ADARB2,0.18216953421332213
POLR2F,0.1821622325958901
DAPP1,0.18216186654866223
ANO9,0.18214782030512508
GORASP1,0.18212136500064757
CATSPERG,0.18211068052406457
HLCS-IT1,0.18209721086400682
SEC23IP,0.1820397147792163
CAHM,0.18199472855984752
JUNB,0.18197314814094726
RAB5B,0.18196593221590135
ARFGEF2,0.18194810571028253
AGTR1,0.18191720614539314
SCLT1,0.1819079912949605
CADM2,0.18189967405958762
GCC2-AS1,0.1818053749497689
NECAB1,0.18176163362356296
EPHA10,0.1817589202827211
UBE3D,0.18175296754460019
LINC00466,0.1817308946544813
USP3-AS1,0.18170625628351034
ADAMTSL5,0.1816237393459368
CLEC1A,0.1816189045745075
TOB1,0.18158900237087555
NAP1L2,0.18158069462597762
LINC00261,0.18156187152023345
ZNF114,0.18153461167284893
HNF1A-AS1,0.18149945729084258
PLA1A,0.18149717924019604
LRBA,0.18148617006422482
CEBPZ,0.18143129333242258
NHSL1,0.18140956623832383
RASA2,0.18139570399260058
ZAR1L,0.18137746510522554
KHDC3L,0.18137623751406642
GAS6-DT,0.18134953798966452
LINC02551,0.18134322277371778
SBDS,0.18132701069289034
SPANXB1,0.18132396841320353
RAPGEF4-AS1,0.18130578434727163
KIF2C,0.18127168486558856
SPRY3,0.18125181096800436
CFLAR-AS1,0.18121333962463695
ZNF320,0.1811617495729094
HPCA,0.18112232129459904
LPCAT1,0.18108216368273872
ZNF667-AS1,0.18102448494695303
JMJD4,0.18099946621694016
SRMS,0.18097574408278272
B3GALT1,0.18092943269232326
FGGY,0.18092233858791446
CFAP58,0.18090996042649032
MDN1,0.18090262899853948
SPINK2,0.1809024257679814
SNX31,0.18087603802492422
RAPH1,0.18081518048048412
TEX101,0.18081421547836363
MLLT1,0.18078139667053086
ABI3BP,0.18077787443173107
MAP3K2-DT,0.1807515465918217
PGD,0.18073780900349334
SGF29,0.1807198743060125
KCNK5,0.1807150287985881
ZNF81,0.18067148491299204
KLHL35,0.18064642485245083
ACTL6B,0.1806397019164033
ARMCX4,0.18063952119533086
POLA2,0.1806351849214537
TTI2,0.18063254104020773
ASAH2B,0.18058310542086306
APLNR,0.1805606203058941
LINC02293,0.18055988600452053
FBXO38,0.180549319747628
XYLT2,0.18053791757963153
TCEANC2,0.18050604229717923
CDKN2B,0.18049623981318294
ZNF462,0.1804570308688172
PFKFB2,0.18042932189169525
CCDC115,0.1803886894937301
PCYOX1,0.18037541222793424
PRKAR1B,0.1803704741562977
SYT16,0.18029638649670035
HPSE,0.1802911164130331
WDR97,0.1802895074765406
KRT40,0.1802865123319299
KMT5B,0.18028076238559004
OGFR-AS1,0.18022955380511044
LDOC1,0.1802136209467611
EGFL8,0.18020023493867168
KLKB1,0.18019212995401118
NXPH1,0.18017988659489356
IREB2,0.1801491053136865
CHP2,0.18013677462639038
C22orf39,0.18012458455588784
NBEAL2,0.18012029573188296
CALML5,0.18011705599898437
LYVE1,0.18011033383909208
DGCR8,0.18009585601630068
XPO7,0.18009114855889655
KCNJ18,0.18008731084107796
FHOD1,0.18007728298067943
ARAF,0.18006711470324968
TDRKH-AS1,0.18004647975799448
ZNF33B,0.18004404692933393
ACOT4,0.1800220086522694
SEZ6L,0.1799901941100016
CRYBB2,0.17995061177819607
LMF2,0.17993993921796708
CSNK1G2-AS1,0.17992682495908283
AAAS,0.17991589012417064
CTAGE15,0.17981983622209105
CABP7,0.17979578723315723
PWWP3A,0.17978494044457213
LCOR,0.17974923106388266
MTUS2,0.17974198318173967
KCNA2,0.17973742560272216
TUBA4B,0.17973173105183388
MICU1,0.17969334266730602
LINC02570,0.17967620327744777
MOAP1,0.17962502404008407
ADAMTSL4,0.17955749416456224
ABHD18,0.17953751571854695
ZNF516,0.1795362747328273
H2AZ1-DT,0.17951641150682696
TPRN,0.17949940477443257
CCNB2,0.17944173756359608
NDC80,0.1794405753517126
FDCSP,0.17936640218666292
CRB2,0.17936553593070373
C1orf54,0.17935480958480182
XACT,0.17934951092763796
NLRP14,0.17934504902490722
VWA8-AS1,0.17933760398924556
TFAP2C,0.17932874406659807
ECPAS,0.17925067037921563
MTSS1,0.1792162182279502
APOOL,0.1792083554204395
ZNF844,0.17919340651385862
NAA60,0.17913575296792622
LINC01754,0.17912290634711847
FAM66B,0.1791019670743565
LINC02582,0.1790836336363813
LDLRAD1,0.17907285296812808
PKIB,0.17897745989965236
LINC02347,0.17893772092808152
NPTN,0.17884493122566303
NOXRED1,0.17882930225863866
SOD3,0.17880393646855378
KAT8,0.17877848408553293
PLEKHG5,0.17877397768481432
MROH1,0.17876346231422233
S100P,0.17875298900088815
STXBP5-AS1,0.17874472980216186
REV1,0.17874371146077625
ZNF549,0.17873440481532046
LINC01276,0.1787235986333247
SNHG14,0.178710987299069
C1QTNF9,0.1786978652830758
SPINK1,0.17869539295416906
PDLIM1,0.1786909393411702
TYW1,0.17868003614629188
NKX2-1,0.17866654743139204
GPR55,0.17866353313959268
PLBD1,0.1786589094853753
TGFA,0.17861897878121377
CLIC6,0.1785737860896956
AGBL4,0.1785661547167385
MIPEP,0.17855559118249065
LINC01780,0.17855363862545312
PTPN13,0.1785238081905361
ID4,0.17848649151476512
LINC02716,0.17847751043581347
GPD1,0.178466957423854
MBD1,0.17840688376106895
LINC02390,0.1783844790008122
LINC01735,0.17825381262506626
ZFPM2-AS1,0.17819672889541374
GS1-24F4.2,0.17819172436707492
SLC25A41,0.1781869638881778
RSPO3,0.17818509200261454
GALNT2,0.1781458602603473
HACL1,0.17811343846103714
CENPN,0.1780588659357869
STK39,0.17796774276914684
JAG2,0.17795185035451092
YY1AP1,0.17792071323876074
CDKL1,0.1778838415769184
NAA35,0.1778809603494757
FGF20,0.17786765792614906
EMILIN3,0.1778539193096832
CALHM3,0.17785097550787868
ANKFY1,0.17783387961879166
KLF3-AS1,0.17781059226471863
SLC35A1,0.1778093507693047
NLRP1,0.17780624808861914
TRDV1,0.1777642811084747
TTC23,0.17776393217698125
KLF15,0.17772847822024307
ELFN2,0.17769601659559367
ZNF580,0.1776650022386941
TCEAL3,0.17764516837229216
FAM157C,0.17764497689299694
CASC6,0.1776269695338234
TXNL1,0.17758031692093182
NT5DC1,0.17753877929801623
SH2D1B,0.1775327619202328
GABARAPL2,0.17749421884022681
OLIG1,0.1774621341457299
FBXO9,0.1774490062822959
ABTB1,0.177426728274019
SCN3B,0.17740693443512268
RBM15,0.17738974484065487
CCNT2-AS1,0.17738402004341378
ARHGAP26-AS1,0.17737932688197283
DEPDC1,0.17734640528532145
NSG2,0.1773394288041391
FARP2,0.17732287126476795
GATA3-AS1,0.17729666883314002
MIR17HG,0.17729397854465534
SLX4IP,0.1772854945594914
RFC2,0.1772715236480915
ISCU,0.1772625608986736
TSTD3,0.1771722678597781
ACRV1,0.17711699301263617
IFITM1,0.17710988254325497
SMIM7,0.17710016665799128
POU3F2,0.17707926882521105
WDR43,0.17707380588790053
ZNF17,0.17706427619652035
PPARA,0.17703494054258775
MUC5B,0.17702493194972915
MID1,0.1770136641102827
ST6GALNAC4,0.1769976682134173
RP1,0.17698337396711217
RABAC1,0.17697664544210098
NACAD,0.17694928829756384
SLC27A1,0.17687833371803527
COBLL1,0.1768716759133609
LYRM4-AS1,0.17685933333910708
ZSCAN16-AS1,0.17678562084921906
CKLF,0.17673871790434365
PRPF3,0.17666342850000377
NOL8,0.17664510698917657
PSME4,0.17663293294296822
TCP11L1,0.17663239804389097
APIP,0.1766296245718284
CERT1,0.17661206010362576
NCAPH2,0.17658838824843334
APOBEC3B,0.17654448886016122
BLOC1S3,0.17652889495990085
HDHD5,0.17651849162288577
ZMYND15,0.17649221457328607
GIT1,0.17641458415561878
IL10RB,0.1763733637998645
LINC01556,0.17637218380864703
LINC02044,0.17636318478782834
PTPN11,0.17636047418508172
MESP1,0.1763564938186016
SPTLC1,0.1763498515891452
DTHD1,0.17632335500648624
RGPD5,0.17632154178040013
MARCHF11,0.17631268526182434
LVRN,0.17630257884671185
MTURN,0.17627807241409887
TIGD5,0.1762679528410402
HFE,0.17626645010275407
CLPX,0.17626323897070012
LINC02199,0.17624039504613837
PDIA4,0.1762252202512284
GLMP,0.17620139825523784
OCIAD1,0.1761985665643038
CUX2,0.17618311549029517
FYCO1,0.17615969816029423
BLOC1S5,0.17615434971911348
EYA4,0.17615251408420193
NUCB1,0.1761326850602512
HTR3A,0.17612617778541606
LINC00578,0.17611191339624133
FAM83B,0.17610552443563637
HMGXB4,0.17610489831376777
CFAP157,0.17610072464197682
PTOV1,0.17606317887063067
SCNN1B,0.176048548958243
PLK4,0.17603635020414515
CHN1,0.1760217969432006
AMT,0.17601616682869609
ARMCX5,0.1760069684371356
SLC22A18,0.1759856012850487
TMEM121B,0.1759704840342635
EMD,0.1759646616749138
IKZF5,0.1759575544122484
LANCL1,0.17595689840471998
C4BPA,0.17592200702479727
CCDC110,0.17591391358047717
PPFIBP2,0.17591181839349956
HHIP-AS1,0.17590511517350782
STIM2-AS1,0.17590416672793072
CUL3,0.17580361741213693
NRN1,0.17580079537983284
SRGAP2B,0.17578657144828608
FAM120AOS,0.1757811924676938
LYRM7,0.17576152419511099
SNAP47,0.17567475241485977
FRA10AC1,0.1756683225959092
LINC01786,0.17562044357512857
FLACC1,0.17561903393681194
NOCT,0.17553454114539035
ARHGAP28,0.17550776555645334
PSMB8,0.17545497455202191
AP4S1,0.1753968919398479
CERS1,0.17539516141481395
ZNF605,0.1753909128187293
AMDHD1,0.17537583332586226
LINC00339,0.175351276784662
SLITRK5,0.17534615599831777
SLC25A51,0.17533659212308178
PIGL,0.17531739254792222
LMF1-AS1,0.17531524229675685
DMAC2L,0.17531164076106626
MIR548XHG,0.17530449190517008
NFATC2IP,0.17529330096278486
DPP10,0.17525963272299153
FAAP20,0.17524071423511858
TRAV41,0.17519572367644043
SNORC,0.17517880409334594
EPS15-AS1,0.17517750992974823
PPP2CB,0.1751770895991447
LCMT2,0.17516799579649928
RERG,0.17516413037804743
SPRING1,0.1751620672569588
PIGK,0.17514087493331237
UTP20,0.17511954191237444
LINC02356,0.1750817851994106
AUH,0.1750633316399728
LINC02453,0.1750570178938263
COL18A1,0.17505254118653474
PPAT,0.1750332008342718
MCHR2,0.17501680680708095
F11R,0.17500504583069093
GABPB2,0.17500448148851486
ENPEP,0.17497841971160286
DEK,0.17490972095147753
LINGO2,0.1749039181572277
TLE2,0.17490010201858222
LINC02840,0.17485040491994475
LRRC10B,0.174826043909069
IDS,0.17479029164451437
KIF2A,0.1747876643143149
BUD13,0.17477729634981998
SOCAR,0.17477017016693083
SLCO5A1,0.174766481074779
CFAP53,0.1747069294253128
RPRM,0.17463941858468746
PARG,0.17460770330578027
LINC00944,0.1746041304691733
HS3ST3A1,0.17457193607909824
ARSA,0.17453937550297907
TAF4B,0.17452343399288464
COL9A1,0.1745181010883514
BAG3,0.1744615427223392
KIAA1328,0.1744410020488293
IKBKE,0.1744155723900774
UIMC1,0.17440484756420277
FAH,0.17439474578645578
S100A6,0.17439458996542817
STEAP1B,0.17434747406165912
MMP10,0.17434013344716712
PCDH9,0.1742895979475865
NUP58,0.17428747435127565
LRRC52-AS1,0.1742540451095951
ADAMTS19,0.1742399061369127
CNDP2,0.17402737261215007
NPC1,0.17402589741056435
LRGUK,0.1739900395543494
C4orf36,0.17396063822518715
LINC02596,0.1739366206397253
MMP28,0.17392385927685702
DNAAF3,0.17391253525135827
CCDC149,0.1739055149844189
SCRIB,0.1738818748291036
LINC02266,0.1738729389333747
RSRC2,0.17387092162379414
SYP,0.17377901194502937
SMAD3,0.17374231661596085
CHMP1B,0.17371402718038986
REEP5,0.17368610247718716
ZBTB20-AS5,0.17367853245479642
C17orf67,0.17365963909051244
METTL16,0.17364526665176322
TIPIN,0.17359452302934836
GSG1L,0.173583223161652
PRPSAP2,0.17357040205514446
DEPDC1B,0.17355614444140618
CREBZF,0.17353036867152213
CLCN3,0.1734915488266897
GABBR1,0.17348694049098556
SLIT3,0.173455310127058
TUBB2A,0.17343693153820083
DUSP16,0.17340199877701476
KIF13B,0.17339240294398467
TRPV6,0.17337286687202588
LEAP2,0.17337035387535543
DYNC1I2,0.17336091590565036
CLC,0.17329346511820587
STXBP1,0.17328304081700527
NALCN,0.17325579633455793
ANKRD17,0.1732502898645539
SLC25A44,0.1732380089493724
ZBED1,0.1732217147577631
ZNF718,0.17321377719064143
FRG1-DT,0.17318527913060303
CC2D2A,0.17318054582924916
RPAIN,0.17315720343288477
TEN1,0.1731304445812096
MAGEB6,0.17312558691071872
LRRC37A,0.1730774866099707
PDCD2,0.17307076909410538
TGFB2-AS1,0.17305653654743347
PITX1,0.17296116073168874
CDK13,0.17294164955522853
SIRPB1,0.17289350573647724
SOX10,0.17287713203121163
CSKMT,0.17280660768023634
USF3,0.17279701776089182
ROPN1B,0.17273480979677294
UBXN2A,0.172728085331486
DDX27,0.17272391732583928
XKR9,0.1727227159916918
CX3CR1,0.17270152640000236
ARAP1,0.17269739774460002
MYO9A,0.17266428568802747
CCDC88B,0.17262374651648008
CHST12,0.17260432883760082
PTPN12,0.1726007549516286
LANCL3,0.1725915834637475
EDA,0.1725582884227138
LSMEM1,0.17255810407297772
LMBRD1,0.1725465734313834
BBIP1,0.17252998313219925
MEIOC,0.17251341629061803
LINP1,0.17247545440497591
NCK1,0.1724706501833617
TRAF3IP2-AS1,0.1724428455899544
LINC01277,0.17239957454881893
USP9X,0.17238072803898638
MOSPD2,0.17225459642460342
MRTFA,0.17224921428794412
AK9,0.17221788226725024
PPIH,0.1722005534442219
GPR155,0.17219635268115213
ATP11B,0.17216962602376684
FUOM,0.17214679518318235
PRAM1,0.1721378490415394
GPR39,0.17206921587551716
METTL15,0.17206423260551407
IFT52,0.171982138783355
PNPLA6,0.1719604746500922
CFAP52,0.17195004427297064
ATPAF2,0.17189211701534088
ANO10,0.17187859276684522
DIRC1,0.17185091701984562
INPP5E,0.17183241754725764
LONRF2,0.1718302340116674
PHLDA2,0.1718198456298617
GNPAT,0.1718127177743874
KDM2B,0.1718052544662098
MRAP-AS1,0.17177320222598944
NBPF26,0.1717719034586087
MEPCE,0.1717479283996345
RGPD8,0.17172998555664712
SLC35B2,0.17166664029298895
RPRD1A,0.17161654900341722
MIDN,0.17159868384564053
CDC42EP2,0.17158816476320646
TMEM158,0.17145981048015055
HSPA12A,0.17141716412156308
HOMER2,0.17139420910199035
RDH11,0.17136277871678268
RBM18,0.17132120815121582
GTF2H4,0.1712936049585504
TDRD1,0.1712770027986095
RTN4RL2,0.17125837690731638
GTDC1,0.17125829669261525
CDKN3,0.1712002546605665
FPGT,0.17115969515470197
TMEM209,0.17115651067685547
DIS3,0.17114807940216561
CENPQ,0.17114652861536456
AQP4-AS1,0.171106652808143
IQCB1,0.1710797836831594
TMEM185B,0.17106448435792784
ARHGAP20,0.17105683097333246
PLCD1,0.17101236351284535
TENT4B,0.1710104079105795
TFAP2B,0.17099817216272653
KCNS2,0.170968919477628
AKAP9,0.1709542798183039
OPRD1,0.17089898548193477
RCHY1,0.1708874737158034
SLC2A9,0.17088168462326164
ACSM1,0.17087860896882756
UBE2V1,0.1708720266273646
FKTN,0.17085980848094562
CLCN7,0.17085884021355144
PHKA2-AS1,0.17082852989493508
GOLGA8G,0.17082827777451384
PPP1R1A,0.17082617607503306
NXPE2,0.1708149546003944
HIVEP2,0.17078134759759492
CIR1,0.17076261528470496
TRIM33,0.17072615112604983
PDZRN4,0.17067656426782518
ZKSCAN2,0.17066588880237435
HES6,0.17065344296942206
CEP135,0.17061527338475205
BMPER,0.17057762030315296
UNC13D,0.17054937417449184
RNF19A,0.17053892345947602
PC,0.17046651013943115
ASCC2,0.17045299846788595
ALPP,0.17037252085790935
TRIM50,0.1703717817698091
CFAP73,0.17033224163682834
CCDC15,0.1703182087137519
ACAT2,0.17026041400970715
MMEL1,0.1702540293415967
LINC02584,0.17025180674722298
ABCG4,0.1702411959500939
SLC22A2,0.17019994128293917
TMEM200C,0.17019577031185126
TPX2,0.17019006932569924
SCGN,0.17018322169267813
NPRL2,0.17018218002976968
MED30,0.17015335048784339
CHRNA6,0.1701392333312387
TAS2R30,0.17013677474897268
PAK3,0.17013350118385975
USP45,0.17013277371281918
RYR2,0.17012572844810464
ZNF460,0.17010336220057148
MLLT10,0.1700946183180598
NABP2,0.1700841484514015
FOXG1,0.17007724476167435
EPHB1,0.17006304765899413
TMEM268,0.16999327287542776
AJAP1,0.16997434636504255
DNAAF5,0.16996268662924047
KBTBD3,0.16994845712589285
ASAP1,0.16993631913980337
PLAGL2,0.1698436948643983
PADI1,0.16982686827502647
SLC25A53,0.16982287929486803
AMHR2,0.16981340484189517
BTD,0.16975794414382617
SAP30L-AS1,0.1697469219954541
TTLL1,0.16966836314150285
NBPF1,0.16966754853761398
TNFRSF13B,0.16964108614686613
ADAM21,0.16964024598527544
ITIH6,0.16963619499380506
RASSF10-DT,0.16958981471493056
CHRNA7,0.16958232181007818
CFAP99,0.16956234486458638
CYP4A22-AS1,0.16946309510260135
MYO1H,0.16944014006261926
PLK2,0.16943017923490278
ALG1L9P,0.1694223963183817
PLEKHG2,0.16941269988414737
LINC02198,0.16941204402633442
LYSMD2,0.16940557425435473
TFF3,0.1694034463621552
KLF7-IT1,0.1693745851272557
ARFIP1,0.16937297526800693
NASP,0.16935748309728724
LINC01348,0.16930334505670447
YOD1,0.16924920935546298
SPRN,0.1692395791358273
POLR1F,0.16916745705587283
TMC6,0.16916559421542032
DCBLD2,0.16913581095177638
MTMR8,0.1691333595165346
PTGER1,0.1691317031703261
FAM3C,0.16910052089845262
ZNF334,0.1690976747105477
FGF1,0.16902400432336642
IFITM3,0.16899175047594828
SELENOK,0.16895568978449177
ZNF12,0.16894637082386268
TGFBR3,0.1689413712369878
IRS1,0.1689409812393406
RFWD3,0.1688267794523147
SESN3,0.16882081015467199
LINC01920,0.16881688983966905
LINC01116,0.16881418381287006
CUL9,0.16879784142611748
MPC2,0.16878822411427052
ERO1A,0.168763772419137
OR2C3,0.16870377816634016
PRPF40A,0.1686844871764523
NEUROG2-AS1,0.16867855694371786
ZNF431,0.16866292840073402
ADGRF3,0.16865866848610409
H2AC18,0.16865680534332875
CD101,0.1686441926268831
VPS26B,0.16859388014891147
RINL,0.1685881171761772
ALKBH2,0.16858178489952227
LINC01124,0.16856512409749733
MBIP,0.1685280154025996
WNT7B,0.16850888773541198
RB1,0.16849609360205037
OSBPL6,0.16849236012879798
LINC01547,0.16843617533325556
USP3,0.16843018432833606
DNALI1,0.16838562564149467
RAB12,0.16837986967658905
ZDHHC15,0.16835591398835323
VANGL2,0.16833453955339
CFAP45,0.1683311216811852
KIF3B,0.16828013077654191
HEXIM1,0.1682724599743993
KLHL25,0.16826246998239536
TGFB1,0.16822015871652002
EFNA5,0.16821556679916683
IMMP1L,0.16818577117185232
KCNJ9,0.16817881714123953
TEX13C,0.16814828912205687
GFRA1,0.1679882833317014
ORC5,0.1679797949500627
PEX5,0.16795914925865832
LINC00920,0.16795424203584683
ZNF280B,0.1678129037353376
CARD10,0.16768305433445466
PLAAT5,0.167668381226532
REPS2,0.16761361973425795
ZBTB7A,0.16760616791924696
BOLA1,0.16759212509700774
CDK2AP1,0.16758580949619256
MED28,0.16756225103479946
LINC00313,0.16754924111152167
TATDN1,0.16754159142266056
MFSD9,0.16748543798541327
ZBTB45,0.16746132445769457
ZHX1,0.16745015417305292
LINC01539,0.16743352176237375
LINC02105,0.16739773994673376
PART1,0.16739456170113762
CNOT6,0.1672993236233398
PLS3,0.16727800315072958
RGMB-AS1,0.16724677706728683
ALDOA,0.16718126160995753
CHCHD5,0.16715288330159792
VCX,0.16711767498329932
KLHL28,0.16711003374336594
TRHDE,0.16709628493808523
KCNJ11,0.16709031569949467
B3GNT3,0.16705121967697387
DNM1L,0.16699412355997958
GPR179,0.16696830993954914
PKD1L1,0.1669528577117722
TMEM128,0.1669206036135278
SCO1,0.16686601597266013
COL2A1,0.1668563223993924
ABI1,0.16683648257365694
NBN,0.16679859989877296
NDUFS1,0.16673768400401748
TOMM20L,0.16673681036234084
SUSD2,0.16672741764527946
GFER,0.16657940038061336
TWNK,0.16654989906252676
GNPTG,0.16651399170851847
RGS13,0.16650433218054403
CACNA2D3-AS1,0.1664828210641874
PLAT,0.1664157858471488
LINC01671,0.16637454414443112
TAS1R1,0.1663212649655744
GDF10,0.16630391100726427
YY2,0.16629126908912084
ANGPTL3,0.16627504943671034
FGD4,0.16626888465825962
PTCD2,0.1662390768271626
PANK2,0.16621540831959283
LINC02391,0.1661843146361809
KHDC1L,0.16616593504482222
LMO7DN,0.16612215224715357
MAVS,0.16611257212961955
LINC01572,0.16609571025501985
TRAF3IP3,0.166025093451949
CA3,0.16600652960175924
MAP9,0.165998629902372
RTN4,0.16599270063062851
LINC01563,0.16599151747111637
TTC22,0.16594704943679808
ERAL1,0.1659270064950077
UBE2U,0.16591182726848971
ELAVL1,0.1659043002662884
TRBV14,0.16586607074612847
DIO3OS,0.1658397044623594
ATRIP,0.1658386610302134
BPIFB1,0.16583370524391597
NDUFA6-DT,0.16579607317832276
CYP51A1-AS1,0.16578505006119695
VOPP1,0.1657838019674333
RBL2,0.1657463259985988
VMP1,0.16573048175414673
MARCHF7,0.16572690062395645
XPO4,0.1657197324850555
SMN2,0.16571662022186812
DCXR-DT,0.16571272257683706
CELSR3,0.1656967820128057
ZC3H14,0.16569133577382347
RIMS1,0.16567266198606587
NRL,0.1656711625043992
FRS2,0.16566115920662414
SCGB3A1,0.16565062658757765
USP15,0.16563600544253157
DUS3L,0.16563570389692533
LINC02535,0.16560380300226996
ZFHX2-AS1,0.16559349272484503
ZDHHC6,0.16557538688107634
LCE1C,0.16557381942676458
EXOSC7,0.16555843424347705
SCD,0.16555330612943675
DPEP1,0.16551985979175513
RILPL1,0.16550513441455852
TYSND1,0.16546508406409796
PIAS1,0.16532758211768003
SNHG21,0.16532073080789664
SARNP,0.165312870136708
CMA1,0.16531104528724772
EIPR1-IT1,0.1653061071658244
RNF186,0.16528884788687184
GNPNAT1,0.16527043325957105
TCTA,0.165261225471607
LPO,0.16525329673281727
GOLGA8B,0.1652383637373214
KCNJ10,0.16523018573453907
NTNG1,0.16513286036379934
LINC02762,0.1651145568448525
HOXB1,0.16510552933175696
HDAC6,0.16509951714045973
CCDC180,0.16508406829026875
IGFALS,0.16506685095125498
OXT,0.1650592588006381
GCGR,0.1650540235158552
LCE2C,0.16504375940600297
ZNF785,0.16501996160013224
LINC00319,0.16499797863332546
CAMLG,0.16498686833036427
ATRAID,0.16491174942880063
SNRNP27,0.16486173273958987
ACOT9,0.16480563641620585
DCPS,0.16480553196336603
LINC01202,0.16479099778482367
TUBB2B,0.16477124091230963
H3-3A,0.16475659636327022
EN1,0.16471280446904432
IL6R,0.16467872725256982
UTY,0.1646601829538351
EEF1E1,0.16465490175046946
PNMA2,0.16464445801934
TRNP1,0.16463298125630368
DHDH,0.16462976217126546
FADD,0.16462386837518242
CHST3,0.16460946800190948
MAML3,0.16457233254898765
RND3,0.16456891835808074
TAMM41,0.1645527818933112
NOA1,0.16454567985684207
PPP2R2A,0.1644879755898875
ARL1,0.16447891429280212
PMS2,0.16446178623729843
PAIP2,0.16438107825931372
PCIF1,0.1643606739820859
LRRC75A,0.16430950211220663
FICD,0.16426117060589893
SIRT4,0.1642448381126333
ADGRG1,0.16423640254554003
MYOCOS,0.16420922748761185
AP1AR,0.16420319883758097
GHDC,0.16417590093122017
PRPS2,0.16416982509617126
CHRNA3,0.1641594763650802
CASC2,0.16415541918883958
EPHB4,0.16411358437185697
PODNL1,0.1641070047829655
DDIT4,0.16403302560561323
LINC02843,0.16394140166076313
DNAJB11,0.16393711476019035
ZNF611,0.16393558686755752
SDHAF4,0.1639217787615864
ATN1,0.1638965985691973
ZNF222,0.1638909858792287
MEIS1,0.16387041560019472
GNA11,0.16384905615947373
CCNP,0.16381191530454517
EMCN,0.16380770204097458
ELP2,0.16376180059091536
LINC01410,0.163738308533461
DHRS12,0.1637255738324482
NUDT6,0.1637041496030186
ZNF583,0.1636968604737187
MUC3A,0.16368222450581968
HS6ST1,0.163655600005154
SEPTIN3,0.16364206733273118
TMEM161A,0.16362295648966202
BCO1,0.16356051505637426
ATG10,0.16346608640101024
UBQLNL,0.16334617736933582
BLZF1,0.1633274612949721
SCAMP1,0.16332408032263493
NUDT3,0.16332103086836233
ZNF432,0.16329483045715074
SERGEF,0.16328864438778684
MIR646HG,0.1632837511067715
SLC44A2,0.16328102663253855
TRIM8,0.1632388602897274
TMEM62,0.16322703170047406
PPP1R3D,0.16322027200604497
OSBPL3,0.16314597879558343
FOXR1,0.16313488201579868
TAF2,0.16313139554236922
POLH,0.1631197171260448
LINC02154,0.16311560439519232
ILDR2,0.1630740833388439
MYO19,0.1630268118804126
MCAT,0.16301884706141812
PRKCI,0.16298435270730013
TRAV6,0.16297089173169202
ANGPTL4,0.16293796062784857
NACA2,0.16292871054852795
WDR11,0.16288324207231816
ZNF45,0.16285120972803552
HSPB8,0.16284434186694427
DBT,0.1628156520064566
EXPH5,0.16280433174291703
POLE2,0.1628012581049761
ALKBH7,0.16277161068672016
ZWINT,0.16274055671653223
ODAPH,0.16273744597621015
PBXIP1,0.16272720477440242
PTCH2,0.162703597349863
LIPN,0.1626760996577545
LEMD3,0.16264426871138535
QRFPR,0.16260373728168198
SRGAP3-AS2,0.1625927250947556
GAL3ST4,0.16256597074770168
SLC6A16,0.1625581898711362
FBXO45,0.16253786502068446
DHX34,0.16251752246229864
SCGB1D2,0.16249865615095532
LINC01275,0.16247671180305712
PRSS8,0.16246754296544288
SH3GL3,0.1624626496493238
CAPRIN2,0.16245342703935872
FLOT1,0.16243917562027635
EPM2A,0.16243279218160833
KRTAP5-8,0.16238079061438038
FMO1,0.16237592600523998
OGN,0.1623623837890223
TAF10,0.16235794457431596
NF2,0.1623353306530717
CDK5R2,0.16232364678873326
ZNRF3-IT1,0.16230886969699773
RGS10,0.1622630318449193
CKAP5,0.1622611285641564
LINC02327,0.16219859189297547
IRS4,0.16214980973086815
LHFPL5,0.1621295214525274
KCNMA1,0.16212509098309608
RNF123,0.16210275687770948
WSCD1,0.16208565154308002
C22orf23,0.16207266072927773
EIF3C,0.16204906475398437
SYT7,0.16202792823071158
SMOC2,0.1619952696505678
LYNX1,0.16197208172490404
IL22,0.16195326470036361
SMPDL3A,0.1619302740798814
LINC00324,0.16186590395477052
PLXNB1,0.16185829531412685
BAHCC1,0.16185288969672743
IL23R,0.16183895981788446
NUP85,0.1618294757953876
H2BC15,0.16175985596073203
UBR2,0.1616976038909578
LINC01088,0.16168105757698778
ARID3A,0.16166479544549808
LIG4,0.16164433220289273
H4C15,0.1616195992605529
HPS4,0.16161695965452508
AARS1,0.1615852717489488
CUL2,0.16157580726559925
HOXB2,0.16155441463383782
BLOC1S6,0.16154475620714615
CTC1,0.16153380995427108
ZNRF1,0.1615238085853882
TMEM164,0.1614910603621896
LINC00605,0.16146624088755113
DDAH2,0.1613990397911655
FOXL2,0.1613868838450118
LINC00960,0.16136166277699152
ECEL1,0.16133855211279555
HHIPL2,0.16132418571381507
ZNF85,0.16131383165875238
TNXB,0.1612977862548358
CFAP20DC-AS1,0.16128751280610285
ZNF7,0.16125175447593204
FAM182A,0.1612289513316924
VSIG2,0.16121549649691364
SRFBP1,0.16120700223667053
RNF148,0.16120685169858268
LINC00842,0.16118415150600574
NR1I3,0.16111815852800626
STK3,0.16111639694266028
CYP4B1,0.16110938241311445
APOO,0.16107920699003603
WDR83,0.16106225576865657
CXCR5,0.16103541297443597
TPT1-AS1,0.16103222494372882
LHX6,0.16099873513678822
RFX2,0.16098599605134162
YEATS4,0.1609831050567599
GRAMD2B,0.16095490739304283
OXCT1-AS1,0.16090973923333332
LINC02725,0.16086356725604806
HOOK1,0.16082468349276613
IFT74,0.16082238520786454
DUSP10,0.16073247101294186
DNM3,0.1606908989424253
NTAN1,0.16068850485751604
WSB2,0.160674154309957
NENF,0.16065548149170425
TM7SF3,0.16065152197746305
KTN1-AS1,0.1606339859209591
ELFN1-AS1,0.16061366370719193
ZFP36,0.1605974427955508
C9,0.1605566833527968
POM121C,0.16052994856003636
RPP14,0.16051003210963702
STK38,0.16041922250273208
PRSS36,0.16039475402681777
C11orf87,0.16039304712823313
ZFP1,0.16032982584836328
FRRS1,0.1603208123627675
PLPPR2,0.16031243962316785
ACSBG2,0.16026495296735505
NPW,0.16024562993186792
EP400,0.16020135585627127
TSSK4,0.1602009625962467
TTC31,0.16018521123576215
PTBP3,0.1601708449915788
PCDHGB4,0.1601698493462233
C22orf15,0.16011998045978557
MLC1,0.16011292931316073
TBC1D10A,0.1601119107994639
RNF44,0.1601104860055515
LRFN2,0.16009006944317689
MOV10,0.15997861820623765
TMEM19,0.1599757509169749
ACSL4,0.15989870731124142
ZNF836,0.15988841757606437
CD70,0.1598391026796033
CEP57,0.15980531358784475
SEMA3A,0.1597969971382247
CELA1,0.15979340819560128
CNPY4,0.15977726291273814
SYT8,0.15976932050916745
UBQLN4,0.15973681528570594
CAPS,0.1597244365967543
EIF2B5,0.15970964259891351
PSG9,0.15969635093218654
TWIST2,0.15964373832779907
MYO10,0.1596288423582946
CXCL2,0.1596191140263187
ADH1A,0.15961579637756151
PLEKHG3,0.15960936598923772
LAMA5-AS1,0.15957137931988521
ZBBX,0.15956928045075475
BHLHE41,0.15956698443398315
CTBP1,0.1595662476386312
TINF2,0.15954704603915296
CAT,0.15954626988234968
VTI1A,0.15948068490478998
TOR1AIP2,0.15947744838411498
LINC01624,0.15947615087735842
ABCC8,0.15944357741323453
C8orf48,0.15943100360253393
MUC21,0.1594248262447642
GLYATL1,0.15941631884755234
LINC01993,0.15939740100795377
C7,0.1593955300377084
SUPT3H,0.15929293614752035
CTH,0.15929102878504647
PRAP1,0.15927838939138628
NUAK2,0.15921291157506082
CPNE7,0.15921244472986373
GUCA2B,0.15921112836040535
TNFRSF10A,0.15919152490819927
B3GNT4,0.15913680708518435
TRAPPC5,0.15908779388099079
POLR2J2,0.15906536895152948
ANKRD46,0.15903734651840762
PLEKHS1,0.15902892940530297
INTS7,0.15902461041772337
SYNM,0.15900335090405282
GALNT1,0.15900185797133976
OSTM1-AS1,0.1589989084481157
RPE65,0.15899781517525777
CCDC188,0.15893595113153872
PEX19,0.15890721827529036
LUZP2,0.1588189589661381
PKNOX1,0.15881778795986734
FUS,0.158806928857893
WDR89,0.15880569039148748
ATG4A,0.15875613983945172
HEATR5A,0.15875526135533383
PI4KB,0.15875263807847598
MOCS2,0.15871830996316996
CHRAC1,0.1587001986869161
DNAJB7,0.15867035870741683
RTN2,0.1586444260847323
ARHGEF35,0.1586311174524937
ZNF775,0.1586286024769957
DCK,0.1586229920373679
ISOC2,0.15861901186738656
ZNF551,0.15860624230016207
TPGS2,0.15851842336635752
NFE4,0.15850571748363684
ADGRB1,0.15845775658748382
RP9,0.15844075894424497
APC2,0.15842899473846714
BET1,0.15839680192742672
RGPD3,0.1583931245508394
ANAPC10,0.15838374244524636
CCDC71L,0.15833898493106233
GSTCD,0.1583141991020445
SPDL1,0.1582872121759525
PWP2,0.15827038027378232
STK24,0.15821939771054577
ORAI1,0.15821063560099624
LINC00930,0.1581984297461195
C3orf62,0.1581937518652357
DNAJC9,0.15817778551769318
LIN52,0.15814574493009426
EXOSC9,0.1581226645962763
SATB2,0.1580912381676916
SMAGP,0.15806569406930238
BMP5,0.158048161487875
TMDD1,0.15800782430746807
EIF5AL1,0.15795506433414663
PDK3,0.1579443895305006
OSBPL10-AS1,0.15792342790018202
RIOK1,0.1579196400249689
THUMPD2,0.15787999684665222
GOLGA3,0.15783085839096736
TGM4,0.15782904971020845
NR1I2,0.1578166411675664
FAM83D,0.15781083231552756
SNX18,0.15775876598541577
VGLL1,0.15774030535230193
UBE4A,0.1576723294476595
ZKSCAN4,0.1576485001915702
YBEY,0.1576409586869029
COMMD2,0.15759944917946533
PTDSS1,0.15757534384920133
ADCY10,0.15756219422055825
ATP1B1,0.15756022323245175
LINC02802,0.1575550123649564
CNTROB,0.15753442799319808
PKD1L3,0.1575083546193744
VSNL1,0.1574624280799998
AMN1,0.15743063837884338
NLRP12,0.1574118673058346
CEBPA,0.15737120460554166
AMOTL1,0.15736548845190076
NUTM2D,0.1573599084700833
B3GALT1-AS1,0.15734756010994055
C8orf74,0.1573065337392987
CA11,0.1573045921541042
LRRC55,0.15727831982569557
TRMT10B,0.15724696563995738
POU4F1,0.15722012974341057
MEIS1-AS2,0.15720072037137808
CRACD,0.15715883274580655
TNFRSF25,0.15715750312102642
HECW1,0.15713442159983482
SMC1B,0.15712654831121486
BOK-AS1,0.15709691649034072
TAB2,0.15703015442525012
PURA,0.15699121838998334
MEG8,0.15698376804576356
NFATC3,0.1569505838648141
ANK2,0.15694269318410142
CCNA2,0.15690248361034304
HAPLN1,0.1568963413683435
SLC27A6,0.15689074765615812
VAMP2,0.15688879593731012
STX1A,0.15688318804476847
PACC1,0.15686652137033058
LINC01003,0.15678909748645298
CCND2,0.156778633297359
TMEM123,0.1567749131753179
IL27,0.15671184007044367
CRIP1,0.15666483082764954
C20orf144,0.15664160577457856
TMPRSS11B,0.15663932120569746
SLC44A1,0.15661745732890656
TMCO6,0.15660777782238378
ECD,0.1566010115890883
RGS11,0.15658899457600187
DKK4,0.1565550289232946
IQCJ-SCHIP1-AS1,0.15654565082439165
RBKS,0.15647059803561472
AJUBA,0.1564536713795878
HEATR3,0.1564405606761728
ARHGAP31-AS1,0.15639903687588955
KLK9,0.15638772033512174
PPCDC,0.1563627890333533
GRHL3-AS1,0.1563089265098927
EZH1,0.1563083834123884
FBLN7,0.15629746904841793
CAMKV,0.15627658126378374
CEP43,0.15625745912933112
NAGK,0.15623982387833427
TTC16,0.15621967422541166
ACMSD,0.15617098808810673
ADAMTS15,0.15616620103472578
KCNK1,0.15615271079015197
FMO2,0.1561272804455417
WTAP,0.15611485778058232
OVGP1,0.1560882485630658
SPTB,0.15608789345892615
MFSD8,0.15608167755010935
ACD,0.15607294975888508
SPACA9,0.15606554206674514
PARD6A,0.15603339350134432
ARHGEF10L,0.15603040938170482
WNT11,0.15602943596830726
NPAS2,0.156000394606988
UBE2R2,0.15596123643850487
IDO2,0.1559465123545983
CDH26,0.1559242327080671
LGI2,0.15589700665104844
PCBD2,0.1558421357349285
FREM3,0.15578520110329871
KCNIP3,0.15578091458240576
HES7,0.15576957571550998
TBL2,0.1557695651596847
ARHGAP19,0.15576430478074074
RMND5B,0.1557627946753981
NRSN1,0.1557553688544878
DNM1P35,0.15573714470194439
SGSM2,0.15568049868284237
FAM89A,0.15567339273374234
PPFIA2,0.15561063147120016
TVP23B,0.15559813549152512
ARHGEF33,0.15559633628609876
HUS1,0.15557557067437017
PRICKLE4,0.1555731211016402
SKAP2,0.1555713240455644
TIGD6,0.15556653892408853
POP1,0.1555251032677432
S100A2,0.15551897195131087
PKN2,0.1554905255524446
TLL2,0.15547630406209703
MBOAT7,0.1554728508444259
ORC3,0.15546860624099607
LINC01395,0.15546475460508452
GSN-AS1,0.15544672057792067
ANKDD1A,0.15544137855502294
CREB3L1,0.15543991852612093
BRSK1,0.15540707441193874
PCA3,0.155380813392921
LINC02313,0.15535378658108598
PDSS2,0.15528356901864018
AGFG1,0.15528035158979642
ANXA3,0.15527675058317358
ANKRD22,0.15526266604940162
LINC02363,0.15523222068989884
YIPF3,0.15520737544888788
SHCBP1,0.15519951692800799
EXOC6B,0.15519637168365832
PEPD,0.15519403687171227
PIGP,0.15517204784477873
PIGT,0.1551485847542139
PLSCR3,0.1551244835209333
ACTG2,0.1551230492158069
UTP15,0.15511496087958676
B3GNT6,0.15511040485955024
PIGR,0.15500479954257684
SERPINB6,0.1549784339261183
ADAMTS9-AS2,0.15496693787128019
LAMTOR4,0.15496590430474722
COMETT,0.15496388934408034
ITGA9-AS1,0.1549578497130958
SBF2,0.15492451294038917
RNF216,0.15487101904140385
TNF,0.1548655663111584
MAL,0.15484557516152334
PCSK1N,0.15483971934506555
TMEM74B,0.15481573196397874
KIF3A,0.15479912815758273
LINC00239,0.15476457672196037
CDIN1,0.15475414452566125
TMEM92-AS1,0.15473219259343635
LINC01588,0.15463738331429663
OBSL1,0.1546323569906266
SNAPIN,0.15461552469851875
TMEM60,0.15459172562645007
PAIP1,0.1545901394437997
KLF14,0.15443264175233165
LINC02004,0.15441094834100683
SNX4,0.15436676994895862
CLMN,0.15436287112584932
STRA8,0.1543509734539111
EGR2,0.154336474338146
AAMDC,0.1543242030030852
S1PR2,0.15431126325020028
ATP2A1-AS1,0.15427929300247042
PTENP1-AS,0.15427147460745075
DYDC2,0.15426684213251401
JRKL,0.15425489430947428
DYRK3-AS1,0.15424905256357904
MIR29B2CHG,0.15423716285049185
RBBP9,0.1542180540602377
HOGA1,0.15417392009926528
IAH1,0.1541460809649443
ZNF268,0.15412910360963542
OTUD5,0.15410021487353376
SLC15A2,0.15408896455241713
ADH1B,0.15407096824260985
TEX10,0.15405963920464905
SERPINA10,0.1540345739240318
SLC25A48,0.1540297354540792
ZNF623,0.15401330371633032
BRF2,0.1539962888584599
ARL8A,0.15393243623443156
EFCAB2,0.15392784517235653
BZW1,0.1538863584118698
DNAH6,0.1538221664007567
PPP1R16A,0.15378693417492345
TCEAL9,0.15376014632525234
ING4,0.1537575725371444
AKT1,0.15375095781865747
TTLL10-AS1,0.1536772281933638
PAPOLA,0.15365558093529738
NFS1,0.15365480265086198
ADAD2,0.15362141027874388
KRT77,0.15362045717563963
GABRB3,0.153616213824207
PRPF4,0.15359612343126094
CRYZL1,0.15358327814824219
HAUS6,0.1535526463287388
DLST,0.15354001133708878
KMT2B,0.1535300831971104
FGF9,0.15346540450716212
TRBV12-3,0.1534203192912494
SNX7,0.15341308609799914
TCF4-AS1,0.15340787521351365
ARHGAP27,0.1534007686799166
MXD4,0.15338307898026798
ZNF616,0.1533811208819547
SLC23A1,0.15337947872461552
MTHFD1L,0.15337459017759647
STAM,0.15337348547534735
DPH6,0.15326437908714638
DMD,0.15325776231016483
LINC02527,0.15325337165731814
FJX1,0.1531461390960472
DDX31,0.15314009848308233
LRRC58,0.1531333002736894
OTUD7A,0.1531261285028366
BAIAP2-DT,0.1531148627720441
GALNT13,0.153081372637305
CARMIL1,0.15304569904439694
IDE,0.15303670984063314
ARL8B,0.1530056015087457
ATXN7,0.1529843804009487
SCGB3A2,0.1529677544417953
STARD5,0.15293572799654753
ZNF592,0.15292480359665786
TRIM54,0.1528904055988493
PTPRH,0.15285933595368675
RIC8A,0.1528555051239433
NARF-AS1,0.15283718486352868
PRKAB1,0.15282686474296617
TULP4,0.15281594571657142
ZNF568,0.15281408711227676
IHH,0.15280645407194543
MADCAM1,0.15280536682842752
APBA3,0.15279021259388062
SRL,0.15271342007058872
CALY,0.15267415243024957
IRF6,0.15261011299362642
OBP2A,0.15259770505062686
OGFRL1,0.1525890730887707
SPRED2,0.15257573052120843
FAM216A,0.15257486576012785
LINC01678,0.15255574733303887
SNAPC5,0.15254001462149297
LINC01484,0.15251068630688358
ZNF585A,0.15247974048556406
UNC80,0.1524567072062723
XK,0.15245573897036963
WNT6,0.1524302650979938
GPATCH8,0.15238997306098065
RBFOX3,0.152328055182593
OR2A7,0.15227639958991193
MIA2,0.15226455795187036
MUC19,0.1522605536302244
TP73,0.15223127425443553
WDR36,0.15215652801216878
DNAJC24,0.1521231775940995
IRX2,0.1520760703306961
VAMP7,0.1520697069886156
HUWE1,0.15204792612017579
NUDT8,0.15203373312963386
TMEM178A,0.1519913519695311
HAUS1,0.15196214548178272
PFN1,0.15193205029921072
FBP2,0.15193063377021973
SND1-IT1,0.15192654910339887
LDLRAD2,0.15192504527207926
SNX32,0.15190894345549597
TPO,0.15187790558874487
CD164,0.15184456663069368
CDK1,0.15183808779613409
SNCA,0.15183165161201437
ZBTB44,0.1517967057659431
LINC01405,0.151780524145842
TFCP2,0.15171948803213467
CCDC102A,0.15171403715150458
LINC01138,0.15171014880436196
LRMDA,0.15170605414625699
CDH13,0.1516814325303668
GNAI1,0.15166296137502724
TEX35,0.15162709688585177
TEX261,0.15161902805861005
SCRG1,0.1516138588923237
ADORA1,0.1515747394941446
ASB14,0.15155143701529938
CCDC18-AS1,0.15149586310158678
AGK,0.15149553777346783
COQ3,0.15148554196126232
LINC00853,0.15147857171114423
SRD5A3,0.15144127557832746
DNAJA4,0.15141943495799193
ATG16L1,0.15140924758450136
FAM135A-AS1,0.15136278388753188
NIPSNAP2,0.15132479521950779
PITRM1-AS1,0.1513143899390726
INSC,0.15129762301472585
TMEM192,0.1512586687843023
CRABP1,0.15121473552034373
GLUD1,0.15118893878919648
SGSM1,0.151173911157064
ERFE,0.15117358569046385
SLC2A8,0.15115110394093323
EPHA1,0.15112178993343303
TMUB2,0.15111265334673096
NIPAL2,0.15108271811624674
FASTKD3,0.15105136286758825
ASB11,0.15104435003732464
FBXO25,0.15097247756772184
MAK,0.15095023857312476
TLE4,0.15094063264702753
DNAH12,0.15093883892639295
FSD1L,0.15090922044709917
REP15,0.150898740020706
STK26,0.15089002213721942
ERI1,0.15083470811892208
SMCR2,0.1508213648283952
EIF3L,0.1508105594929519
CFAP298,0.15079417880299634
TMPRSS15,0.15077273996920654
RNF113B,0.15074407306475407
FBXO44,0.15071712369185947
ZNF384,0.15067219538422427
MMP17,0.1506678970366113
PDE6G,0.15064283172827947
FBXO28,0.15063456460232785
POLR2M,0.1505908624342172
ZBTB6,0.15055213500459935
ALOX12,0.15044369125296542
LINC01887,0.1504387098610984
TTLL7,0.15039523934933907
GRM3-AS1,0.15038469087784948
EEPD1,0.15038065802200953
LINC01219,0.1503793645907673
SLC31A1,0.1503765598698821
DAAM2,0.15034295156145472
HSPB9,0.15033010948955575
NXPH2,0.15032051914337496
TSSK3,0.15029736820518208
TAS2R31,0.15027438192999923
KCTD18,0.15024155168784442
MCPH1,0.15021167774422764
GPALPP1,0.15010137652615074
CSNK1E,0.1500782889826084
PIGW,0.15005303390241367
DNTT,0.15002409282926688
PDZD7,0.15002239379426052
LUC7L2,0.1499167121698224
NOTCH2NLC,0.14991651153446264
BAK1,0.14991134551348498
FBXO30,0.14990460340238282
IKZF2,0.14990164461222882
THRB-AS1,0.1498702262211659
TFCP2L1,0.14986861663353807
GFM2,0.14984120132914142
MYADML2,0.14983858733745783
METTL14,0.14979669429272788
KCP,0.1497853646887596
DNAH5,0.14977355754955063
VSTM5,0.14973668892004757
SYT12,0.14968804178547268
LARP4B,0.14962550604909572
VEPH1,0.1496105090011802
GBP6,0.14959925251536704
LRRFIP2,0.14957810174213432
PRRC2B,0.1495510979209115
WDR70,0.14954309026632387
KIAA0930,0.14953476253370002
INIP,0.14953436229841316
SLC14A1,0.14952492826404484
KBTBD7,0.14950479212018133
DRAIC,0.14949984555942009
HDAC10,0.14947410024881697
ZNF79,0.14946630933829527
LRRC26,0.1494599874031912
NDUFB2-AS1,0.14942628984068143
H3C6,0.14939138143848116
FAR2,0.149385599154637
RMDN2,0.14934209403111465
ITPK1-AS1,0.14933148252145842
NLRP11,0.14932481375296053
LRATD1,0.14930248479994804
MAP3K7,0.1492806660162522
HEXD,0.1492425116572926
HBS1L,0.1492312866493363
CFAP299,0.1491974596350206
STEAP2-AS1,0.14919209733384595
RUNX1T1,0.14918878691688392
EDNRB-AS1,0.14918667301514063
TSBP1-AS1,0.14915659284388505
KLK3,0.14914747509660528
TSKS,0.14913914350564433
MLPH,0.14913115667619337
ASH1L-AS1,0.1490869270636564
LINC00173,0.14905163285721315
LINC02830,0.14904617205323253
CPT1B,0.1490205223080501
PELATON,0.14899893679864545
TRAF3IP2,0.14894088543177514
LEFTY2,0.14888505381197906
COL23A1,0.14886622110101919
TRDN,0.14884503759335022
NEK1,0.14881403865144466
BRF1,0.14881038778380626
ITFG1-AS1,0.14880361996332656
CCZ1B,0.14877289861839724
SERPINA11,0.1487560331982378
LINC00494,0.14874591855545197
SMC1A,0.1487413355929161
PLEKHA4,0.14873422662951874
PLS3-AS1,0.14870540896900458
CACNA1D,0.1486908595533908
CRTC2,0.14868851910157935
DIPK1C,0.14868318489361465
CNOT1,0.14866273922494128
SHC4,0.14865075250636237
OVOL3,0.1486396320315153
CRMP1,0.14849333165106185
PLCB2,0.14848137810100556
ZNF273,0.14846760024457148
KCNK9,0.1484553888256416
PTPRT,0.1484148439932214
SOCS2-AS1,0.14838832032954286
LRFN5,0.1483227086001078
SIGIRR,0.14829632011939653
PALB2,0.1482717593774657
GIPR,0.1482695098658265
NFE2L1,0.14825553758269264
C11orf16,0.14824567848838335
SLC25A17,0.14820619779240615
PIP5KL1,0.14816633905789403
CCDC87,0.14808941008952498
GSDMD,0.14807519859789905
C2orf76,0.14806397971693622
LINC01505,0.14804246420318126
FOXQ1,0.14802647145362058
MXI1,0.14800217688388348
TRAV13-2,0.14799314321822699
RNFT1-DT,0.14797838452006265
ANO5,0.14795990389597174
DLEU2,0.14792803820636102
RWDD4,0.1479047484855572
GAB2,0.14789303587380223
BSCL2,0.14788067285212952
XRCC1,0.14783696571151295
OBI1,0.14782494807573957
UBXN11,0.1478097088073235
SRSF10,0.14773733718968587
TRIM3,0.1477359301413497
FAM53B,0.14773324444745506
OSBPL10,0.1476950017901784
CCSAP,0.14769382130618014
ACYP2,0.14768307216393406
NFAT5,0.14765700714282942
GEMIN7,0.147646663737562
MHENCR,0.14763958018254422
PAM16,0.1476163737798322
MAP1LC3C,0.14759645453177986
NUCB2,0.14758913846895164
DPP7,0.14756231476824266
LINC01978,0.14752429117021482
MEMO1,0.1475070538393737
LINC01695,0.14749345001343322
GGACT,0.14748887110555634
ATP13A1,0.1474807605271534
SRP54,0.14747571377166915
HERC3,0.1474054897741148
FBLL1,0.14737675612766427
TWF2,0.14737304927585734
FST,0.14736620515653656
RNF121,0.1473313166977307
MATK,0.1473111212123555
DNAAF2,0.14729994175209687
MFSD11,0.1472855357218782
STK10,0.14725184894939491
FRMD5,0.14724265940084463
WARS2-IT1,0.14723361669067253
GIGYF2,0.14717963625468758
ABRAXAS2,0.1471380252203412
DLK2,0.14712427487010774
ASCL5,0.14710291841032055
BEX1,0.14707799774161584
KIF20B,0.1470731829607031
PPP1R14B-AS1,0.14706295109777445
LAS1L,0.14701690333280487
ZNF57,0.14699675095425757
ADO,0.14699050693936322
LRRK2-DT,0.1469845704930592
CTNNBIP1,0.14693461408575245
FAM53A,0.14691653913043945
CRIP3,0.14690097192068682
C10orf90,0.1468907399233623
ZNF770,0.14686262559890434
CCDC39,0.14684388069872992
TRIM69,0.14683650214143723
SMCO4,0.14682420060725526
LONP1,0.14681385737029398
MIOX,0.14680136707759303
IFI16,0.14679030603660315
DUSP22,0.14676888344811762
NUDT1,0.14676443086059704
SPNS1,0.14675493246360669
TRIM37,0.14675394384110277
C1GALT1C1,0.14673087552895522
GIHCG,0.14671028316198614
ACTRT3,0.14667111295804783
PRPF18,0.14662938678123996
PPM1A,0.14655944427715253
C4orf46,0.14655798815617296
METTL4,0.1465449934609557
EXOC2,0.1465398234709442
CHM,0.14650375262896576
INHBC,0.14647095267427418
NECTIN1,0.14646486127751243
MESP2,0.14645555560662968
PROSER1,0.14644346166863295
MCMBP,0.1464068855582673
PDE9A-AS1,0.14638681005517454
PRR22,0.14636520404485162
SRSF6,0.14633310229699212
CERS6-AS1,0.14630513848160404
CCAR1,0.1462654417167455
GRAP,0.14623802865258578
FAM43B,0.14621293189370974
LINC01819,0.14620965362707028
BOD1,0.14616995517270726
IL36B,0.14616923985771568
SAMD13,0.14615083695528408
MAT2A,0.14615040482337258
SHF,0.1461372678854132
PANK4,0.14610349445754067
ZFP57,0.1460971326932267
SNX24,0.1460949156197217
BABAM2,0.14608640621998137
SLCO6A1,0.14595295504604988
TRAV22,0.1459338611085595
ERLIN1,0.14590843855195976
NR2F1-AS1,0.1458420028772603
FOXF1,0.145827351939068
HPN,0.14581837059153313
TP53,0.1458121876692106
FXR2,0.14581038012695788
MIS18A,0.14580034997906144
CHD2,0.14579955002995967
SNHG6,0.14579398371668875
GNG12-AS1,0.14576526362814712
EBLN2,0.1457640008980591
PHACTR3,0.14561550957712724
UBE2Q2,0.14557906314772284
METTL3,0.14556481184888567
ATXN1L,0.14554279993147431
EML2,0.14551864700669376
ZBED4,0.14550477566944067
EDIL3-DT,0.14549681726088867
EPB41,0.14548208102422008
OLFM1,0.1454304375017687
ZZZ3,0.14542459658360776
CBY3,0.1454111742199296
LINC00654,0.14540569016946436
BMP8B,0.14536191363890352
C4BPB,0.14535111430351083
TAT-AS1,0.14534607865379373
EPHB6,0.14528180214246428
TRIM11,0.14522874480867745
PPP1R2,0.14520965265148253
CRYBB1,0.145196716035743
RBP5,0.14516477218131665
CDKN2B-AS1,0.14516043146491134
MYLK-AS1,0.14514789418391513
LINC00487,0.14514195282353456
BIRC5,0.14513538672285153
PIGN,0.14507837774357749
STX1B,0.14506993949096342
SLC30A9,0.1449929951575708
KLRF1,0.14496404371699384
FOXK2,0.14494581000008905
PRECSIT,0.14493953256326075
C12orf57,0.14491493992797794
NAT10,0.1448818418623908
PPM1F,0.14486776645173824
SNAP25,0.1448275598984935
ZNF613,0.1448186413003121
ARHGAP22,0.14479044693623136
SEC63,0.1447583361663036
ERI2,0.14474481456714047
SREK1,0.1447401674075274
KDELR1,0.14469658675169536
STC2,0.14467923334498176
CEP55,0.14466648635688864
CPNE6,0.14466643376291388
HMGN4,0.1446412457993519
CHGA,0.14463001472598497
CDKL3,0.14457898542444828
TMIE,0.14457261916227174
TM4SF1,0.14456152271575456
KIFBP,0.1445337899593934
LINC01805,0.1445260696733547
ARHGEF2,0.14451108999050158
NUTM2B,0.14450430930294267
PDCD6,0.14449918161503061
ZDHHC9,0.1444898505502866
OSBPL1A,0.14445490482799192
TBC1D7,0.1444180486421218
BSN-DT,0.14441779938555627
ARSF,0.1443993464572745
CDC42SE1,0.144380274899794
LRRC38,0.14436263038358665
BBC3,0.1443071293942162
H2AX,0.14430634290450714
RAB17,0.14423702823860277
CNTN3,0.14423441063773065
EPN1,0.14422624588233107
CENPU,0.1442146030587004
EFNB3,0.14421057620511726
TNFRSF12A,0.14417618357749562
PRR14,0.14416689457925946
ID1,0.14413131090476605
LINC02005,0.144104742877513
NUP153,0.14408660379286062
RNF175,0.1439842095938532
IFTAP,0.14397958505182282
RHEB,0.14396658822137584
RACGAP1,0.14395785375232745
LRPPRC,0.1439528318651037
CTSV,0.14395110539054992
ARIH2,0.14393227840381187
SMYD5,0.1439233171838897
PDE12,0.14392038216631473
IL1B,0.14390821030857082
DPH7,0.1438941208509374
PPP1CB,0.14388949482129712
SLFNL1,0.14388856692189536
ADAMTS17,0.1438879923033157
ERGIC1,0.14386796247642164
UNC93B1,0.1438429658346225
IL12RB2,0.14383013964134675
RPH3AL,0.14382280735363814
LAGE3,0.14379907058154542
TSTD1,0.1437987761154896
TAL2,0.14375016565156415
COX6B2,0.14374958573307645
SRSF11,0.14374474947658955
RANBP3,0.1437417064948307
CPT2,0.14373865342574077
PLXNA2,0.14372587774904041
KRT15,0.1437254841451692
MIER3,0.14364624415015692
MIS18A-AS1,0.14362624695408868
EVC2,0.14353043001929636
TEC,0.14351832550104685
CHI3L2,0.14351549083385964
NOL12,0.1435070357316215
COMMD3,0.14342411453457846
FKBP6,0.14340233506581643
C2CD4D-AS1,0.1433695110395903
PSMD9,0.14333157570387645
CHD8,0.14326466163196228
ZNF587B,0.14324751707653685
AEBP2,0.14318563297238934
DENND5B-AS1,0.14313244039214776
CPAMD8,0.14312945664484075
THSD7A,0.14310416392427036
FBXW9,0.14310317319540197
TVP23C,0.14310197169865269
C12orf54,0.14303486005193344
RCBTB1,0.14301852856375716
RNF217,0.14297377170713138
TOM1L2,0.14295311357482957
ANO4,0.14293316869957182
UBAP2L,0.14288299439222066
DIRAS1,0.14281976894932905
FLT4,0.14281019674373263
CCZ1,0.14279844844056605
ZNF324B,0.14278175070787213
ELMOD2,0.14278093920910753
HMCES,0.14262340326074657
LINC02235,0.1426233517190772
RB1-DT,0.14259346837361828
GAS2L1,0.14250198053849147
RASGEF1A,0.14250019145008586
FER1L6-AS2,0.1424412686398623
TRAP1,0.14243895445305277
FAM181A-AS1,0.14243577281703326
ACSF3,0.14243275496833321
PSMD11,0.14240035792792818
ADNP2,0.14237915149328995
SIDT1-AS1,0.14236812430730098
GMNN,0.142366599016331
INHBE,0.14236119825323054
DYNAP,0.14231809041049936
ZC3H4,0.14228025790402282
IDH1-AS1,0.14227648765512185
CD55,0.14223303082394703
MIR202HG,0.14219362401134428
LINC02316,0.1421478999889917
ATXN2-AS,0.14214556488955943
MTRES1,0.14213796656528424
MYSM1,0.14212478611940543
TES,0.14211959818699937
MVD,0.14206667858767386
AP5B1,0.14204647844942328
GRIPAP1,0.14202658804042143
SNN,0.14196930319883852
LINC01010,0.1419436337829826
CYP7B1,0.1419401438593871
ERCC6L,0.14193238118366228
MVP,0.14190323247794037
IPO7,0.14183929301518253
PHF14,0.14183819782909943
LENG8-AS1,0.1417553594295306
ZMYM1,0.14170344781180136
DDB1,0.14169000486359495
RIPPLY2,0.14167120678642306
CDK16,0.14165909511964597
USP9Y,0.14164770284131467
PVRIG,0.14161792164809364
RBBP7,0.14161501358346226
C14orf178,0.14159787076489413
NHLRC1,0.1415922403916983
LINC01301,0.1415698572242165
IGFLR1,0.1415656245885613
MFF-DT,0.1415371346436217
TBX3,0.14151290439734088
NOS1AP,0.14147951056950905
NOS2,0.14147888189449953
TCP11,0.14144211697030945
ABHD5,0.14143410184735433
MTF2,0.14142487083348634
MS4A8,0.14139600703254185
NCOA3,0.14137737576909773
ATOX1,0.14137641275769475
PSG6,0.1413747242358553
SIRPD,0.14136602083144464
KLF2,0.1413270530194587
SLC48A1,0.14130455563396563
LRRC14,0.14126363749564347
LMX1B,0.14119923184411334
ACAN,0.14112084196786837
GPR18,0.14105299185082001
ATAD1,0.14104701100875564
ENOPH1,0.14086314342727393
LINC00881,0.14076388793281033
SPAG17,0.14073923478547753
DSN1,0.14073264050169482
LEFTY1,0.1407305533389877
SUN2,0.14073027389440246
GPR62,0.14072469250160738
PRNP,0.1407174182943417
MAP7,0.1406959331137546
SMPD4,0.14067831376251677
LSM14A,0.14066042443849838
PHACTR4,0.14061021132694618
PAQR3,0.14060940139465852
LINC02261,0.1406016230066075
ALKBH4,0.14059239741953852
RBM5-AS1,0.1405824977801113
KLHDC2,0.14057962041633607
ING2,0.1405197241273398
C9orf152,0.14051194729910407
CREG1,0.14050625710400844
ANKRD7,0.1405038049563252
ENTPD5,0.140487557675348
KLK2,0.14044443077881158
USP27X,0.14042418652868463
ITGA2B,0.14036548514314162
LINC01857,0.1402994600165544
QPCTL,0.14029394153326985
UBE2G1,0.1402777419160897
DCUN1D2,0.14027082235012042
IFT43,0.14026008015463165
ZNF24,0.14023091297279475
GTSF1L,0.14023020555837912
FAM185A,0.14016359534098746
DOCK5,0.14015233335174787
ZCCHC10,0.14005493272089933
SLC39A1,0.14001811388037494
DCDC2,0.14000722272296992
CAP1,0.1399965411070129
DIP2A-IT1,0.13994950898482864
ERP27,0.13993712158069085
NUP43,0.13987703825061976
C1orf21,0.13982312473076225
A1BG,0.13980173143822758
S100A1,0.13976741060457407
ESAM,0.139760898905438
SIGLEC15,0.13972875108705157
ATP8A2,0.1396859752582083
CEP85,0.13967076438426695
ZNF558,0.1396436951264908
HSD17B12,0.139629188017274
MORC2-AS1,0.13960538863728297
SLU7,0.13958334463247374
SPIRE1,0.13957354347236273
NUP35,0.13957327957228122
ATOH8,0.13954728374219585
BCDIN3D,0.13953710474207567
CNEP1R1,0.13953457485987797
PFDN5,0.13952459217316876
SLC4A10,0.13950871104473783
HMGA1P4,0.13948253641341407
CREB3,0.13948163399529165
PRR7,0.1394480026472444
KHNYN,0.13944450209249687
RTL8A,0.1393911513670221
CD81-AS1,0.13927324679637842
KIF5B,0.13922637850540973
LRRC75B,0.13922171317086685
HCFC1,0.13920427706114913
CDH23,0.13920303582722976
AQP4,0.13920091056807035
CFHR1,0.13919701116101496
CHRNA10,0.13919527847251054
HES2,0.13919406926813335
SLC39A11,0.13918454576917527
TACR2,0.13917396204956722
OIP5,0.1391708631398467
SNTN,0.1391602918103415
GGT6,0.13914194012636175
ZNF232-AS1,0.13913278308164115
TNFAIP8,0.13905958726680456
WDR44,0.13902252060017717
SMC3,0.1390040649515874
HSF4,0.13900222266347736
NANOS3,0.13897285382235755
KCTD8,0.13895958811627757
MIR4453HG,0.13890726857994432
CFDP1,0.13886715887939635
BCDIN3D-AS1,0.13882926983323177
SRSF1,0.13881956889615987
TTC34,0.13874578417447903
MTMR1,0.13874105607226958
URB1,0.13871135077539962
UGT2B17,0.1387069833456446
GRIN3B,0.13870582074815924
PTER,0.13869733291971453
B3GAT1-DT,0.13868168681277435
SOX30,0.13867736493749477
PRKACA,0.13866752711022529
OLFM4,0.138662797604905
SRF,0.13864419522257862
DOCK7,0.13858473668737914
SMARCC1,0.13858336670321997
SCOC-AS1,0.13857935254514941
NME7,0.13852644737562003
MZT2A,0.13841577562560256
SNCB,0.13839927595962492
ZSCAN9,0.13836563897119358
SSR2,0.13834975856990683
SRXN1,0.1383010012587203
GHRL,0.13828686732130285
MSANTD1,0.1382575913122856
AMPD2,0.13824396173347894
GNG8,0.13823643568497468
MAEA,0.13822978199715752
TERF2,0.13822462123818857
TMEM184B,0.1381254853736254
PAFAH1B3,0.13812330658033706
LRRC19,0.1380896200197876
ABCB5,0.13802668765999584
TMEM50B,0.1380148139809503
ACOX2,0.1380105834016154
ATPAF1,0.13799500671636006
TMEM14C,0.1379853631339187
KLB,0.13797763095800428
MPP4,0.1379587421166852
LINC00106,0.13789500973096744
LINC00615,0.13786194353683798
KDM2B-DT,0.13783157791740336
PPP1R3C,0.13782719006482452
ACTR1A,0.13779959829524518
CFTR,0.13777738126563058
LINC01409,0.1377616380595439
SSPOP,0.13773808969506698
TMEFF1,0.13773407682985303
CSAD,0.13769145586346523
CPOX,0.13765496848639308
RORA-AS1,0.1376279477045505
RSPH9,0.13753446657004542
CNGA1,0.13751167518685403
STK32C,0.13743893563850706
MEIS3,0.13743550683698882
PDS5A,0.1374186125084456
RFPL1,0.13741236506236065
TMEM161B,0.1373127994207054
TRABD2A,0.1373115119359484
INPP5F,0.13730941635936333
TIMM21,0.1373086056300217
CHP1,0.1372776819958966
ZSCAN29,0.1372643882267917
SLC41A3,0.13726413167564955
CHN2,0.13721911448831767
ITCH,0.1372148507435668
LINC02532,0.13720525018931062
DLGAP5,0.13720378119046386
TIRAP,0.13718403554852557
ZNF675,0.13716946128581045
LINC01132,0.137156168397161
SLC18B1,0.13714455967204586
TP53AIP1,0.13706573928203622
BICD2,0.1370569289535076
PLAC4,0.13705056052117057
SEMA5B,0.13703988215246424
CCDC125,0.13703396158110626
ADD3-AS1,0.1370294581171212
ZCCHC8,0.13700788699957053
RFNG,0.13697559901740525
ZDHHC1,0.1369588992518798
NUBP1,0.13691214693411918
CAPRIN1,0.13679317872428776
ADTRP,0.1367758909481064
CRISP2,0.13676979204350737
GNAI3,0.1367404166255746
NUTM2A-AS1,0.13667851376105797
GALNT11,0.13666439854622234
DNAJC14,0.13665647641517834
PBX2,0.1366533838433084
ZBTB21,0.13663221771181608
CRYBB3,0.136608143970095
STBD1,0.13659869234112115
RGS7BP,0.1365539085352501
CIZ1,0.13653556763076705
ERMARD,0.13644289110728772
ZNF177,0.13642689510048409
ODAM,0.13637808348445155
CTDSPL,0.13637025549709608
PCGF6,0.1363142227710419
ZNF805,0.13622368743086918
IRF2BPL,0.13621263325461588
ARL6IP4,0.13614641290287244
TDRD15,0.13612524439332613
MRM1,0.13610687481187395
ADM5,0.13609968012940324
ALKBH8,0.13606435459390093
DET1,0.13605046593194006
TBC1D2,0.13601280976840238
LINC02057,0.13601207344657945
GRM4,0.13599454071396885
SLC44A5,0.13598989614602744
BMPR1B-DT,0.13597973469876892
FBXW10,0.13595766530726544
LPIN1,0.13591037887345256
PROSER3,0.13588407834484825
SEMA6D,0.1358766569157493
MARCHF10,0.13585885407582904
USP1,0.13585754471807523
DNER,0.13585486353483417
ZIC4,0.13578087785796894
MSS51,0.1357750279399649
NEURL2,0.1357001585856265
TMEM254-AS1,0.13569874896109202
RGPD4,0.13566601523017696
CCER2,0.1356607952378851
MKRN1,0.13565748747150141
ATP5MGL,0.13563607907121375
MAK16,0.1355582163645695
HCG18,0.13555427863438171
ATG16L2,0.13553226316916925
ERCC5,0.13552225238180576
PKP3,0.1355161154505227
MAP1LC3A,0.13546829428990464
LINC01115,0.13546431215429672
TFAP2E,0.13537619190954606
RSPH3,0.13537369062061666
ZNF252P-AS1,0.13528888717123697
EXT2,0.1352653588893923
NAV2,0.13524421950888757
HTR2A,0.1352185617926617
SCARF1,0.13521179724791316
MSMO1,0.13520037086479836
PLCH1-AS2,0.13518169676393296
FAN1,0.1350843690472006
ZCRB1,0.1350833405211694
ERFL,0.1350812926830229
THAP9-AS1,0.13506275271530274
ARHGEF35-AS1,0.13505683905254104
RBM15-AS1,0.13504905692507807
PRR4,0.13504715030203696
PPP4R3A,0.13503731018377643
CCDC200,0.1350290877894879
ANXA8,0.13501576495315165
ATP1A3,0.13498730949351515
GPRC6A,0.13494376572253527
KPTN,0.13491393678124466
LINC01730,0.13490804603602946
MRPL23-AS1,0.1349043531618589
RUSC1,0.13490085462947773
ANXA13,0.13487748618945933
FGFR3,0.134853589263942
CALM3,0.13480319208330252
ADHFE1,0.13478940496689212
RBM26-AS1,0.13473185072905788
TMEM214,0.13470400234166366
NOXA1,0.13461498833063093
HIP1,0.13459244199652692
HOXB7,0.134567912719759
PIAS3,0.13456712986501082
TTC23L,0.13453205502209872
DHX30,0.1345196275364871
GDAP2,0.13447570754417662
CIPC,0.13443810689810828
EPO,0.13443718803635188
NAT2,0.13443395059179006
LINC00189,0.13442449199648251
CDK3,0.13440316536561736
WDR76,0.1343735708389542
TRAPPC2,0.13436025074728786
FRAT1,0.13429517459053164
GALNT8,0.1342512100787106
STOML3,0.13424650674610997
WDR47,0.13420467628657742
CAMKMT,0.13417251659017307
MT1F,0.13416817566411432
THEM6,0.13416506253419386
SERPINE2,0.13415316681682676
FN3K,0.13412297545406596
ANXA8L1,0.1340671111786614
KCNE1,0.13402796016809496
IFNE,0.1340221679523626
PADI3,0.1339855177094136
LINC01767,0.1339397816797479
SNX33,0.13390844824309314
POMGNT1,0.13390032444166466
RBMS3-AS3,0.13389403990551327
UGDH-AS1,0.13387267845013856
SYNE2,0.1338354948767802
BEND2,0.13382967669230916
KRIT1,0.13376829222069964
LINC02487,0.13375914340898523
USP32,0.13374853336379697
LINC00355,0.13374042242831535
LINC00562,0.1337303233214267
MTUS2-AS1,0.13372170980359355
LARP4,0.1337010513843923
LRRC57,0.13367026988590539
MOXD1,0.13366614122891102
ZNF530,0.1336582040466141
CSTF1,0.13356805745156208
TGM7,0.13355447056764813
KIF23,0.1335359891678593
DDX39B,0.13353589015429704
PHF21B,0.13350220681616998
GMPPA,0.13349841963623615
LRRC14B,0.13346627592437257
PITPNB,0.1334611819380838
RAB3GAP1,0.13345332603342738
RHOJ,0.13342381373788303
GARNL3,0.13341196933778654
PPARGC1A,0.1334022820954573
HHIP,0.1333639661659912
LCMT1-AS1,0.13336101812522205
TMEM31,0.13333676314793677
HMG20A,0.13333467187841888
GYPE,0.1333077799733435
MPZL1,0.13329098855906424
FGF14-IT1,0.13326643739224406
RAI1,0.13325400684033237
SNRPN,0.13319063017037594
ZNF765,0.13314887673847065
STX3,0.13312287692469382
LINC00624,0.13307590490007137
REM1,0.13303803366696834
TAFA1,0.13299461416731811
LINC02097,0.13294137169647652
UMAD1,0.13292074554011715
ISOC1,0.13287790746534894
ARHGAP6,0.13284812918152944
ZNF487,0.13280699174880686
PPBP,0.132797511166248
BUD31,0.13271874246351326
HPS5,0.13270733756709074
UBQLN2,0.132704876839076
ATG14,0.13260787843441865
SPTSSA,0.13257885659288882
SLC22A5,0.13255072110784935
NBPF19,0.1325431783894288
SLC36A1,0.13252610566468004
NFIA,0.13250462365591384
CIC,0.1324953977665149
RFFL,0.13249056987762597
GRK6,0.13245988771731582
LAT,0.1324418336177512
C1orf53,0.13242113380420373
TAB3,0.13240083125127428
CYP51A1,0.13238639518703196
VPS37C,0.1323071891057019
LACC1,0.1323035164667024
LINC01342,0.13226168157049834
CD24,0.13222341869140802
OSBP,0.13218069363075882
CLDN34,0.13217457600817056
SMOC1,0.13214785596138132
DONSON,0.13213987144457467
AP4B1,0.13212110846948827
DSG4,0.13211210146162827
HNRNPD,0.1321038077872033
KPNA2,0.13208814961646392
C2orf49,0.1320573413065838
DGKZ,0.13203948546872182
ZBED3,0.1320306411372746
PSORS1C3,0.13196430462786773
SLAIN2,0.13193807346921171
CCNG2,0.13193667177017118
LINC01235,0.1319336984642554
MT1H,0.1319237951128416
GALNT17,0.1319215668667923
LINC01664,0.13190682296956968
SOWAHA,0.1318659085994985
TRBV3-1,0.1318012312839377
ECE1-AS1,0.13178882061878086
HS3ST1,0.13176613686152078
MBD2,0.13175906456881253
SSTR5-AS1,0.13174268457085117
TBL1X,0.13173849110166477
GPR157,0.1316948448020009
IGFBP6,0.1316942100815862
PPP1R3E,0.13169130027415513
CPSF3,0.13168253340232586
ANKRD20A1,0.13167748224474424
TBC1D32,0.13166372476387453
LINC02691,0.13162366618443563
MAMDC2-AS1,0.1316170289334493
KIAA0586,0.13157061554776806
SHLD1,0.13154880983318284
REM2,0.13153466790226961
PRDX2,0.1315309873327716
IARS1,0.13152642431604591
EDN1,0.1314987941730321
CTD-2194D22.4,0.13147860109726425
RNASEH1,0.1314471626266701
LINC02076,0.1314203913428821
NR5A1,0.13141650240939481
RBFA,0.13133357252403458
WDR33,0.13129569339583566
CBL,0.1312915288457422
LSM12,0.13125393612452435
PRMT9,0.13119718389767254
ANP32E,0.1311088361027732
EPB41L4A-AS1,0.131091245998506
PAN3-AS1,0.13109062537888705
DLD,0.1310775156010529
ZNF717,0.13107339490232323
NUDT21,0.13107328408549324
ODF2L,0.13107157943485492
PPIC-AS1,0.1310679778681079
NR2F2,0.13103215840557375
LARGE-AS1,0.13102532637337783
GSTO1,0.13102104471250015
GTPBP1,0.13098497780325138
TMEM202,0.13096300123485874
BCAS1,0.1309493170638793
EEF2K,0.13090006101522203
WT1-AS,0.13086040021371032
FAM90A26,0.13083611513532878
LINC01704,0.13079311195255144
SELENOV,0.13078164739127227
PPP1R35,0.13073071476130832
CDK5RAP1,0.13068385541948957
FAM209B,0.1306752223848554
CTBP1-DT,0.1306513888444939
SLC5A11,0.13062979887086126
MSLN,0.13060297354844552
TMEM129,0.13060075478769934
RAD21,0.1305958488003982
CEBPE,0.13059571056442446
PTGES,0.13057820080039115
GTF3C2,0.13056695451791459
PKIA-AS1,0.13055148022091811
RNF6,0.1305404213815938
PSLNR,0.1305333451437497
PTCHD4,0.13050444527368318
CYB5B,0.13049358181126658
TSKU,0.13048569192830153
DNAJC6,0.13046918452389816
SNHG4,0.13044427381386192
DACT3,0.13040781503049076
ZDHHC16,0.1303816674599555
DAB2IP,0.13037122821327238
NEMP2,0.130363798056892
SMIM8,0.13035760216897005
CAPZA1,0.1302201940218589
ANKRD33B,0.13020704494090413
ARFGAP1,0.13014970744298388
TACC2,0.13011076377600952
LGR4,0.1300937125287739
G3BP1,0.1300859221531348
NUP210L,0.1300491759241023
WASL-DT,0.13004499834942942
FOXD1,0.12998995276744035
LINC00685,0.12997986618640847
PPP2R3B,0.1299749222768899
CSNK2A2,0.12996570172236563
DICER1,0.12993123778291296
SLC25A26,0.1299132393907678
PARD3,0.12991125495490569
OSBPL11,0.12991083588073063
SNX22,0.12990552999407512
MDM2,0.12981356846388956
HMGB2,0.12980480325092625
GPN3,0.1297389174714606
SVIL,0.12972001492976348
QRSL1,0.12967496886004934
LINC00336,0.12967044565648456
GPX4,0.1296626786562659
ZNF562,0.12966159624457554
CARS1-AS1,0.12965183087053672
MIF,0.129645369124922
TMED1,0.12963068016223803
AVPR2,0.129530986464399
DLK1,0.12947748069748682
DHX58,0.1294739124329617
LINC01714,0.12944968055185918
MED25,0.12943798505205623
PARP12,0.1294315007439332
SP2,0.129409655591974
PLEK2,0.12937499363060853
TFAP2A-AS1,0.12935507854956393
TCHH,0.12933526167566917
TTLL6,0.12933141538632154
LANCL2,0.12932958480183543
XPO5,0.12930747094511305
SMIM10L2B,0.12930535541654237
LINC01503,0.1292828014979011
KIF1B,0.12916697969576563
ISY1,0.12912360258645902
SLC35F3,0.12912279106744182
CRIP2,0.12902604671374462
USP46-DT,0.12902604540805626
GPR22,0.12901565942079735
ACBD3,0.12901448917793049
LRRN4CL,0.12901446829679358
FAM229A,0.12888770796641322
LINC01956,0.1288810181698306
TAS2R4,0.12886054272176928
RFT1,0.1288418046523797
RLN1,0.12882922941727268
ATF5,0.1288050849871707
PCYOX1L,0.12873879027358381
MOV10L1,0.1287347334051794
UBE2E2,0.12872939067109113
CLINT1,0.1286801734609898
RAB26,0.12866980708066814
FSD2,0.12866391844817768
RAB3A,0.1286143187365874
PRMT8,0.12861414119201997
NPIPB11,0.12854827090519277
MAPK4,0.12853046376497648
ZNF200,0.12848309309456935
UROS,0.12843210524527732
LINC00589,0.1284132793453205
GRIN2A,0.1283548065302385
TRIM13,0.12826399743068762
ABHD3,0.12825659368362174
LINC01701,0.12824248290769935
LINC02182,0.12820715002193778
LINC02207,0.12819130664343165
VPS36,0.1281773114504406
MRPS30-DT,0.12817336515740085
WDR73,0.1281547877444488
KRTAP2-3,0.12813595374850342
LINC01686,0.12806765793192137
PICART1,0.12804341681178344
SNUPN,0.12803979919260253
BHMT,0.12803864788116673
SPSB1,0.12788615653256039
CHL1-AS2,0.12785744544904426
MAILR,0.12785409736058603
ATG4B,0.1278421400194669
CCDC42,0.12783204329497355
POLD3,0.1278161571338351
MOB4,0.12780630831918377
SCN5A,0.12778106089203164
TMEM139,0.12777265529764933
HTR3E,0.12776284678217092
TAS2R14,0.12774372482489132
DLEU2L,0.12773268100713175
CCDC174,0.1277238074131977
LINC00926,0.12770627913389287
EPG5,0.12766955333492924
RAB3D,0.12764700845815014
CKS2,0.12764556814917838
DNAJC27-AS1,0.12762353222004988
LINC00158,0.1276186105441304
CDC42BPB,0.12760283491108093
DCTN4,0.1275983917555998
CCKAR,0.12757970679334296
HNRNPH3,0.12747071011766828
CWF19L2,0.12746630425712638
CACNA1F,0.12746086482062033
KCNJ2,0.12743010946801278
FBXO3,0.12740330610187675
GPM6B,0.1273775427600987
FAM193B,0.12736033253172285
TEX26-AS1,0.1273475714896808
RNF41,0.12725950619115367
ZNF274,0.12723770090095216
ISCA1,0.12719785704503322
ENGASE,0.127184645913876
DEPDC1-AS1,0.12717733049618501
AMBP,0.127123225834841
HOXD9,0.12709025942142693
CCDC30,0.12708774772045497
AGRN,0.12705666877400135
TOM1,0.12703530816941924
LRIG2-DT,0.12700430677635605
DDHD1,0.12700271844361732
MBNL3,0.12698341360308715
SPDYE21,0.1269743756183755
CD1E,0.1269680686253189
PPP3CB,0.12695781156217567
SCAF4,0.12694499138416115
TRIM25,0.12692885962670883
GATA6-AS1,0.12686591850616857
SPDYA,0.12686475687011733
MAP3K12,0.1267576516947927
NEDD1,0.12672904130407664
TMEM184A,0.12671970537745034
MCOLN3,0.126644516749862
PSME3,0.12663360345161664
MT1X,0.1266316393527331
LINC01193,0.12661955513178016
INKA2-AS1,0.12661512664376295
KANSL2,0.1265481950472811
ZACN,0.12651887761152084
C17orf49,0.1264755105432781
MPPED2-AS1,0.12646715532320313
NOTCH1,0.12644932123897967
LMNB2,0.12643019984537185
TMEM132C,0.12642152518838803
SMG8,0.12642032385175545
GDPD5,0.126418152367432
DCAF17,0.12641063465189276
C8orf58,0.12639044671909175
CD1A,0.12637132423261735
LINC02100,0.12634201754685334
WDR17,0.1263200869950733
TP63,0.12624033972771107
CRLF3,0.12617477708308883
POLRMT,0.12615743190592507
GOLGB1,0.12614100391883618
LERFS,0.12613731702968958
GON7,0.12613722047638964
SPTY2D1,0.12610692171657673
ASMTL,0.12610619944201773
ABCB4,0.12610474296883523
ASB10,0.12606129699922253
ZNF561,0.12606040602705157
LINC01068,0.12602532154986004
POLR2J3,0.12601843791343048
EXOC3-AS1,0.12598667489174312
SEC13,0.1259501349062455
HIGD1A,0.1259386219904743
TRAF4,0.12593124709511458
H2AZ1,0.12591218698817017
FAM124B,0.1258287098008659
PTCHD1,0.12578908505454386
PVALB,0.1257325197792207
CBLC,0.12571073065024443
ISL1,0.12569983078728017
ZSCAN25,0.12568927440024835
SETD9,0.12562502576488438
ACTR6,0.1256081472990922
METTL18,0.12553940609795713
ARMH3,0.12553108497463028
NCOA5,0.12551868841771754
INAVA,0.1254672538756577
PEAR1,0.1254185267653763
IGSF22,0.1253842532291054
ANKRD40CL,0.12538186848714292
JUND,0.1253731412653448
TM2D3,0.1253265810583585
BBOX1-AS1,0.12530699097861547
RGP1,0.12521521106341307
PCID2,0.12520835497838884
PLA2G2A,0.12518096567657272
LINC01252,0.12508718631021307
CCDC194,0.12508457501410505
TMEM108,0.12508342228464644
SETD4,0.12506569537054385
SPATA1,0.12505883882241364
LINC01806,0.12501607119605093
NDUFB5,0.12501325589977955
SLC25A10,0.1249727186852102
TPCN2,0.12496439549728265
CFAP20,0.12492498675741255
CCNK,0.12488630874911916
NEFM,0.12485113852814095
PET100,0.12483566804777961
NCMAP-DT,0.12482867811293119
CAPNS2,0.12474311681524987
FAM9B,0.12472718554202383
AHCYL2,0.12471037295761281
PKD2L2,0.12470582865475506
PRODH,0.1246369733727772
YWHAB,0.12461469281147856
CALCB,0.12457062062860465
AP4M1,0.1245289070861059
METTL9,0.12451771640693209
SPATA13-AS1,0.12449593668458625
SLC7A3,0.12445485413687934
ABCG1,0.12443165243143244
LINC01637,0.12442208384676222
LCE1B,0.12441919822496517
TRAF2,0.124405747641197
KIAA0232,0.12440434606145918
LINC02328,0.12439503942470692
COX10,0.12438526081679373
CSTF3-DT,0.12436940749489156
EHD4,0.12433686811394584
PYDC1,0.12432160485147392
SPEN,0.12430005077465069
LINC00114,0.12422330633664362
KLK4,0.12418968037538
APOBEC4,0.12417229943539872
MTPAP,0.12416429934461257
SLC4A3,0.12411692039137812
UBR7,0.12410944274789394
AURKC,0.12408333281577584
JADE2,0.12401896748793832
COQ7,0.12401218986810156
CELF1,0.12399053511373238
CRACDL,0.12393374873201679
PTCD3,0.12387762378699634
UBIAD1,0.12385580662824948
FAM87A,0.12380366013575035
FOXP1-IT1,0.12376065393954555
MED31,0.1237602502704038
KRT12,0.12373405244692358
TBC1D10B,0.1237263441780499
SMIM29,0.12372614074078261
TUBB4A,0.12371526925594414
XDH,0.12367822282851972
MTPN,0.12366382800420603
LINC01963,0.12365146031136116
PGRMC1,0.12360859799767068
VPS39,0.123602195086082
ZNF354A,0.12358948448474011
CEACAM16,0.12357366635275356
SV2B,0.12356668561757485
CHFR,0.12355916735903225
EFCC1,0.12351086251372025
TRIM26,0.1235014383189636
DNAJC30,0.12347257246735341
RUFY2,0.12339473185554309
LINC01474,0.12337067225054256
ERCC8,0.12330906540621607
WASF2,0.12330535064057709
PNMA8B,0.12328942592778586
H2BW1,0.1232860520754391
IQCH-AS1,0.12323675644101179
GCSIR,0.12322305339431765
DDX21,0.12311786567646507
ZFAND3,0.12310812145617495
DPY19L2,0.12310379467035976
CRACR2A,0.12303062604075488
USP14,0.1230078840137142
AURKA,0.12299080422823654
PLIN1,0.12298814076767767
UCK1,0.1229768848085084
RBM4B,0.12295383461505632
ATXN7L1,0.12292913738883968
POLR3D,0.12292745350292468
GSG1,0.12290178192690782
MAN2A2,0.12290144062445188
ZRANB2-AS1,0.12289890614467813
TMEM253,0.12289572616365757
SREBF2-AS1,0.1228696442461566
PIGB,0.12284599865999213
DTD1,0.12284433363854025
LRRC63,0.12278006565862368
CORT,0.12276888625673268
CBR3-AS1,0.12272139974812558
FER1L6,0.12267329419893191
SPRYD7,0.12263340635206128
RTP1,0.12262108841591476
ACOX1,0.12261187889310173
SMIM31,0.12259757072791527
ATXN7L3B,0.12258785279518719
RBMX,0.12253356427273081
SEMA6A-AS2,0.12251553962580587
GNB5,0.12251293490332961
ACLY,0.12249277925143727
ABHD12B,0.12247780143352324
HYAL1,0.12247105400966617
UFSP2,0.12244833493487806
RYR1,0.12243238218700299
ZNF860,0.12242601250984254
SPG21,0.12241424502479704
SLC8A1-AS1,0.12240728281767939
NIBAN2,0.12240224406359361
NCBP2AS2,0.12235864536039441
EWSAT1,0.12235273348248925
C16orf74,0.12233444152741015
CXCL8,0.12228768443388181
MTDH,0.12228662520173955
ACADM,0.12228485756671234
CCDC33,0.12226105861002708
MTMR2,0.12225787081855498
MIF-AS1,0.1222360096405949
COPG2,0.12220896257862994
CD47,0.12217048943569396
MAP1LC3B2,0.12215908424938561
L3MBTL2,0.12211947294383677
AOX1,0.12211742454181224
SMG6,0.12209238561133129
ARSJ,0.12206437831657131
NAA80,0.12201819393769235
SCAANT1,0.12199389813846723
EGLN2,0.12195767470141818
VPS33B-DT,0.12194303916938508
TM4SF5,0.12192765954592305
ATP6V0D1,0.12192553268776171
NSMCE1,0.12190368535442452
CHMP4A,0.12183633575223647
ST8SIA6,0.12182408925346984
NECAP1,0.121732559010001
SOX6,0.12171938122279999
LINC01961,0.12170827485293083
MPV17,0.1217062364941042
GPR153,0.12170415838458636
CYP3A7,0.12163722935715096
CLDND1,0.12160675811720782
ELOA-AS1,0.12159820644800931
PTPN3,0.12159002036538935
BRWD1,0.12156851119927505
DPYSL4,0.12156069094115027
PALD1,0.12155518658855302
TXNDC12,0.12152248227592916
AP4B1-AS1,0.12149203522648748
MTM1,0.12148608594709058
NUP107,0.12145858174931035
CDK12,0.12137233651887591
TMBIM4,0.12136600110050083
DQX1,0.12135139747819491
ZNF827,0.12134648818263642
PMFBP1,0.121291186714198
ATP1B3-AS1,0.12123866922608921
BCKDHA,0.12114272768067813
HCP5,0.12111645683082559
NCAN,0.12110474231370688
LRRC45,0.12110421724723788
SIAH2,0.1210847156387258
B3GAT2,0.12106943349161425
USP24,0.12102733112413026
GNL1,0.12100858063836242
FAM118B,0.12100663086443814
NUMBL,0.12099534532254631
CEBPB-AS1,0.12098654396941562
BRI3,0.12092450458837789
YAE1,0.12084712147245086
LINC02175,0.1208325944104319
SGSM3-AS1,0.12081741154758664
NKX2-3,0.12080094292057116
TOMM5,0.12078693673646801
BCL2L1-AS1,0.12075428267641017
TLCD3B,0.12074931093265502
SRC,0.12070066711143916
CBARP,0.12069481411305018
LYRM2,0.12066967920620036
SCFD2,0.12064855285176058
ZNF730,0.12058633271584182
LCN1,0.1205705411775422
ABCC6,0.1205085509214147
CHTOP,0.12047606241698908
RNF145,0.12044069692396779
CCNA1,0.12039315603089144
POLR1H,0.12039240081570758
CLBA1,0.12039016937770192
MIR663AHG,0.12038186636384801
AADACL2,0.12035599949022945
MECOM-AS1,0.12032192764645915
UBAC2-AS1,0.12031713057635567
RBBP8,0.12027551112785323
LINC02397,0.12026976892359312
LINC01608,0.12021676255338967
ZNF142,0.12017544679443895
FLJ13224,0.12017336430963828
ACTR3C,0.12009637931733338
NARS2,0.12008197356153842
BTBD18,0.12008057161743867
EPPK1,0.12006620920827334
TF,0.11997458439672784
FXYD4,0.11997218819171915
LMTK2,0.11991107219081598
ALPK3,0.11990986490570472
UBR4,0.11985988668252864
LINC02873,0.1198542502952122
RNF4,0.11985337651895732
SHKBP1,0.11979818898060329
CELSR2,0.11975554672720662
AMMECR1,0.11967328486984427
LINC01524,0.11961112780663315
DACH2,0.11958832573320784
MARCHF3,0.11956852679437487
DDX19A,0.11948462930998073
CHPF,0.1194666400539563
CSAG3,0.11940843512436036
ITGA6,0.1193910103416044
ANKRD53,0.1193660777262399
AGBL2,0.1193493969191395
GOLGA6L22,0.11931057876501269
CCNE2,0.11929169551042551
ZBTB4,0.11928282413014046
TBC1D22B,0.11925182992615355
AKNAD1,0.11924978237880231
ITGA2,0.11921498937711801
LINC01836,0.11913757966722723
ZC2HC1C,0.11913624600347393
NCOA7,0.11912206519077569
PPP6R1,0.11908166259253819
SLC35E2B,0.11906870785717477
FAM178B,0.11905277240219798
SCGB1A1,0.11904153103359523
C7orf25,0.11904032630871537
LINC02577,0.11903134271594615
TTC36,0.11902790694307401
TNFRSF18,0.11902778597683962
TXNL4B,0.118952047174253
PTPRG-AS1,0.11893956976648618
RBM44,0.11892669370096086
ZNF787,0.11892189959210137
C16orf87,0.11890970867958979
ARSG,0.11890540627089538
INTS8,0.11879910703767863
ABCC10,0.11879247815892918
NOTO,0.1187405911500394
SSBP3-AS1,0.11871759581531491
ASIC1,0.11870576317313457
IL10,0.11869540633038085
ZNF429,0.11868581040694287
PTGR1,0.11867318956675178
DLG5,0.11865734699489296
HLA-G,0.11865287523629174
OTP,0.1186471427125487
TOR2A,0.11862502795852918
ZNF419,0.11861340259380536
EIF4G2,0.11858827666865139
ZNF830,0.11842448115627306
CTTN,0.11840640374750554
INTS6,0.11837791326826475
RAP1GDS1,0.11833994645048895
WIZ,0.11830959278897532
MIR4458HG,0.11825349785006148
UBQLN1,0.11822647436643738
NLGN4Y,0.11818948914687259
IRX1,0.11818503590000466
VTN,0.11817365411700162
TIMP4,0.11816957211668115
FAM114A2,0.11815271045878477
ZNF829,0.11813794841527885
FARP1-AS1,0.11810818614782426
ACRBP,0.11810743829862075
CTRC,0.11810598312570646
STAU2-AS1,0.1180815836105996
FMR1,0.11803332583583678
POMZP3,0.11801069430510654
PRXL2A,0.11798626317071707
PRDM4,0.11797762949879267
WDR12,0.11796929126634483
PCDHGA10,0.11794054840618816
PF4V1,0.1178724121084804
SLC47A1,0.11786927270938773
TMEM41A,0.11785651979213392
MIRLET7A1HG,0.1178336662551536
DISC1FP1,0.11782536861453118
ZNF217,0.11779957026680166
SNTA1,0.1177982628877048
FBXO36,0.11779129102621586
ANLN,0.11776224200379454
PPP2R3C,0.11775595401230116
LPL,0.11771445731731779
MUCL1,0.11769373490158357
ANKRD34B,0.11769322787503197
PBLD,0.11760731981182103
FRMD4A,0.11759830767021051
HSPH1,0.11758649256377553
IMMP2L,0.11757450854888499
DIMT1,0.11756278509619801
EXOC8,0.11753907042221019
C19orf81,0.11748830251717687
SOWAHC,0.11746931907430344
CKB,0.11743702653624663
THEM5,0.11743562610055673
SMARCA4,0.11743426548558786
PCNP,0.11741042032556889
GDF5,0.11738550396444643
GRIK2,0.11736528097496834
LBX2,0.11733188649190376
FGF5,0.11731954919678868
GTF3C5,0.11726250019469224
GJC3,0.11719368065525702
ASAP1-IT2,0.11717664300702076
SHC3,0.11710258937401985
HACD4,0.11699146874469708
TAF13,0.11698184727479741
GNAS-AS1,0.1169774289114829
FDX2,0.11691679574170519
TLX1,0.11689494531379406
LINC00556,0.1168728492497386
TNFSF18,0.11686970886499039
SPIN4,0.11686319391770639
HEATR6,0.11683864740230912
PRDX3,0.11675897557709512
H1-10,0.11674851137285672
TNFAIP1,0.11673020814732966
CCDC32,0.11663573735256255
NRBF2,0.11663095880399184
CEBPB,0.11661974667946404
ZC3HC1,0.1166157172064623
SH3RF1,0.1165717307636111
MAP3K5,0.11656350083769529
SLC34A3,0.11652525531991331
TBXT,0.11648906509360742
SNRPA,0.11648669833386797
LINC02518,0.11629173255623501
RSF1-IT1,0.11629118969344031
IBA57-DT,0.1162833266389858
MASP2,0.11628285383399198
ITPR1-DT,0.1162710355523125
CD160,0.11626789113244441
SPTLC2,0.11625431357234314
DENND2A,0.11625181424100979
SMYD3-IT1,0.11619790214953504
PMEL,0.11618944976134757
PSPC1,0.11617273807841756
LINC00383,0.11611549951761856
MYRF-AS1,0.11607830055411963
CA9,0.11601560112927174
RINT1,0.11599256160794667
CHD5,0.115982900394568
HYOU1,0.11596421236634877
CYP4F3,0.11593851920716526
LINC02242,0.11592988207542332
GPRACR,0.11589342440605928
TMLHE,0.11585530348957676
NCR3,0.11584037878780971
HORMAD1,0.11582507842633086
VSTM2L,0.11579467331785456
KDM6A,0.11579002787763645
CACNB4,0.11576359850720831
DERA,0.11575576785245065
ANOS1,0.11573880884596036
SGMS1,0.11573525992264899
POU6F1,0.1157338250745717
KSR1,0.11572099662670114
C1orf159,0.11571464667693271
PPIL3,0.11568108839902873
PPM1G,0.11562431097747812
ZBTB11,0.11559545283092672
OTUD1,0.11559438361106014
KLRK1-AS1,0.11542197380922407
ADRA2C,0.11537274993886469
MUC6,0.11535196855313315
FSCN1,0.11535035360249514
INTS14,0.11533904589237033
MBP,0.11531005875684511
RSPRY1,0.11529303396785219
CXXC5-AS1,0.11529034648388474
LINC01772,0.11527286966841688
LINC01725,0.11525248168643355
CAPN2,0.11524851103209857
CHTF8,0.11522765484369471
COL26A1,0.11511975799939915
RUFY1,0.11509367226624823
C18orf32,0.11503703796811796
CFAP70,0.11502419697617632
RAB30,0.11497850631852143
SHROOM2,0.1149524733293308
APOF,0.11492556790382809
CMTM5,0.11492525143771959
NONO,0.11488060744136713
NCALD,0.11487688606838863
ZNF491,0.1148526976948039
GPC1,0.11484052357130799
HOXB-AS1,0.11483545816911261
TAF7L,0.11481492868113019
SCAPER,0.11480902940450359
ARMC12,0.11476265689795424
BTBD16,0.11475962452634132
GNA15,0.11474810786761534
CR1L,0.11473514193571434
CCDC160,0.11472402956160332
PRPF39,0.11469139389957317
ZNF202,0.11466654925021774
CHIC2,0.11465757333565517
SLCO4A1-AS1,0.1146563339878005
SLC1A2,0.1146554636996187
COX8C,0.1146368553269309
MPZ,0.11462931764110199
SLC26A8,0.11462596508061977
MACROD2,0.11462094311140657
LINC01303,0.11460042164108579
TMEM138,0.1145838493625119
DGUOK,0.11457435201980086
KCTD6,0.11456467300145658
GOLGA2,0.11453748259503677
NPIPB3,0.11451922631026787
LINC01546,0.11451763225974042
GRAMD1C,0.11445089248132893
PTP4A1,0.11444009632954016
DLG5-AS1,0.11441639340411039
GABRG2,0.11441217612979991
PIGF,0.11440104563387213
JAZF1-AS1,0.11438329531330702
TRIB1,0.11437755674588863
CCT6B,0.11431349319637336
ZNF22,0.11431122214372796
DIO3,0.1142309091737318
B9D2,0.11422524860119403
UCP1,0.11421009116755108
LCAT,0.11416119362935508
LINC00616,0.11413925478741037
SETD1A,0.11413400910009705
LINC01781,0.11412858853094343
NMI,0.11412163528135953
SFRP1,0.11411081044679446
POLN,0.11407203103197626
UBA2,0.1140585061365505
LYRM4,0.11403213019681174
DDR1-DT,0.11401434965974469
CNOT3,0.1139988038205156
C9orf153,0.11399490978627952
REXO2,0.11397333364841469
TRAPPC11,0.11397100796544768
SQOR,0.11393902926008886
LINC00943,0.11389739081152618
PPP4R1,0.1138634096798035
LIN37,0.11385408198685872
SLC7A11-AS1,0.11384450547804727
TSPAN14,0.11384055033517379
AGPAT1,0.11379688476970053
LHX3,0.11376709350246401
ZNF35,0.11374955006926943
RNF141,0.11372878539723567
PCDHB5,0.11372328369621681
CCNJL,0.11358649226030029
SWI5,0.11358496347736496
LINC00649,0.11357709040551367
THOC2,0.11357155833848176
NMT2,0.11348581432685545
PPP3CB-AS1,0.11345414249623513
CA5A,0.11342339362211261
SLC1A4,0.1134016044407131
SERF1A,0.11336303819348573
PCCB,0.11335429344854228
RIMBP3C,0.11329978123498495
RNF128,0.11329880900524944
LRRC31,0.11321408247533947
CCR10,0.11321054886083419
MYLK3,0.11320714277044765
PRORP,0.11319346930869408
ARHGAP29-AS1,0.1131911529356459
ZIK1,0.11318741883872856
CRIPT,0.1131770626408766
SAMD11,0.11315993245141247
ERVFRD-1,0.11313744207317596
HMMR,0.11312409319590334
ATP6V0D2,0.11311750434458451
FGF17,0.11311652791674058
KLHL10,0.11310936821978605
SPIN2A,0.11310878312344406
CHCHD10,0.11308263846806031
FMO3,0.11302963544034973
CADM3-AS1,0.11301575248660846
NSUN4,0.11299562464433126
THAP2,0.11299327430615835
CSF2,0.11297794145074704
ADIPOR2,0.11297688136659127
BICRA,0.11296559140401255
CPNE2,0.11294308692317158
CYP4Z1,0.11291571519832938
UBB,0.1128942783657508
UROC1,0.11287706810048702
ST7,0.11285635089822868
PHYHIP,0.11278515827215879
LINC02267,0.11274393508590201
DHRS7,0.11270129928525816
CEP131,0.11268290384283591
MKKS,0.11265637815079739
COQ6,0.11263488901429256
LINC02599,0.11262574632118996
ATP2B3,0.11261451154608373
LINC01258,0.11261333064123365
INCENP,0.11256514135055526
NRXN1,0.11252803442412368
MYRFL,0.1124982424869641
NISCH,0.1124974434412183
WFDC10B,0.11248677085053789
RABGAP1L-AS1,0.11242272539020272
UCHL5,0.11240285402408771
MZT1,0.11237387414253355
TMEM120B,0.11228736466635525
UQCC3,0.1122742669320936
DISP3,0.11227277559072385
DHCR24,0.11223166102526756
MYO7B,0.1121728323813214
RNF20,0.11216729368696791
C4orf3,0.11216595548793792
LCN15,0.11216188388545242
WBP2NL,0.11214457596296215
METTL24,0.11213545375735304
WTIP,0.11210765431259499
ARG2,0.11210060635682796
OPTN,0.11209551551755823
OR4D1,0.11207765100151555
PRKY,0.11206387495009244
KCNK15-AS1,0.11205805781689028
ATOH7,0.11202539733585928
FRZB,0.11201144517587278
CASP9,0.11190253035604161
OR8A1,0.11187886982009088
AMIGO2,0.11180871173155117
RAD54L2,0.11178058835401906
ELMO2,0.11177240872191704
SLC12A1,0.11176878587172409
FAM135A,0.11175178873657826
PATE2,0.11174616785883894
SPEF1,0.11172332922814619
FAM169A,0.11172203104347514
SLC3A1,0.11165847047020105
CDC40,0.11165724999176684
TRBV7-6,0.11165036104387122
DPH1,0.11161965348062018
DOT1L,0.11159914081432157
RASGRF1,0.11149677764486784
TAS2R10,0.11148725083285005
ITLN2,0.11139550671896815
ZC3H7B,0.111387121618716
ZNF674,0.11129122535821126
PGAM4,0.1112751760323359
CCKBR,0.1112594642642037
ANKRD27,0.11125265691919574
RHBDL2,0.11124717201123413
GOLGA7,0.11120799497199825
RBMXL2,0.11117919080877649
NKX2-5,0.11108452978645113
LINC02694,0.11104525688857754
CNMD,0.11104110666061942
DNAAF4,0.1109860612503024
DCUN1D4,0.11097858394347608
ABCB11,0.11096717374810676
ANAPC15,0.1109427006623133
RTL10,0.11092244044476786
PRR13,0.11091130357247701
B4GALT6,0.11089462365128293
HNRNPL,0.1108701658548921
GPSM2,0.1108507821221612
CCN6,0.11081611316716158
LINC02572,0.1108072375015374
DIRC3,0.11080176171519811
ABAT,0.11079296024525559
ERBB4,0.11077971949478964
TMEM205,0.11074331090080626
JARID2,0.11073586047227155
PRR35,0.11071701667759047
MMGT1,0.11071665639169122
HSP90AA1,0.11068838089388265
UBE2E1,0.11068586552761739
TMEM38A,0.11061323136200157
TMEM244,0.11058913136702828
PLEKHM3,0.11056479735828448
RUSF1,0.11054156146241746
TLR5,0.1105400055742517
ZBTB3,0.11051113573120283
F12,0.11050652818416173
SYT4,0.11050176635194518
TSPAN31,0.11047872014004931
TAF1B,0.11043439695585335
BST2,0.1104078870775079
FAM242C,0.11033806134220629
MIR194-2HG,0.11029986574040407
ADAMTS4,0.11027856507121776
LINC01589,0.1102771626314334
ZHX3,0.11026688409481168
ABCD3,0.11024959560841795
RHBDD3,0.11024171347443013
TAT,0.1102162173982844
PANK2-AS1,0.1102159568799129
LINC00632,0.11018690944971174
CAAP1,0.11011588513045562
ZNF440,0.11011531082574207
STAM2,0.11011216882962352
ZNF518B,0.11009108596352381
ARL3,0.11001157038691352
FOXD4L5,0.11001132957892419
CCDC144A,0.10994555700805526
LINC01697,0.10991253868282176
LINC00648,0.10990369531736457
LEF1-AS1,0.10984936426793307
ZC3H12A,0.10977163470592108
LINC02256,0.10974864462861252
MAFTRR,0.10974505924876807
WEE2,0.10970567422341818
ZNF121,0.10969335391110978
PCDHB8,0.10966467401319548
IGSF3,0.10960998669757877
GPC5,0.10957676830851511
PPFIA3,0.10954845380630526
ZBTB8B,0.10945674641263355
ZNF155,0.10944222388333946
ZBTB8A,0.10943927289489332
TP53TG1,0.10943011668869188
TECR,0.10938204488630567
PRSS12,0.1093399942627099
ACSL3,0.10933327047206075
TBX2,0.10928299393439267
NFRKB,0.10926785234090726
SUPV3L1,0.10920882447788754
SOCS6,0.10920264949769051
LINC02757,0.10917897090346948
RREB1,0.10917342902751266
FBXL16,0.10917228160293801
TTC7A,0.10916147656944772
GLI4,0.10914937016435838
MROH2B,0.10911939207192604
CA3-AS1,0.10903711046048645
GRIN2D,0.10902617300499745
LINC01128,0.10902029274734602
C11orf52,0.10894157724563246
EXOSC6,0.10893548124327813
MARK4,0.10893122185549688
SELENOF,0.10891592778623031
DIAPH1,0.10889996077632154
S100A13,0.10889911926759803
NRG1,0.10888013669472864
SLC25A22,0.10884237080478155
C15orf61,0.10881833503512474
CPZ,0.10880553031540205
EIPR1,0.10880073278267967
NFYC,0.1087818341373924
RHD,0.10876197508001943
KIF20A,0.10872400773083196
RPS6KA4,0.10866826169402029
MAGEA9B,0.10866143391461366
TRBV4-2,0.10865881734409323
TWF1,0.10863608062828836
GGNBP2,0.10858821317918385
TNNT1,0.10858781696660388
BRIX1,0.1085605314616203
IL12B,0.10852296964970917
TRIM66,0.10851602751167802
PIK3C2G,0.10847431440098715
TAFA4,0.10842763532785638
DNMBP,0.10842376398944269
DECR2,0.10837735016021613
SF3A1,0.10829660463555152
LINC02765,0.10828419068582718
AGFG2,0.10826406163487329
RASA4B,0.10824584842308696
GHRH,0.10823570206799223
TREH,0.1081901772998849
ZFYVE27,0.10818100343665997
NMD3,0.10815558375393065
USP44,0.10815296254607622
KCTD9,0.10812284326614723
LIAS,0.10810569550810654
CTDP1,0.1080580459685815
EMC1-AS1,0.1080256269778758
HS1BP3-IT1,0.10799620717969559
SLC30A2,0.10796196211741166
RBM38-AS1,0.10796055933102214
VDAC3,0.10790976002348905
HELZ2,0.10788113990992104
EIF4B,0.10782827253753005
LINC02603,0.10781451802459459
MANSC4,0.10781276220680534
SSRP1,0.10778104500361921
EEF1AKMT4,0.10775870057722987
PROKR1,0.10773071668399287
DDX46,0.10771276668039073
EFNB1,0.10770717859254099
TCEA1,0.10768255201763315
SUPT4H1,0.10762777754245806
RXRB,0.1076119509133931
CRYM,0.10761080068398016
SIK3,0.10760784198901346
LINC00237,0.10757072222716059
UGT2B15,0.10756374861234917
VANGL1,0.10751545382768421
ALOX15,0.10749874908305473
MAX,0.10749366891362447
SCGB2A1,0.1074808863573444
ANKLE1,0.10734614496275924
PTBP1,0.10732909831780524
NGEF,0.10731701146967941
ZNHIT6,0.10730518273628963
FGF14-AS2,0.10713544130074922
PAF1,0.10711063595690079
RALGAPA2,0.10710422245224198
SHISA5,0.1070387123508884
MMAA,0.10703110839505886
SGSM3,0.10702291549559262
MAB21L1,0.1069981418329547
KRTAP5-9,0.10696065596534693
WDR64,0.10694949289956428
INTS6-AS1,0.10694572780157835
PPP2R2B,0.10693506249514326
NEU1,0.1068977415263459
DCAF4,0.10688315523181259
PAX5,0.10687580717803027
ATP4B,0.10684055895582995
EBF1,0.10679183777580073
TUBAL3,0.10678957864998465
NEU3,0.10673682991000755
UBE2S,0.10673543559594811
ATP8B3,0.10673121960407504
FABP7,0.10669105029171035
LINC00939,0.106645145308996
NDC1,0.10662263129670414
SUGT1-DT,0.10661678000810351
EMC8,0.10660089872864097
GEMIN2,0.10659944509483381
RSPH10B,0.10655081928146304
AMER3,0.10654584830309752
TRAFD1,0.10653868948368461
B4GALT2,0.10651478680198165
TAFA3,0.10651285507114562
CIRBP,0.10648810767100475
HPGD,0.10645997110072591
HMBS,0.10645712209961819
ATP6V1D,0.10644303697981439
L3MBTL1,0.10639357228870082
STK32A,0.10638639197868797
NUDT7,0.10637539955750935
RHOXF1,0.10635962270456359
ZSWIM4,0.10634850488596914
LINC02878,0.1063328220625149
ENTPD3,0.10633150371852923
ZNF215,0.1063255735495887
CCDC61,0.10632467772561671
PGR-AS1,0.10630173094239057
PDCD2L,0.10629515754642034
GNG7,0.10628906177511904
CFB,0.10625752334575406
IFNLR1,0.1062238243413414
NDST3,0.10617287615157289
MIA,0.1060687694092494
HES1,0.10606514986344964
CCNE1,0.10598833127472373
ZPLD1,0.10595391364497875
INPP1,0.10595015868520748
LINC00303,0.10593843951154307
RXFP1,0.1058573585703998
TCF19,0.10582435702043225
RAB11A,0.10582248680305219
COIL,0.10576096172168713
THYN1,0.1057498986592282
DCTPP1,0.10574124529633443
HYPK,0.1057200578166986
KHSRP,0.10571899529719202
PDCD10,0.1055930330549887
CRISP3,0.1055097092386186
HOXC5,0.10546156169146917
ZNHIT3,0.10545529306805991
CPM,0.10544683170534222
LETM2,0.1054175684092972
PSMA2,0.10540467994564146
SLC25A52,0.1053988926589018
ATG9A,0.10538067499838348
LINC02600,0.10537596293129894
SLC5A9,0.1053715295371302
LINC01918,0.10536719080875277
CIB2,0.1053336381602529
NAIF1,0.10530720599469637
LRRC40,0.10525695645507581
CR2,0.10525179244436834
USP53,0.10525098960366126
DMGDH,0.10524275150349498
DCLK3,0.10523749861192234
TRIM27,0.10522580339238848
LIM2,0.10517625101411421
SHTN1,0.10516772568078957
DBH,0.10516351998565052
TAFA2,0.10515020344588628
TMEM33,0.10514778424050165
ACOT11,0.1051269447305325
RNPEP,0.1051080006577919
NOP2,0.10508290140284472
C2CD2L,0.10506959278655896
SIVA1,0.10504116601126609
ZFHX4,0.1049712336290538
H2BC6,0.10493696892922477
ILF2,0.10489704851957042
SNAPC2,0.10487263969417308
VLDLR,0.10484401846751416
BTG3-AS1,0.10484111394351785
ZNF526,0.10482900954285959
MSTN,0.10482035044880338
TMEM271,0.10481915039504547
AMZ2,0.10481495697275275
DOK7,0.10479655817779118
POLG,0.10479125874176494
PATL1,0.10475830730073048
RCOR1,0.10474683561412827
ATP5MC1,0.10473673855531032
CITED4,0.10472948392924987
PEX2,0.10472724567480118
FTHL17,0.10471913611554529
USP47,0.10455282313290971
ARHGAP42-AS1,0.10451035185504039
NDNF,0.10449276891893422
WWC3-AS1,0.10445840573222455
RAD9A,0.10442486605117789
U2SURP,0.1043870470914857
GTF2H2,0.10438123397507934
MEP1A,0.1043061184941336
SLC19A3,0.10429637985152333
PPP5C,0.10429585028660963
THAP7,0.10429139858907392
COBL,0.10427848206331297
RSRP1,0.10426525723360636
ROPN1,0.10425676877165296
HBQ1,0.10423276172234838
CEP20,0.10421916450084141
KCNN4,0.10415628088809047
SLC47A2,0.10414597199068353
FNTA,0.10413802931967653
FAM219B,0.10413136969196987
MPP7,0.10411738996266147
NQO1,0.10406910701645437
F8A1,0.10406569964660936
MXD3,0.10403354092448791
PLEKHA5,0.10402676718795661
VNN1,0.10397886067438726
FASN,0.1039685192406119
SRGAP2,0.10395378557727401
TRMT44,0.1038307856089797
LRG1,0.103773737255563
HCG11,0.10376353802671656
NAA25,0.10374149274559728
ACVR1C,0.10373316285050291
TMEM41B,0.10373275050080837
LZTR1,0.10372561477795728
NOM1,0.10372545980796022
GPR137,0.10372403657116253
SOBP,0.10369658371883397
CTAGE6,0.10368943949659726
SLC16A1,0.10368282306229491
LINC00365,0.10360547996585016
LINC02003,0.10358175837346004
CD1D,0.10356493296085131
IFT57,0.103498562836051
FTCDNL1,0.10345671052173107
IBSP,0.10343559877618738
SVEP1,0.10341374931337594
ABALON,0.1034107112346524
TIMM23B,0.1033948707837262
CPB1,0.10336915634927729
AGPS,0.10334271096513106
LINC02387,0.1033355296080218
MORC4,0.10332801841685121
ABCD4,0.10332778812967232
WDR38,0.1033040352230763
ELF4,0.10327356584995816
H2AC16,0.10324675772683298
KRTAP4-1,0.10319334351192533
NIP7,0.10319259651529543
UBE2Q1,0.10317435744009408
TACSTD2,0.10317079652955634
UHMK1,0.10316122980272371
BRPF1,0.10310267622645035
PRKRIP1,0.10309208304622443
UGT2B7,0.1030593799566378
GSDMB,0.10305656867637165
ERCC4,0.1030374144541964
PABPC1,0.10302268229835283
MAGEA6,0.10298651884980929
OS9,0.10291046807712396
ZDHHC24,0.10289925205254113
TGIF1,0.10289305211672133
TM2D1,0.10288609709421562
KLHL14,0.10288376774403174
COG6,0.10287794135422121
TRUB1,0.10283856975897013
RPS6KA5,0.10283339670850772
COPS8,0.10278859215670928
TUT1,0.10277047727868512
ADPRM,0.10276589725123836
ZNF786,0.10272255319673958
FBXO40,0.10269076362132788
MEIG1,0.10268349080470601
CDYL,0.10267467805495237
SOCS2,0.10252714370488981
HIBCH,0.10248414280082986
AZGP1,0.1024701476548235
SLC2A12,0.10246516638789972
SLC35B1,0.10239975076920202
IFITM10,0.10238898454382114
AGAP2-AS1,0.10233408902287974
MEF2B,0.1022545508569595
PDE1B,0.10224419408566494
COL6A6,0.10224084522811254
PMAIP1,0.10223766267397989
ARSD,0.10222198248180056
KLC3,0.1022065250075737
SRP9,0.10218742640677993
ZNF540,0.1021851190526142
NEK10,0.10218052072635651
CWC22,0.1021373038318962
ZNF423,0.10211227254914969
SPATA18,0.10208514203144381
CNPY2,0.10206148543270765
CHAC2,0.10202533524109746
RIPOR3-AS1,0.10194558441268918
ROCR,0.10193991830419064
ABCE1,0.1019221775880091
DMBX1,0.10192090858234189
ZNF146,0.1019200023275825
OPN3,0.10186143826728057
ASXL3,0.10184937611189768
LINC01176,0.10184321760963394
THAP3,0.10184142141472438
C21orf91-OT1,0.10180950155585097
SORBS2,0.10179517507040534
SOX14,0.10174189742385069
CHRM5,0.10173644728723936
RBMS3-AS2,0.10171838878178582
ATXN10,0.10168201799779805
DARS1,0.10167022170251164
LINC00539,0.10166599074156507
HYAL3,0.10165445330631664
LINC01644,0.10164874560542969
KDM5A,0.10163394183740165
MIRLET7BHG,0.10159010760295521
ANAPC4,0.10158383847866723
IL17A,0.10158380743816987
ZNF22-AS1,0.10154774893743175
VCX3A,0.1015467231440274
IPP,0.10154590659813764
PLTP,0.10148195615064227
COG5,0.10146879650645292
CNKSR2,0.10142029703379754
TPPP3,0.10141699644692218
TXLNA,0.10141283423476448
PSD4,0.10137338615992178
DDX52,0.10135919250316304
USP10,0.10134098339146888
SNRNP25,0.10132434133757771
PLEKHH3,0.10128051535526267
PELI3,0.10124978559668696
C8orf33,0.10123608979006318
CFD,0.10123214132350707
ZNF175,0.10123133065101723
HSF2,0.10118152326254044
CTNS,0.10116456784676023
RLBP1,0.10113887273670795
SRPK1,0.10113243954276081
POLR1D,0.1011311094871622
BRD1,0.10107029385805072
SH3TC2,0.10103791413065327
SORT1,0.10103713877428004
LUARIS,0.10103394920198727
UBALD1,0.10101098597220733
ST13,0.10100152157777403
LINC01117,0.10099285173182869
TCP10L2,0.10095328272021527
GDNF-AS1,0.10093554195144155
GPR20,0.10088487549145789
TNFRSF11A,0.100871107642576
UBE4B,0.10086852101978819
ZFYVE1,0.10086238534098849
GPX3,0.10084947851217292
SERPINB11,0.10084433513885038
PRDM14,0.10077432267707527
RFX7,0.10075538107698613
KRT86,0.10074802378094916
MMP15,0.10072148724751229
ACTL8,0.10068437904813338
MYL7,0.10063383473382313
DDA1,0.10062560159517432
SUMF1,0.10060153714544613
BPIFB2,0.10059390187534639
FANCF,0.10057993970584422
ATMIN,0.1005723464555572
GSK3B,0.10056450280957036
SNHG15,0.10056035888197992
SREK1IP1,0.10049321268704521
RETN,0.10048237451684569
TCTE1,0.10047253777748566
BTRC,0.10046521921281232
TDP1,0.10044501842549677
PHYHIPL,0.10041216787343644
SMIM13,0.10039695018733101
SAA2,0.10037290820423249
ST6GALNAC6,0.10037140573843881
PSME2,0.1003447909915437
ST7-AS2,0.10031711839527566
IL1RL2,0.10028970607166662
SMIM27,0.10026025438049097
SCX,0.10024269438734473
PGAP3,0.10021981850418404
P2RY2,0.10021437536056345
PLK3,0.10017992088071605
SAMSN1-AS1,0.10013524123951753
EXD1,0.1001248137209214
SERPINA3,0.10012269620027978
NR2F2-AS1,0.10007751432746038
ALG9,0.10006812312464348
ANXA9,0.10005595163826482
MAP2K7,0.09996232074877595
ABHD14B,0.09993907197515445
ZNF503,0.09990511517671019
ATP11A,0.09986635174386298
C6orf141,0.09985576716019186
PIGQ,0.09985486340300495
DNAJC5B,0.09980313728477727
DHX29,0.09980088184390155
GPAT3,0.09978521266353042
KIRREL2,0.09977623565970999
KCNJ13,0.09968974148998802
HIF1A-AS3,0.09968492861782736
PRTG,0.09968440007980632
LINC00824,0.09964703358406209
CPPED1,0.09964235548070953
LINC00641,0.09963135345286418
CAMK2G,0.09962951905102475
LINC02478,0.09962585569254709
BVES-AS1,0.09961668034832051
TMEM82,0.09958251691148942
MTFMT,0.09957773805993385
ANGPTL7,0.0995144583912751
LINC02587,0.0994866073606724
C11orf86,0.0994776865112402
IST1,0.099460049399102
LRRC27,0.09942586758066697
CSN3,0.09941241471548118
IL17C,0.09938608692297726
FBXL19-AS1,0.09937322212145873
SNHG29,0.09933910306350623
UBE2D1,0.09931587644112382
PCBP2,0.09931444541702547
HCRTR2,0.09925866804091617
PTGS2,0.09921478769820391
C1QTNF2,0.09917616563762627
TSC2,0.09914244573576203
SLC22A11,0.0990794046392786
ADCY6-DT,0.09906641102596889
AKAP3,0.09904876135822908
EBAG9,0.09902791901040968
PHF7,0.09900835049557277
TTPA,0.09894974780368344
EIF3J,0.09893213667546896
LRFN4,0.09892337366404635
GREB1L,0.09886121534960267
TNFRSF21,0.09883177679207847
ATP6V1C2,0.09881856056891862
EIF4EBP3,0.09873346190754673
MIEF2,0.09861215197051604
CSRP2,0.09860897282389101
DCAF6,0.09857224893142726
XKR8,0.09853998984252732
SHLD3,0.09853807818598352
RAB44,0.09851947206682365
NTF4,0.09850572355470397
ATXN1-AS1,0.09842510317457885
CLTB,0.09836889141409713
HSPA2,0.09836516810980385
GARS1-DT,0.09830283859734808
WNT4,0.09830205358823309
PEG3,0.0982555216592879
PRR5,0.09823148454701146
SH2B1,0.09821132225319675
LINC02614,0.09817336190650634
TRAPPC8,0.09816493571315922
RAB40A,0.09816038482744906
CDIP1,0.09811049581728583
POLD2,0.09803239247241534
C1orf50,0.09802848567698093
LINC00391,0.09798848217590592
RDH10,0.09786954841951812
DUT,0.09783265733733813
THBS4-AS1,0.09782313963139912
LRRC1,0.09772637568730277
ZNF414,0.09770516708385864
RBM27,0.09766903493720656
PCDHGA5,0.09765014982644077
GDPD4,0.09759124808068112
DHX16,0.09756848653114396
TP53I13,0.09743835866942198
GRPR,0.09738037852970208
IQCC,0.09737648627833777
GPBAR1,0.097375620845951
LINC02322,0.09730246464531081
TAS2R46,0.09725053563204629
ADI1,0.09722671652089772
WNK1,0.09721739949542706
MMP8,0.09716137723220566
CPLX1,0.09713005508272006
HIRA,0.09702271995292018
LINC01914,0.09701443846342693
PLP1,0.0969742279106732
HRG,0.0969425362485609
KLHDC7B,0.09693775227991716
STIM2,0.09687165922912096
C12orf76,0.09685307760712467
TG,0.09680652762873054
WDR20,0.09679337969343596
CEP104,0.09675575549196874
SS18,0.0967393168233131
STAC,0.0967016406327993
LINC01895,0.09665848359698953
GNAT1,0.09665316931736698
KIAA1671-AS1,0.09664232912712177
HSPD1,0.09662894142684704
RASAL2-AS1,0.09651741422798897
SHQ1,0.0965003451366029
LDHAL6B,0.0963767502863742
THAP6,0.09637045036606706
GDI1,0.09635706826265249
ZFYVE26,0.0962710480278102
SLIT3-AS1,0.09626372297221754
HAS1,0.09626057976734531
CHUK,0.09626006878346519
IQCE,0.09619354676053883
SGSH,0.09618146444683097
RPF2,0.09614997083636867
GRN,0.09613653986992786
CDNF,0.09611142539191403
AIMP1,0.09610975582707815
TMEM106C,0.09609896814458231
CLCA4-AS1,0.0960761014212945
PLEKHF1,0.09602872086504136
FECH,0.09602359875647008
STARD3,0.09601583348032364
SLC4A4,0.09601381507342743
YWHAG,0.0959569338042949
PDIA6,0.0959453073255409
CUL1,0.09591543549349399
LINC00159,0.09590572719689024
MBD4,0.09585381573416768
MKRN2,0.09581604023210546
C15orf62,0.09580865842495064
SSR3,0.09575187171069371
CORO7,0.09573823253815639
REX1BD,0.09573587290992996
ZNF544,0.09571609915510866
PRR14L,0.0956828975788557
TGFB2,0.09562869724001
PYCR3,0.09562512362190731
PNMA5,0.09560740298891279
EPHA8,0.09558042100342426
SLC16A7,0.09557049804029148
LINC-ROR,0.09554950093233867
LINC02823,0.09553063935394047
C3orf38,0.09553019379993911
HNRNPUL1,0.09552981580434847
KNSTRN,0.0954704425146606
LNCAROD,0.0954664278678527
SMIM17,0.09544439122179185
CHST13,0.09542707675586483
HSD17B6,0.0954056986089126
SYCE1L,0.0953825120754132
SETD3,0.09536153341939846
CCDC47,0.09535138606007845
ZDHHC14,0.09531742254323844
TTC39C,0.09531590033879664
HYAL4,0.09530578752966372
MIR181A2HG,0.09525775171321484
HIF3A,0.0952568233954818
PRH2,0.09523783383512716
LINC02771,0.0952144207845546
ZC3H11B,0.09519548830174908
ZFHX2,0.09518478346477502
KBTBD13,0.09510042758551687
TSBP1,0.09509940645987916
LRWD1,0.0950804383973277
LMAN2L,0.09501229821429154
LINC02285,0.09497841247588662
GPR108,0.09496296318145586
ARPC2,0.09491961702566697
DYNLRB2,0.09491653664319123
TCF25,0.0949048061471718
CCDC177,0.09483238396170195
MAGEA12,0.09482484020469616
LINC01023,0.09474697691004888
THRA,0.09473629072408762
CNTD1,0.09468390225633944
KRT4,0.09467865256804242
C22orf31,0.09466313109849807
FMO4,0.09461736777832422
RAB24,0.09454914518346665
SRSF3,0.09447825356399937
BTNL3,0.09446742842924208
RBMX2,0.09446543884271667
DNAH9,0.09446016107736185
BCS1L,0.09442759569615997
PCDHB7,0.09441860882290351
BCL3,0.09439739374665675
AZU1,0.0943005768805032
CPLX2,0.09429661334927152
RPE,0.0942953930123063
SLC38A7,0.09424771630424326
SLC13A5,0.09416515376195456
TK1,0.09413269381769335
FOXL2NB,0.09410804073225183
LINC02351,0.09399894360360708
SNX21,0.09396443284930621
KISS1R,0.09390025139354016
ZBTB44-DT,0.09389322952238427
LYPLAL1-DT,0.09386090494103994
POLDIP3,0.09385956104429241
B4GALT5,0.09382922632939274
HSPA12B,0.09373256128421856
NPTN-IT1,0.09372720770526977
GUCA1B,0.09370293479030886
ST8SIA5,0.09365823873319402
SENP8,0.09364895084186999
MT3,0.09363126984545705
LINC01290,0.09359854158666309
NAPA-AS1,0.09358550219080831
LINC00163,0.09355900432304862
WDR53,0.09354377451542116
MAPKAPK5,0.09351939700282183
ENKD1,0.09350986514997976
BFSP1,0.09349819288361697
MIP,0.09348773876109048
SNX27,0.09344521346706224
GALK2,0.09334666683264979
DENND10,0.09333212156717376
PSPN,0.09330873995358827
LINC02259,0.09329324566465093
CPNE3,0.09328507461371385
ASCC1,0.09326737048923198
RAB4A,0.09324716715427603
COMMD4,0.09312546694192096
PAX2,0.09311288640502356
CYP1A2,0.0930942270123667
EEF1A2,0.09308700949309191
NUP88,0.0930278804196845
FAM110B,0.09301836001376995
CCL1,0.09301833827096206
ELN-AS1,0.09291326069641688
CNKSR1,0.09286335073055522
CPEB1,0.09283916303070648
RPS27AP5,0.09281500036249614
AHSG,0.0928093540677835
PRPF38B,0.09279774487784782
PROX2,0.09279732227723687
FBXL12,0.09276304089238913
PNRC2,0.0927465812426909
ZC3H12C,0.09269747192288492
SFTPD,0.09269328821536614
LIPC,0.09263414601563241
CDO1,0.09261018046701527
CLEC16A,0.09259626493248142
AMZ1,0.09258562558687573
CHORDC1,0.09257722117901503
PTPN2,0.0925635813875358
GHR,0.092556707474616
MRRF,0.09253446275033497
PRKAG2-AS1,0.09252643708394877
SYCE3,0.09251839589922324
SNHG22,0.09249484432226336
MT1M,0.09244304657253048
SULT1E1,0.09243150088929568
TEFM,0.09242943179477382
RPGRIP1,0.09242298883436618
RNF111,0.0923942351168489
EARS2,0.09239061278677299
GEMIN5,0.09230803902549076
B3GALT5,0.09223911520890125
ACSM5,0.09222994931741058
CRLF2,0.09221302044007612
MED20,0.09213240036945122
MAMLD1,0.09212031531630092
SMIM2-AS1,0.0920717730568258
ITGA6-AS1,0.09201198309996306
USP36,0.09201091583785304
URB1-AS1,0.09200659546421207
MSH4,0.09194111680583167
ELP4,0.09191134546367852
WASF3,0.09190971136306572
BAALC-AS1,0.09190733425596596
UBE2L6,0.09189269254610742
DPP9-AS1,0.09183676657293287
NSF,0.09180322277566987
MMP23B,0.09176112355837898
C17orf107,0.09173358859732678
PDIA2,0.09171314267092151
MIER1,0.09164480627434367
SHB,0.09164417651163444
WDR45B,0.09163861147953413
IKZF4,0.09162754780866035
DHX15,0.09162693588368795
RND1,0.0916232536315703
ZNF410,0.09155093754019203
TMC1,0.09152366659681568
KTN1,0.09150860411206527
ZNF143,0.09148285296970657
APOBEC3C,0.09145905308426855
MAGED4,0.09142316194086005
IQSEC1,0.09141445548261937
DENND6A-DT,0.0914022109062177
C12orf60,0.091378911137831
MTFP1,0.09130893708587387
EFCAB12,0.09129219487824322
B3GNT5,0.09128710470088572
UNC50,0.09125293563472463
ARHGEF5,0.0912328355636341
CHRNB2,0.09120558461241607
REL,0.09120069556610463
TMEM266,0.09119257332780735
KIR3DL2,0.0911316376447148
SLC9C2,0.09109238464198431
BHLHE40-AS1,0.09106443053375979
EPHB3,0.09104585851925655
AQP6,0.09098553351900689
NPIPB4,0.09097217150516818
ACAD8,0.09091169989782585
SRP19,0.09084234439376465
DCSTAMP,0.09084166994306689
ZNF451-AS1,0.09077693010577888
LY6G6D,0.09074537630545364
RPL37A-DT,0.09072698866159959
MAD1L1,0.09069143817623546
STATH,0.09065024772983013
ALDH1L1,0.09060455054546429
TYRO3,0.09059122103457215
VPS13D,0.09051178269091481
METAP1,0.09049761888215674
CHCHD4,0.09047762306439344
DLX2-DT,0.09047456650516889
LRTM1,0.09047455216213275
MYH11,0.09041445467187006
CACNA1H,0.09040049121299382
PRRX2-AS1,0.09039524620246454
SLC38A4,0.09038898000293046
CYP2R1,0.09037541287809653
EN2,0.09036856973503989
CTAG2,0.09035622211745593
SAXO2,0.09035104311351105
NDUFAF4,0.0903386124077866
HAT1,0.09031919803880031
TMEM74,0.09024572144229831
ASB7,0.090225126269164
TMED5,0.09012554012648788
PTMA,0.09004610734937576
CLDN19,0.09000372477493376
SEC22A,0.08999936214040435
FOXD4,0.08997828327773966
PCDHGA8,0.08993397243791702
SERF1B,0.08992449286777386
ALDH2,0.08991406394784872
PAAF1,0.08991129095928826
MUL1,0.08990047100751337
ACSS3,0.08989985263359858
SHOX2,0.0898791271008925
KCNK4,0.08987537596014258
UBE3A,0.08987147342215315
GAS1RR,0.08981961430428659
OR2G6,0.08976104344798305
ST3GAL3-AS1,0.08974785270937462
PLA2R1,0.08969453077514801
UPK1A-AS1,0.08967594160192595
RNF7,0.08959223329504455
GABRE,0.0895661673287061
ACSL6,0.08947818844772829
MVB12A,0.08942325677017396
YTHDC1,0.08942039987725599
STX8,0.0894001292856375
RMC1,0.08935774831495862
FLNB,0.08930845754423007
LINC02767,0.08922591562465255
BCORL1,0.08919766987163792
LINC01094,0.08912136898000715
NOL4,0.0891203936165364
CAPNS1,0.08911013474436916
COA8,0.08908683158336989
CCBE1,0.0889946459987399
LLGL1,0.08885350681906486
DDX10,0.08884260631339189
ASCC3,0.0888307628302639
LINC00543,0.08880663892751368
ATXN2L,0.08876178590097789
KCNE2,0.08872558730555376
OR1A1,0.08863207241674462
MARCKS,0.08861569683044844
CCDC97,0.08859930460138457
UQCR11,0.08856813648994093
JAZF1,0.0885405855219701
LINC02803,0.08854057603392376
CARS2,0.08850574336373512
LINC00222,0.08849475892860056
SEC61A1,0.08844259196223217
LINC01478,0.08841960069156683
SIX3,0.08838835565361643
IL34,0.0883817251167618
RNLS,0.0883757954954624
LINC02721,0.08830988942304978
PRR12,0.08829976118656416
TMEM167A,0.08823018819538046
COL9A3,0.08821643722266298
LINC02071,0.08819596584874052
ZCCHC4,0.08818198602801078
PADI4,0.08815572304846073
UNC5A,0.0881238155286798
IRAG2,0.08806559737368377
LINC02371,0.08804495232695474
ZNF512B,0.08801623145488392
CELF5,0.0880048974060899
PPP2R3A,0.08800207009219388
NOTCH3,0.0879362510370446
SEMA3B,0.08791358111037849
SLC22A18AS,0.08788523311225668
SNX1,0.08788160293349824
SUGP1,0.08787508775392458
P4HA3-AS1,0.08787041417896344
LINC01583,0.08784500256538016
MFN1,0.08783972934551221
APEX1,0.08783660326289332
SMIM20,0.08782322627548848
ITPK1,0.0878070896267795
HYAL2,0.08779586559573621
GLE1,0.08779274858160964
SLC26A4-AS1,0.08774902690906446
LRRC8D,0.0877380351860307
LY6K,0.08769841317564457
AMER2,0.08762798788654586
LINC01080,0.08762518777712823
RSPH6A,0.08762223525485625
FAR1-IT1,0.08761862871510666
SNAI3-AS1,0.08755443562274232
PRKN,0.08752467075377739
USP46,0.08746403101520328
DCAF12,0.08742813648818151
CTU1,0.08742436698590808
GLDN,0.08738868123365398
TIMM50,0.08737971343667654
XIST,0.08736237385526839
ORMDL3,0.08735315177758464
AIG1,0.08732685016816345
PASD1,0.08723539726901515
EXOSC10-AS1,0.08723361315184064
ZNF18,0.08723225483817705
FEM1A,0.08706002264867245
CCDC85C,0.08705057030582597
SLC22A1,0.08700714906238963
H4C13,0.08694050376941508
AIP,0.08692405297758221
PPME1,0.08687775669213568
PGR,0.08685145954200607
EXOC4,0.08676370849535822
LTC4S,0.0866698020806045
NIBAN1,0.08665641432694798
RIMKLB,0.08663267611045487
KRT13,0.086582997318482
GLIS2-AS1,0.08653281421418862
POLR1A,0.08649785141356787
NUP37,0.08648149159923675
SNF8,0.08645210289030394
LDHD,0.08644321025570778
SIAH3,0.0864315966881897
PGF,0.08638986191448357
EIF2AK1,0.08638947261311478
NOB1,0.08636544940621455
TRIM58,0.08634100860418005
ZNF524,0.08631588958798053
CBFA2T3,0.08629940849153991
TMEM236,0.08629206008577235
ELL,0.0862889478124517
CRKL,0.08625588977305645
H2BC11,0.08624544308085602
LSAMP,0.08620111963525234
CSTF3,0.08618062500483469
PSD2,0.08616988594782107
HINFP,0.08608412226923891
SIGMAR1,0.08603335111428213
GPER1,0.08601895995917573
RFPL3,0.08601169816647503
PRR29,0.08598322564072584
KCNG2,0.0859820824623134
RAB11FIP4,0.08595577496664004
SFPQ,0.08593983190247993
AIM2,0.08593065216782426
LINC01031,0.08590624369863331
LINC00462,0.08586187993584644
DKKL1,0.08582533646374339
GJB1,0.08582080850203694
SUOX,0.08580421135506955
TUBB6,0.0857924067718238
ZFY,0.08572827640914393
TRABD2B,0.08571792930204844
DCX,0.08568426114386987
PRDM16-DT,0.08565147323385579
FOS,0.08563136877244935
TSPAN32,0.08562738141452161
SYN3,0.08558592449215063
CERNA2,0.08552757245292249
SMN1,0.0854955125380784
OSR2,0.08546917969572344
SYPL1,0.08546717964554776
HSD3B7,0.08546406848040332
NUTM2B-AS1,0.0854354327645207
PXDNL,0.08541589884893429
HOXA1,0.08538154104319731
EXD3,0.08529361927280336
MAOA,0.08528112517579349
KBTBD4,0.08526726766191103
SPDYE1,0.08524048302881679
LINC01204,0.08524040100345726
RHCE,0.08522919864727566
EFCAB8,0.08520893049270914
ASB4,0.08518790454003132
MLEC,0.08514537492430238
CETN3,0.08512054132579316
SETSIP,0.08510461554976116
SPG7,0.08507459880673315
ANKUB1,0.08501146694830075
PGLYRP1,0.08497424104303021
RIPK1,0.08497344509727037
UTS2B,0.0849656797467647
INO80B,0.08496196028501235
H1-0,0.0849580223236529
A2ML1-AS1,0.08488394185951191
NR4A2,0.08483695824506521
CNTN1,0.08482973794860131
MAP3K20-AS1,0.08481378355180941
RIOK2,0.08478316036270706
COQ5,0.08476247579180507
SYNC,0.08469715195917561
FNDC4,0.08464400090883571
SULT1C2,0.08464266105898827
CDKN2A,0.08459116989988431
LDHC,0.08456333290771219
CRNKL1,0.08452723228874277
GNRH1,0.08449023316367342
FAM210A,0.08448145289323307
LYG2,0.0844361225837129
DYNC2I2,0.08442276007395248
SPINK8,0.08440447903629811
GPR50,0.0843840925980174
SH3PXD2A-AS1,0.08436216244569474
MIR1915HG,0.08431825154651776
SF3B3,0.08430990934873625
PTOV1-AS2,0.08430571672924647
TBL3,0.08426545540155202
ZNF213,0.08426019742522574
MACORIS,0.08409314516514568
LINC02345,0.08407865526575897
LINC00862,0.08404503758528843
KLHL36,0.08403344378981564
LTN1,0.08402091942782802
PIEZO2,0.08400634277041212
TMEM107,0.08397174922871115
TARS2,0.08394588220029223
UGP2,0.08387580727847696
CATSPER3,0.08386470469086758
SMURF1,0.08380518025577958
RAB27B,0.08373842417889268
BAG5,0.08367246562346485
DSTN,0.08364779314349037
FATE1,0.08364055951647385
N6AMT1,0.08361591059626373
NME1,0.08360485281825918
KBTBD11,0.08357776331666078
ZXDC,0.08354271181130164
ZNF426,0.0835411978268083
HBB,0.08353845654841913
LINC02432,0.08344753076141384
LINC02822,0.0834472030727954
FEZ1,0.08337499069849326
GRAMD2A,0.08335077782576841
ZNF263,0.08333680991098878
C1D,0.08331779113831361
TMEM267,0.08331757730065832
EIF4E1B,0.08320482444239091
ARMT1,0.08318175378090338
RAX,0.0831541914799027
TNK1,0.08308162809209764
LINC01600,0.08298871209651605
PACS1,0.08290674731282281
LPAR5,0.0829043892637209
METAP1D,0.08289323806944406
USP28,0.08284429886936108
MAGEA4,0.08280915802943101
EED,0.08280909611928454
LINC00957,0.08275954974595119
SPOCK3,0.08273783946968653
PGRMC2,0.08270492133456822
PLAAT3,0.08268625134456956
CELF2-DT,0.08260374583081832
U2AF1L4,0.08259003801002866
RRM1,0.08257896210045103
DDIT3,0.08255388415394593
SUPT16H,0.08255285130705131
CPT1C,0.08251897820568481
MIR3681HG,0.08249315223981586
SYVN1,0.08247456557994653
RTP4,0.08247383886273217
ACOX3,0.08242984672859047
RNF212B,0.08240527552112835
DMAC2,0.08236062753378155
MC1R,0.08235191656748891
FYB2,0.0822416482987152
SDR42E1,0.0822297707081883
SCNM1,0.08222015789002593
CDKN2AIPNL,0.0821834531185652
TIAM1,0.08217731793248025
MACO1,0.08216171839428009
SUDS3,0.08214912216734226
HSD17B13,0.0821485722784394
MYG1,0.08211453724303716
TMEM117,0.08209711643466767
LINC01353,0.08208567241756526
GJB5,0.08207110273582507
MPO,0.08201696585318327
DEF6,0.08201475606862879
RAP1GAP2,0.0820132740242683
SEC24C,0.0819988751363014
LINC01150,0.0819752319188569
PRSS53,0.08197454142218452
SNX6,0.0819722547171568
PPHLN1,0.08187939438871439
GTSCR1,0.08186108065496844
PICK1,0.08185222745577972
DTYMK,0.08184628134245293
UBE2E3,0.08182346521536416
MATR3,0.08179571156662348
LINC02617,0.08178922347629454
COL11A2,0.08174922358105643
SYN1,0.08170150391985485
HEATR9,0.08169632179602791
LINC00242,0.0816892210154937
POTEJ,0.08163890766543819
LINC02471,0.0815979140572234
FAT3,0.08155141301161303
TNNI3K,0.08151889588941985
BORA,0.08144671814216817
ROGDI,0.08143923555378824
STOML1,0.08141877417729317
IL1R2,0.08136361742492255
L1TD1,0.08132774100586516
H3C11,0.08127985798962455
CCAR2,0.08127950940699688
CCNB1,0.08124907633344194
CCDC152,0.08122852664207522
KCNH4,0.08119009033024221
PUS7L,0.0811748315115955
C8orf89,0.08115231142588962
DEFB124,0.08113841245845871
H1-8,0.08111150817258277
TMCC1,0.08109717161034587
PURG,0.08099998835379404
UBXN10,0.0809265417445512
XPA,0.08088418441790751
SLC38A11,0.08084636989060393
APMAP,0.08081363859432489
LGI4,0.08079221809065078
ORMDL1,0.08075730637488557
SPSB4,0.08074693965187046
C11orf24,0.0807199586650502
PITPNA,0.08070502779585433
SLC38A10,0.08065953283657261
LINC01226,0.08065945312507024
OR52N4,0.0806416429219503
DPYSL5,0.08060828763967014
NTSR1,0.08059198623938871
LINGO4,0.08058575876016297
TBC1D23,0.08053937633660699
SLC25A15,0.08052029419698527
CACNA1I,0.08049098041431288
LKAAEAR1,0.08038355394974055
RNF185,0.08037788042205835
SAMD1,0.08034271332658303
ATP1A1-AS1,0.08030046005655404
AQR,0.0802726316089146
MCRIP1,0.0802717177376104
GALNT16,0.0802715056498511
DNAH10OS,0.08021638519666627
METTL2B,0.08018224312491662
ACSF2,0.08017972454015665
DCUN1D5,0.0801406990341202
PRPS1,0.08012951743021181
OBI1-AS1,0.08010774286910546
CNBD1,0.0800939367353377
CLDN14,0.08007500578035363
SDC1,0.08004065018442419
OSGEP,0.07997534829621988
ABCF2,0.07994235130342231
RGPD1,0.0799280909780326
ZBTB20-AS4,0.07990361066560779
CLPB,0.07987394193648475
ZWILCH,0.07985283567137555
PPP1R14C,0.07983864655967488
MPPE1,0.07982621393724386
DDX19B,0.07982538799674951
CMTR2,0.07979231287044146
TEX30,0.07977700859395653
UBA5,0.07977465502254633
MED14,0.07976101169871548
IRX6,0.07973266423339843
CYB5R1,0.07971802626283077
MATN1-AS1,0.07969015127992396
ARL6IP1,0.07968670652037084
VRK1,0.07965847362408499
OTUD3,0.07964269685962842
GPR176-DT,0.07962368191016446
VIPAS39,0.07956710966496251
CFAP61,0.07954244151924267
BRD4,0.07934620350579448
USP20,0.07924992188461108
SELENOP,0.07916579582384366
TUBGCP6,0.0791606223937089
CCL28,0.07908546288501081
SAP30-DT,0.0790724014128321
MAGEL2,0.07893611026737156
DNAJC15,0.07889582757288113
HPX,0.0788314150673903
STMN4,0.07879853577812337
HSD11B1-AS1,0.07879614271754494
C20orf141,0.07875612840602317
H2BC17,0.0786900032764763
GPR180,0.07866653180607737
PLEKHA2,0.07860233113709895
APOA1,0.07857515848938591
MTMR11,0.07857475041827872
BCAR4,0.07857347879114682
ARHGAP44,0.07853572868573863
NAV2-AS3,0.07853321825027679
TMEM262,0.07848901576486861
MAN1B1-DT,0.07842094842666177
EIF2A,0.07830111513832737
VPS4B,0.07829922385694076
SPX,0.07818744728774786
TFDP1,0.07817135714603725
GABPB1,0.07812074188572983
EGFR-AS1,0.07804453600486382
COMMD9,0.07803115810044402
NFKBIB,0.07801008506908252
KANK3,0.07799766118587313
RAB11FIP3,0.07797900303640731
OSTC,0.07793503217906206
FAM50B,0.07792167749348608
TAS2R13,0.07791771784843259
PCDHB9,0.07791769749671991
ANP32A,0.07791058469322072
CHMP5,0.07790237688161812
NEXN-AS1,0.077783572649518
MYO15A,0.07774551789011426
HAND1,0.07774174034619563
ERICH4,0.07773186548515165
DDX39A,0.0777299662846086
GLIPR1L2,0.0777231734911898
ITGB6,0.07768144328406137
CCNB3,0.07766417982597613
CRELD1,0.07766118702789256
TMEM220-AS1,0.07765970526470646
DKK1,0.07758970979079319
LINC02091,0.07758017490495056
TEX19,0.07752942018148808
HSD17B3,0.07751966170920839
CPA1,0.07749717747335333
ZNF138,0.07738941938000764
UBE2O,0.07735831763756904
SRD5A1,0.07730846855893965
IGSF5,0.07725488986949118
BPGM,0.07724448291584161
CDK8,0.07717695352439297
SLC16A5,0.07715147713430259
USP19,0.0771345412533906
PRKCSH,0.07712356215799031
WARS2-AS1,0.07711693906495054
BTBD1,0.07710320733247607
CBY2,0.07708548051805622
TMPRSS12,0.0770828115380875
RFPL3S,0.07707674563970157
ITPRIP-AS1,0.0769802246300062
GOLGA1,0.07692655593373997
CAPZA2,0.07692203688700948
CD44,0.07688517157124938
RFC1,0.07686781854153027
DOP1A,0.07685534149835582
PRRT4,0.07683360091964944
LRRC47,0.07678245033535812
HAUS2,0.07672481993384794
FRAT2,0.0767124246100701
TSEN34,0.07671167142759527
DXO,0.07668665439974268
LNCOG,0.07664876520774908
PRPF31,0.0766414088775913
QPRT,0.0766260857766327
CAST,0.0766172432054971
OIT3,0.07659102422026037
LINC02450,0.07655985249219562
OGFOD3,0.07655902546564632
HUS1B,0.07655135539528729
IMPA1,0.07652827411448059
SLC7A10,0.07650072232806543
N4BP2L2-IT2,0.07642559764081441
SYT9,0.07639736829859492
DNAJC25,0.07631768622823837
ANKRD30BL,0.07630889448744807
DNAH17-AS1,0.07628635278930494
SHD,0.07625344821911177
CRY1,0.07624998198353752
KCNA5,0.07624417973281922
NAA30,0.07622471294197086
FBXO39,0.07622257153756379
SMILR,0.07619139940445413
B4GALT7,0.07615754947094701
U2AF2,0.07614816777552395
SHC2,0.07614570947614166
LINC02447,0.07609305712090143
SPACA6,0.07605382221815707
UBAP1L,0.07604260228984076
CDC23,0.0759987131376492
TUBA1B,0.07599239351327944
LINC01140,0.07596966786984713
HAX1,0.0759662688487739
GPR89B,0.07592702191935857
TCOF1,0.07590155730970266
POC1A,0.07589563682150063
TRIM7-AS1,0.07586027617410654
RASIP1,0.07580763327461768
PCAT14,0.07579963066638055
C1orf174,0.07576594058658226
EDC4,0.07576157404985644
LINC00882,0.07574615079082653
FAM81B,0.07573267401589015
NGFR,0.07570825423821027
FMNL2,0.07565690454266169
KCMF1,0.07560267764412663
APBA1,0.07558147436768384
HEPACAM2,0.07556775823881598
KCTD15,0.07547245262208271
FOXO3,0.07537938620772777
KIF21A,0.07531231532600875
EID2,0.075294540401302
TXNRD2,0.07521723650517292
RMDN2-AS1,0.07517102318293392
TRPV1,0.07516223279198768
TMEM35A,0.07514792240882476
ANP32B,0.07508289881231107
LINC01565,0.07506442968009924
DRICH1,0.07504034288790166
MYO3B-AS1,0.07501442499540102
TMEM202-AS1,0.0749537769559713
ZNF19,0.07494128113129751
EPS15L1,0.07491338862890602
MIR548A1HG,0.07488493999062104
C1orf43,0.07488025168886998
CFAP161,0.07486468712765128
MPDU1,0.07472523862941062
ETFRF1,0.07469530889125328
LMNB1-DT,0.07463612966303192
PRAG1,0.07463161724558826
FXYD2,0.07458035655566916
PTTG2,0.07453898155893338
MTCL1,0.07452952250589488
NFIC,0.07452098371262263
GDI2,0.07451353727613268
XCL2,0.0744888375742005
FANCG,0.07446211698287049
CDC42-AS1,0.07443530319491608
FAM225B,0.07442027050188921
KIT,0.07438332559052314
IRAG1-AS1,0.07436413044869766
POM121,0.07430284789584579
FGD1,0.07430098500411718
INHBB,0.07427084225262325
S100Z,0.07425026719373369
OXA1L,0.07421383544706425
PNMA6E,0.07416923631737948
COPS6,0.074151674576118
DAXX,0.07415159190465445
SNHG12,0.07414304608524776
CYB5RL,0.07412803934951065
SIRT2,0.07409946884242088
BRPF3,0.07408363165038842
FEM1B,0.07407622850041191
HSPA1A,0.07406770475896562
CSDC2,0.07405495629596397
TBXA2R,0.07398894633358073
PPP2R5B,0.07395702071402936
KIF5C,0.07392315126259856
CYP3A5,0.07389714330702907
XPNPEP2,0.07387221554298369
ASB15,0.07385023528925792
RPS6KB1,0.07380571097080126
BHMT2,0.07380505503988617
IER3IP1,0.07374984256412326
RBPMS-AS1,0.07372033289214663
PAX8-AS1,0.07370281505716784
METTL25,0.0736958034446333
PFKFB1,0.07361933195744184
GIPC3,0.07360325258243942
SNURF,0.07353827641245109
ST3GAL5-AS1,0.07353821985051684
GHRLOS,0.07351544049957362
ARIH2OS,0.0734709550103492
R3HCC1,0.07341544780026764
EIF4EBP2,0.07340592665854562
OGG1,0.07335324828865437
FBXO48,0.07331614145532
CERKL,0.07326818658749354
MYCBP2,0.07326691364966074
TTTY14,0.07322860255921343
HASPIN,0.0731941046292252
PEX11G,0.07318488961461304
LSM2,0.07313929736377703
NME6,0.0731273455533053
FBXO7,0.07308089444649261
PKM,0.07303992066190323
LRP10,0.0730025172635587
NFKBIA,0.07299796444586279
SLC18A3,0.07299325804820622
LINC00115,0.0729833749388035
SVOP,0.07296206042148322
FILNC1,0.07289560833985136
EGFLAM,0.07289001521311257
ZNF821,0.07281821418544561
TMEM59,0.07280351163139825
BNIP5,0.07277331155750551
BAAT,0.07272164994883376
SPART-AS1,0.07268024826552447
FBXW5,0.07267954419059008
AGA,0.07266780134259841
BCL2L15,0.07265120100132637
RASSF3,0.07259857842141308
TCEANC,0.07258769302160141
HS3ST2,0.07257656286889876
RAB11FIP5,0.07247526003588314
C2orf74,0.07244160450038799
NUP205,0.07240295738721243
ZNF773,0.072342314610688
OR2AE1,0.07233967361047797
PRKG1-AS1,0.07230994343536169
FAM177B,0.07229688656291651
ADAM32,0.07228438898439155
EEF1A1,0.07225511541481176
CEPT1,0.07224634512642682
ZNF425,0.0722308517535007
ASB12,0.07219527820605058
RRAGD,0.0721935972487543
NR2E1,0.07213896378303937
ZBTB5,0.072131806976738
ELP6,0.07211110528365883
PAX8,0.07205643238647116
AP3S1,0.07204167367885397
PSMG1,0.07203119123817778
CDPF1,0.07202210257601381
FAM230C,0.07200209374372889
RAD9B,0.07199199789614674
DLG3-AS1,0.07197925690931045
ID2-AS1,0.07195133493398771
IATPR,0.07194019078669582
PPP1R3F,0.07192811323627561
CAMSAP1,0.07192719950362919
ST7-OT4,0.07192562536977719
RAD23B,0.07192030835704843
FIBCD1,0.07192014174768777
LRRC28,0.07178575955667521
ZFP28,0.07178343305347552
RNF114,0.07177804527660127
DHRS3,0.0717457078561541
LINC02568,0.07173659545906834
PXT1,0.07172859040211542
MGST2,0.07171261762508783
ALG13,0.07170398042100568
TRMT5,0.07169491746851699
MIR1302-9HG,0.07165949847902396
CDC16,0.07163423608483718
CDK5,0.07162883079051614
RNGTT,0.07160954436317146
NR4A1,0.07155327482071898
KIAA0040,0.07152187924597757
TCERG1,0.07148810003864524
TFAM,0.07144230230168334
ZNF662,0.07139521614225357
HEXA-AS1,0.0713301119673425
LINC01996,0.07121088459827511
ANKDD1B,0.07117225415791519
GLCCI1-DT,0.07116800646495615
CALN1,0.07116719570609654
EFCAB6-AS1,0.07113486096307255
DLG2,0.07099803079298384
TMEM131L,0.0709939321091999
SSH3,0.07099309837155567
PAX3,0.07095221040579429
RUVBL1,0.0709329828255298
GCNA,0.07083843522907471
CSK,0.07072776675676293
TRIP10,0.0706985140467317
GTF3A,0.07064278838992222
PUS10,0.07064201570614931
ARPC5,0.07060536225739038
HNRNPF,0.07057079658493119
CBR4,0.07056488789494637
HSP90B1,0.07055237283472261
HSF5,0.07048046166826738
NEB,0.07047904518288715
ELMOD1,0.0704461501778018
ABCD1,0.07042780135400493
CEBPG,0.07040811030710775
PISD,0.07039164507382419
SEMA6B,0.07035575755281843
TRAPPC1,0.07033544633473635
ZSCAN31,0.0703169151443703
TCAF2C,0.07028859915328227
CTNND2,0.0702790579808445
GFAP,0.07027539300530825
GNAT3,0.0702542958854199
TNFSF12,0.07022854702856172
CYP2C9,0.0701985802204154
TRIM36,0.07018159785105661
PCBP1,0.0701654587954673
PPP2R5D,0.07012616042364034
SF3B4,0.07008829954145662
LINC02227,0.07008257771477484
LINC02148,0.07006158400017355
SMIM10L1,0.07005289915367396
AUNIP,0.07000375977010162
ALAS2,0.06998562003453826
FGF21,0.06997556006731101
THAP11,0.06995955157902264
LINC02516,0.06993852371582025
SLC44A3,0.0699346187803668
WT1,0.0699205715485422
AKIP1,0.06989860902965271
AP4E1,0.06985426515391899
PER2,0.06984083046070517
AMFR,0.06982150440215082
OSER1,0.0698169676255431
UFD1,0.06980763041032824
NPIPB2,0.06979236161898471
ERGIC2,0.06976582981866235
SLC16A13,0.06975783699891905
GPRIN2,0.06970626970565602
ZSCAN20,0.0696621119941908
ECI2,0.06964452749579018
UBE2H,0.06962511817123594
TM4SF4,0.06959864149621375
CACTIN-AS1,0.06954669492032042
WAKMAR2,0.0695447169718425
PIWIL1,0.06953131044410354
PSMD2,0.06952944100710011
ASB6,0.06951850174709358
ADCY9,0.0695147808875987
NOX5,0.06950423637305696
SAXO1,0.06946705276906547
ZNF385A,0.06942530054490552
FARSA,0.06941147384873292
MAGEA1,0.06921558064197164
LINC00642,0.0691896040564571
VPS37B,0.06914721984327413
MTCP1,0.06911618543370573
SUPT5H,0.06910224369903728
LINC00184,0.06902703784575061
CNTNAP3B,0.06900902653237692
GLOD5,0.06897578949795484
MKX,0.06897268934609255
LINC00662,0.06888934158016817
LRRTM2,0.06884845467028392
AGBL1-AS1,0.06884656508168506
PNPLA5,0.06884193244446067
MED16,0.06883165535391221
KCNC3,0.0687502765605654
ERG28,0.06866152522927335
LNX2,0.06862463092589066
STRADB,0.06862107305884187
PRICKLE3,0.06859679769141677
ESF1,0.06858783871685407
KATNBL1,0.06858350209295742
FRG2C,0.06857233452602277
DCXR,0.06855493070813246
WWP2,0.06853806641664847
GPR158,0.06851983665996461
ADRB2,0.06851609192743985
VILL,0.06851470525638029
PGM5,0.0684539467755378
OSTN,0.06844077825449192
MED29,0.06843920096862449
SIGLEC11,0.06843837135123768
UBD,0.0684339546155033
CSNK1G1,0.06842557835837498
FIGNL2,0.06834557396724127
TRPM3,0.06823996832604293
CLSTN3,0.0681390845814398
DAGLA,0.06811885463244031
ESR1,0.06805751755224436
FAM66A,0.06800811989566379
LIN7C,0.06797111304897721
ZFAND1,0.0679709383407995
USP48,0.06796699106353106
COLEC10,0.0679649416639367
CDHR5,0.06796321191069281
NKIRAS1,0.06795491463174709
COQ9,0.06795055341936275
SEPTIN14,0.0679405643694538
REEP4,0.06792664101636652
ASPHD1,0.06785691988763026
MMP24,0.06783913114493258
SCUBE1,0.06782415559891274
HCG14,0.06778338912023552
STPG2-AS1,0.0677373833598492
LINC01971,0.0676935817978522
THSD4,0.06765039064318822
PAQR9-AS1,0.06760522086043587
VMA21,0.06750712424170567
MEP1B,0.0674684911831298
RNF157,0.06745289984363803
AGL,0.06733060088865105
KRTAP1-5,0.0673209293566799
UPK3A,0.0672825681954857
FOXD4L1,0.06727550157946091
B3GLCT,0.06726475806846062
TNFRSF4,0.06724581868369146
DBI,0.06723653963568281
CCDC181,0.06723225927074439
HNRNPK,0.0671580331383086
SCN4B,0.06714456852255324
SYNCRIP,0.0671390464470446
SLC16A1-AS1,0.06709756072111295
SLC45A1,0.06709745375231263
XCR1,0.06707408015123292
HSPA8,0.06707115694049462
EBLN3P,0.06702438885432008
SNAPC4,0.06702242682767925
FXYD7,0.0669885587369293
NUP54,0.06695171592442427
NMNAT2,0.06686711738456232
LINC02145,0.06684478879163656
GPANK1,0.06682740685162374
RAP1B,0.06677682220076332
ASTL,0.06675580244615946
LAPTM4A-DT,0.06671866755004652
CLCNKA,0.0667155273416571
FRY-AS1,0.06666056445527366
SREBF2,0.06663787088187856
TTI1,0.06648824090171329
VPS53,0.06648823047003811
HMGCS2,0.0664609204948635
BCL2L1,0.06644056072648433
VIRMA,0.06642759565553275
USP7,0.06642683639337506
DPH2,0.06642525590172868
EXT1,0.06636545405853264
NUDT9,0.06634949770739133
ATP9B,0.06626995262379254
OR2AG2,0.06625860531758926
MIGA2,0.06621295510079422
THAP12,0.06619984497150501
ZFR2,0.06619869749938356
SPATA24,0.06619364957994585
TMEM70,0.06619150006934313
AATK,0.06618741878521768
LINC01891,0.06617020033990399
TBC1D22A,0.06615599046658951
TMEM272,0.06613026778707033
FBXO15,0.0661217326926
TOP1,0.06610044659797688
CKMT2,0.06609801323776762
ITPR3,0.06607222811599889
RNF5,0.06605468424550935
TMEM61,0.06602996149496475
C11orf65,0.06601888833321645
SNHG1,0.06601685189761597
ATP7B,0.06600969196375128
OSGIN2,0.06599823783497687
BZW2,0.06598766594883805
D2HGDH,0.06598102440731468
NKD1,0.06595861086050296
SNX17,0.0658914525048187
RAB5IF,0.06581402146527288
RNASE10,0.06580823530703327
DDI2,0.06579430633651674
MGAM,0.06577101579673303
DCTN1-AS1,0.06574065022941483
LINC01554,0.06571889492690926
KEAP1,0.06571623651172107
TTLL9,0.06565524681589877
IGLC5,0.06563809360665145
EGILA,0.06561927114453706
FOXN4,0.0656182928311518
GALNT3,0.0656148633344226
OR2A42,0.0656097224924238
QTRT1,0.06557818383608957
AP2M1,0.06556060559450491
NOC3L,0.0654968958584149
MKNK2,0.06549263355027048
CDKL4,0.06548551320277757
HBA2,0.06547733794157301
NCKAP5-AS2,0.0654491788645076
VPS72,0.06534865026251094
GAPLINC,0.0652747676818878
TRAV34,0.06527293932030785
DRAM2,0.0652641725282356
SLC17A3,0.06523481009301806
SCN1A,0.06523040451371578
CACNA2D3,0.06519762937330728
ZFPM1,0.0651442594886594
HOXD4,0.0651142163068823
MED14OS,0.06510561064102956
PIK3R2,0.06509620169797237
F11-AS1,0.06507674553991523
LINC01291,0.0650465866622008
XXYLT1-AS2,0.06504417899377375
LINC01341,0.06501766554397376
CBR3,0.0650145322152809
PNRC1,0.06500804112514982
YIF1B,0.06495375548071618
EGF,0.06494310229680497
SYBU,0.06490825564235739
GNG3,0.06487023944151346
GGPS1,0.06484763197169881
MOCS3,0.0648267979623421
PGBD5,0.06478762128783364
CD302,0.06476417379977135
STK32B,0.06472796020322098
ATG3,0.06470540876309233
KCNC4,0.06468702320746846
MTMR7,0.0646843211269376
LINC00102,0.06468229026150332
TANGO6,0.06466409248757667
ACAA1,0.06466335437692268
TSC22D1-AS1,0.06465221435699461
PGM5-AS1,0.06457695762498417
RBM41,0.06456450250864873
LARS1,0.06455679145944226
KPNA1,0.06455463823132637
MGAM2,0.06453623250071368
FAM240C,0.06453034246607449
SPRY4,0.0645136872794554
RN7SL832P,0.06448145533336354
DNAI2,0.06446339096049179
P3H2,0.06445298020417489
SLC52A3,0.06439419708712961
UFL1,0.06430112241484807
WDR13,0.06429339826933107
LINC02547,0.06427993171803677
TMEM144,0.06421772570957644
SNX12,0.06421382927023223
ARMC8,0.06416642186314735
NECAP2,0.06415742440842341
HPF1,0.06414498439918871
FCRL4,0.06414212935664863
PET117,0.06413695236531955
APOM,0.06399934327324053
FPGS,0.06399080589040347
EIF3CL,0.06395360800134184
CCDC68,0.06393021191937878
HSPA5,0.06392708132004053
PARL,0.06383445143526537
WNT3A,0.06381683715468131
SCARB1,0.06375891336330822
GAREM1,0.06374616626471027
SRPK3,0.06370297095141299
NDUFAF6,0.06369292947149838
FNDC5,0.0636461663552614
RBM39,0.06362284769083146
MFSD5,0.06361794217601431
NOL10,0.06358945810134901
AMD1,0.06358473142839892
RTTN,0.0635379899664408
NAPG,0.06350766967571776
RNF151,0.06342925616075387
GJD4,0.06337694437213437
ZNF398,0.06335974938875978
ZDHHC8,0.06335453183048582
ZSWIM1,0.06326022390242604
PP2D1,0.06323723666483301
ANXA2,0.06321622745645299
SOD2-OT1,0.06320503642410018
ELMO3,0.0631999137779991
GLRX5,0.06318587837720585
WEE1,0.06317041101845283
LINC01932,0.06315623752774108
ZNF646,0.06315453162625041
OPRL1,0.06313054477259161
HNRNPA1L2,0.06310636408624203
ZNF343,0.06310404099409805
TMED4,0.06298839712795185
PTPN20,0.06296511785672192
CPN1,0.06295387608057672
SLC25A35,0.06293945036618363
TBX5,0.06289774845068673
ABITRAM,0.06285904792580498
SLC51A,0.0628514930193521
PLCH2,0.06278429168021454
KDM4A,0.06275676344708737
DERL1,0.06275631125363054
CACUL1,0.06274067056575425
SLIT1,0.06274039477662723
SH3GL1,0.06271618632154947
ETHE1,0.06262630565465685
LINC02427,0.0625890381518038
ARL11,0.06258183349356107
VPS45,0.06250295326521979
GHRHR,0.06248097127642902
LIX1,0.06246553691808317
RBM4,0.06245109654585204
PRLR,0.062417803195963704
MSANTD3,0.06239996722709922
PPP2R5E,0.06239338478455781
GIN1,0.06233974817089455
PDE2A,0.062314545461051675
B4GALT3,0.062301870550513665
PUM1,0.062295158052916993
NSRP1,0.06222909396211729
C6orf120,0.06218240091417168
TMEM91,0.062179371625174985
AP2A2,0.06214939103449152
XRN2,0.062141526509911435
C20orf202,0.06210710126270524
FER1L5,0.0620822865742526
SPIC,0.062004182406813324
DERL2,0.06191620547964137
MPHOSPH10,0.06189833581727559
FERMT1,0.06188691728845076
TRERNA1,0.061865671638957
NPIPB12,0.06182346633001802
CWF19L1,0.06181391058576935
ABCC3,0.061801642477751696
CNP,0.061747543597058266
TPP1,0.0617285505338614
CASTOR1,0.061717729284223775
EEF2KMT,0.061717220769519555
YWHAE,0.06171098606721425
FAM106A,0.0616419143225264
HECW2,0.06159282572526516
CSNK2A3,0.061566707581070065
ITGB4,0.061554103427727345
HAVCR1,0.061537503264039936
PIGU,0.06144604347342311
PWWP3B,0.06144013611923096
DYNLT3,0.06143469731656213
PSG1,0.06141640896655447
KALRN,0.061376839102988134
PIEZO1,0.06135787455357696
FOXN2,0.06132395830217227
H2AC7,0.06129643949334231
DELEC1,0.06127019101363704
TGFBRAP1,0.061212481188935144
PGM5P3-AS1,0.061174121853999196
S1PR5,0.061066040118030976
RNF14,0.06106297150334573
KRT83,0.06097340267710289
SERPINB10,0.060958487725037355
LINC02265,0.06095696843278749
TRAPPC10,0.06093457872164799
CERNA1,0.060925865322336265
FAF1,0.060921503627140786
NOP58,0.060881111713851535
MARCKSL1,0.06085482179748836
CNN2,0.06080667657269386
AFG1L,0.060802346216565634
TDRD10,0.0607504965456999
FRG2B,0.060737201669652366
SLC39A7,0.060709169569141644
KMT5A,0.060708716834765794
ADCYAP1R1,0.0606427861836678
BPNT1,0.06063882067699609
SDC4,0.060554073325730755
NPR3,0.06053275871111087
NPIPA2,0.060514653673526965
ARID3B,0.06050335557485446
C5AR2,0.06045383000112392
CASKIN2,0.06044511710599036
ZNF547,0.06041525179689583
SLC22A16,0.06034246351841791
NOL9,0.06033180459295318
TTN-AS1,0.06032628585644489
F2RL1,0.06031020000525988
KLHL34,0.06029085961562393
SLC28A2,0.06026096685460007
APOBEC2,0.060143867475668876
TAX1BP1,0.060129801139185826
STUM,0.06012560555465485
GORAB-AS1,0.06004162846051169
CCDC6,0.06003903377876578
DOK4,0.0599876239999813
HOXD-AS2,0.05985889528652175
NCOR2,0.05985307550524051
TRMT10A,0.0598477847450739
EIF1,0.059758704728716985
SHISA6,0.05971136175029837
LINC01352,0.059667653064056636
SCP2,0.059613791631414455
RPRD1B,0.05955795337105985
PI4K2B,0.059557001680128015
ALAS1,0.05950829946066299
NAPSA,0.05948668514156799
FFAR1,0.0594429509215645
U2AF1,0.05943049564843611
MIEF1,0.059426247227829694
CPA2,0.05942240829908951
IL1RAPL1,0.05937369192449045
CDH20,0.05931966165425121
HSPB2,0.059313562799191796
TMEM115,0.05930137281898746
SMARCD1,0.05919721429766658
MYT1,0.05918487330717226
RBP1,0.059164022858981154
PAWR,0.059068272338377664
LINC02601,0.05906025733253084
SNTG2-AS1,0.05901869965698614
EMC1,0.059010358900070954
PCNT,0.058894663609119186
NUDCD2,0.05886613501993887
CENPP,0.05881539102576538
PI4KA,0.058803472326214606
CARD14,0.05877453118068791
C5orf24,0.05875824395296336
SMG7-AS1,0.058753602092138896
SOST,0.058739787605668226
DPP9,0.05872141491253525
DHRS7C,0.05864550438848223
GK-AS1,0.05856682351805944
RFX5-AS1,0.05853732491050315
HRH4,0.058534041699076
TMEM230,0.058524067106165506
PPP4R2,0.058513480335122076
MAP2,0.05846567559077741
CHCHD3,0.05845287837092896
KCNB1,0.05844253993065343
ANTKMT,0.058359507772491756
AKAP8,0.05834667565905318
SSB,0.05833237249687896
MARK2,0.05831662034881771
SPATA2L,0.05828484901524744
BRD7,0.058196840361866044
TLE6,0.0581847937274609
PRPF40B,0.05814378145528521
POLR2E,0.05798500194126393
C3orf49,0.05798077938886452
SLC13A4,0.057951381889269085
RAB2A,0.05794704249534399
MED15,0.05787640969684947
LINC01724,0.05786543589877107
CAPN10,0.057855879006683236
TP53INP2,0.057835505000234065
LINC00623,0.05783362588600371
HM13-AS1,0.05768824907387601
EPOP,0.05763876677962067
GALNT18,0.05763800143666392
ORM2,0.05762723652925428
CHMP4C,0.05762690837630782
C10orf143,0.057605490448271644
TRMO,0.05760407157890516
NAGPA,0.05756587681025178
KIF25,0.05755321700365358
RFX1,0.05755253748277001
OXCT1,0.05746132051803572
LINC01284,0.05737300711168746
LSM6,0.05737170649096648
PHAX,0.057358535525938836
KRT3,0.05731788334696768
LINC01762,0.05730135688175208
TEF,0.05729123044861706
ICAM5,0.05723338251502763
TLE3,0.05722632269910435
BIN3,0.05721378045588628
SSBP3,0.057205290722297464
OR52I1,0.05719781202284216
PER3,0.05718774485498139
WBP2,0.057182456625544484
TRIM9,0.05718167699181861
TTPAL,0.057178092393311945
ERC1,0.05717407068694525
BNIP3,0.057169426419449824
CXCL16,0.057153176641983834
SNAP91,0.057145235335782224
PAICS,0.057113356385546876
TOB1-AS1,0.057100878499332285
MRFAP1L1,0.057042229359302164
LIVAR,0.0570023883464514
DNAJA1,0.05698121110036437
KRTAP4-8,0.056953356340194224
NSMF,0.056936429737479845
TOE1,0.05692909639857402
ST7L,0.05689939741707724
SYCP1,0.05686155400180365
SERAC1,0.05683095663774199
CDIPT,0.05681756018941591
CYP1B1-AS1,0.05675040842021821
PTCRA,0.0566521265566141
ARPC4,0.05664381167660218
ERBB2,0.05649812760091324
GJB3,0.05648419166254445
BACH1-AS1,0.05646216267989213
MAP3K5-AS1,0.05641115209717981
ASF1A,0.056383356391198416
CLEC2B,0.056348635780262994
HNRNPA2B1,0.056341144997926196
CHASERR,0.05634067818185827
UFSP1,0.056329538128164096
MMP25-AS1,0.0562879741277889
PGM2,0.05625510159009869
JAG1,0.05622316831914664
KIAA0513,0.056149045152399484
AASDHPPT,0.0560839830048284
MIGA1,0.05603351384685928
HIGD2A,0.05602690258664455
GTF2H3,0.05602611444423003
LINC02610,0.05594784336881863
SLC20A2,0.055926147865711984
MPC1,0.05589632364166032
RCE1,0.05589490228239668
EML5,0.05581286968875023
LINC00326,0.055797027653924844
TMPRSS5,0.05571429183630328
PITPNM2-AS1,0.055687829932961994
FUT1,0.05557182864301101
INPP5B,0.0555516105037441
OIP5-AS1,0.05547722383559998
CAMK2D,0.05547475312898925
MYH13,0.05547156786122759
PDC,0.05546725064907998
IMMT,0.055441235019346925
NFE2,0.055419553043178665
PSMC2,0.05526534729361819
LINC00278,0.05525851513193806
LMBR1L,0.05525134037823447
WDR91,0.05522166523141443
FOXO4,0.055210745565229744
ARL10,0.05510248440780586
DCAF13,0.05507735775040896
PLEC,0.05507535577597928
RGPD6,0.05501497921899221
GPA33,0.0550066255636826
DNAI4,0.05499418259341553
BCL2L12,0.054946854433652485
UBLCP1,0.05491845206825477
UBE2C,0.05491496707469212
HEIH,0.05489000434580772
IPPK,0.05487927552892325
ZNF746,0.05487606487021872
CRTC3,0.05486356738437561
SP6,0.05486240203487301
UPF1,0.05478848156992885
SUSD5,0.05476742201022655
TMEM72-AS1,0.05475728972606027
SPATA32,0.05466966437914801
MAT1A,0.054667704266219835
TECPR2,0.05456199498397375
ZNF98,0.05456179238330885
RPA3,0.054553281161995926
LINC00907,0.05454134288152032
PEDS1,0.05450940629375338
OFD1,0.054492225150909575
ZNHIT1,0.05441483683339638
PCDHB16,0.05438946368972725
FAM174A,0.05436142715135728
HCAR1,0.054310419732235125
C2orf69,0.05428352743060824
ATP1B3,0.05422515655335417
INSL3,0.054174577634246705
SLC6A20,0.05416554636487926
NDUFAF5,0.05414841890765748
EDN2,0.054110889681371566
SOHLH2,0.05409785187018307
RIPK3,0.05407839278805741
GUCY2D,0.05400135591365792
CDC20,0.05399191329526637
LINC02701,0.053928144564133786
FNDC11,0.05392104980363271
PNPLA2,0.05389929800386487
TPMT,0.05384658410627419
PSMD10,0.053836253730192664
TMEM232,0.05380595263654211
NEIL2,0.053804073458514796
RAB4B,0.053730217794787614
B3GALT4,0.05364819928804881
LINC01829,0.053633118589033746
WDR3,0.053613120431908835
SAMD4B,0.053610388483776195
ADGRB3,0.05356434034897884
RIOK3,0.0535365551094224
TMEM151B,0.053509766080580716
HSDL2,0.0535090121178748
SDK2,0.05350424823202437
MTCH1,0.05341676659382285
CRLS1,0.05340780446090038
ANK2-AS1,0.053385686274227094
LINC02522,0.05332861757171952
TPD52L2,0.053316433245302164
METTL6,0.053291673311281484
GATAD2A,0.05328545698217988
PIP4P1,0.05320193601111039
NFX1,0.05319442567723492
TCEAL4,0.05318059084184654
LRAT,0.05317279797359882
ROR1,0.05315879322887422
LINC01800,0.05307176702686794
PLEKHM2,0.05304258587114326
GDE1,0.05304030837264204
INMT,0.05303185773667323
PRKAR2B-AS1,0.052985449624458426
ATG5,0.052925799316819
ATP2B2,0.052924808673160545
UBN1,0.052894245140729004
FAT1,0.05288711266135246
LHB,0.05288172390397993
AREL1,0.052823551750646666
OR52K1,0.05281034726285018
NHEJ1,0.0527497021698194
GLI1,0.0527438622543855
AHCY,0.05274383354868201
LSM11,0.05263311877486546
TRIM35,0.05258088187617521
ACADL,0.05255873736420035
OR3A2,0.05255844957511378
SAFB2,0.052492654142559846
SCYL1,0.052454683903568514
UBAP2,0.05235524027214307
CORO6,0.05232805983234291
DOLK,0.052258367535738176
CDH22,0.05220396033462316
LINC00506,0.05219905539378146
ZNF574,0.052164061326750714
SAT2,0.05215534234793521
ZCCHC7,0.05214230443402065
C17orf50,0.052135087767809236
ATP5F1A,0.05213251694767855
ZSWIM8,0.05207486826354456
BEAN1-AS1,0.052072157508585654
ABCB7,0.052053694927936156
BAX,0.052022894050666235
BEGAIN,0.052018153332863956
MAP3K15,0.051988308204892204
SEC23A-AS1,0.05192762844813756
VAPB,0.05190066981717637
TIGD2,0.05189639060226284
FBXL18,0.05180711586193877
G6PD,0.05178497995134974
LINC01983,0.05175520433720797
NHLH1,0.051676978120825404
KRT72,0.05166842288985681
TMEM167B,0.05165858368296992
CACTIN,0.051654599624377684
CISD3,0.0515999284854291
SAR1B,0.05159626934074267
TBK1,0.05159051229304421
NAXD,0.051575747890809875
MED21,0.05154580236384456
PTPRR,0.051431771505049045
OSBPL5,0.051407639627535744
ZEB1-AS1,0.05136902116962512
CCL7,0.05135884895017501
IRGM,0.05134370620129537
EGLN3,0.05132456672364676
ASIC4,0.0513181353089733
TRPC4,0.051269853712913045
IFI27L2,0.0512651634310354
AP3M1,0.051237560103240466
SPR,0.051223957458047344
CZIB,0.05116626072637363
RTL5,0.0511513271950533
ANKRD20A4P,0.05107827643839018
PIGH,0.051041761852193786
TBC1D26,0.05103413946428765
BRCC3,0.051027592826340604
ERAS,0.05100677028241554
SDHA,0.05093665611114463
RXRA,0.050883591864103024
LINC02728,0.0508742315777616
RAB7A,0.050816335068401296
TREML1,0.05070105728677633
HDAC5,0.05069706300284482
STX19,0.050686016149127835
HOMER1,0.050630205937422894
PDK2,0.05061110530099918
GPR82,0.05059464376961541
RNF212,0.05056368388614148
KCTD5,0.05050288597244174
FITM1,0.050501979087631974
LACTB2,0.0504884107452578
ITGB1-DT,0.05045771088119315
ZNF777,0.050443807239968275
ZC3H15,0.050406983746085376
LINC01763,0.05038060821989153
EXTL3-AS1,0.05037980823983151
LINC02646,0.05035130611324705
ISG15,0.05029025890813142
TMEM212,0.05025966567866149
OTX2-AS1,0.050240371322730876
HIRIP3,0.05017294950902459
PHPT1,0.050161669573349194
RP1L1,0.050149931617659474
MID1IP1,0.05013017008340661
MAB21L2,0.05008462094716161
IGSF21,0.050068084301609785
VSTM1,0.050026710327542016
NAALADL1,0.050008812016792845
EFHC2,0.05000041909800087
TRMU,0.049986308922261344
SMARCD2,0.04997917989799488
DAPK1-IT1,0.0499657543179175
USF1,0.049958896877361304
TMEM64,0.04992326776086581
CCDC25,0.04990863520111185
LINC01095,0.04985742828470476
AR,0.04985477939496089
KDSR,0.049765305682369525
DNAAF1,0.049764400726706834
ADAMTSL1,0.04976163131457241
LINC00635,0.049750858827921185
NRAD1,0.04973730599935732
RORB-AS1,0.049732268361181615
RASD1,0.0497246114891147
HTR1F,0.049703123539301106
GALR2,0.049696384104636775
PTRH2,0.04967744432460584
ISLR2,0.049641846545873405
VPS26C,0.04961282425462677
HTATSF1,0.04956945918302399
ATL2,0.04955063373693145
HCRT,0.04952543062513159
SLC25A2,0.049523622918981894
SCGB1B2P,0.049447323317013514
MLST8,0.04943495939879973
SYNGR4,0.049422134930419685
CHRM1,0.049417851216883815
CPNE9,0.049410916143930124
PSEN2,0.049353401454404734
NBDY,0.04931094074767881
C10orf105,0.04927241922538395
ACCS,0.04926917955145986
INSL6,0.04923100244497441
PKD1,0.049194737799584304
ROR1-AS1,0.04916888575541132
NOL11,0.049105437255028486
SAA4,0.04906056243992807
PFKL,0.048997491421175626
ZNF676,0.048959191307483066
PRDM8,0.048914763357939706
ADAT3,0.04880885651739197
MEGF11,0.048796612769158754
HTR6,0.04879142330786461
MTF1,0.048789741637447225
POLR3F,0.04876405346551593
TMCO1,0.04874416041518791
TMEM65,0.04866183984108375
SRGAP1,0.04865968564267052
NPIPB9,0.04860645500644589
GART,0.04856197691480582
PLB1,0.04854959239079783
SSR1,0.04850302885780735
TERC,0.048468567665098126
ZFAND2A,0.048428820938738806
IL13RA2,0.04840439900474125
SLC25A47,0.04839753183353082
CYP24A1,0.04835521981459499
VRTN,0.048344937744985605
RCC1,0.04832647589754226
FAF2,0.04831826674736329
SH3YL1,0.04828146669748964
AARS2,0.04824720848024422
TRMT1,0.04819176294334748
SRD5A3-AS1,0.0481780934903539
LINGO1,0.048101642142396005
PDE4A,0.0480997463424174
PDHX,0.048072703823649025
BEAN1,0.04805908658650409
PSMD5,0.04803771644043103
MAGEA3,0.04802929030104271
C1orf226,0.04802172455550545
LINC02574,0.04798980805928868
RING1,0.04796264227597164
ABCA8,0.04794614514629333
TRMT2A,0.04794549646626584
NAP1L5,0.04790153137411703
PITPNA-AS1,0.04788286796505772
MYL5,0.04785637081808375
KCTD21,0.04781916984643741
VAV3-AS1,0.04778705924709512
GBX2,0.04776329514467853
DR1,0.047738533647145864
MGME1,0.04773467019612069
ARPP19,0.04767927082872238
CIDEC,0.047665342265428706
AGBL3,0.04764603109961185
SLC25A13,0.0476105082764647
LINC00691,0.04759984124442929
SERTAD1,0.04759822178526695
BLVRA,0.047574362199486506
CDC42EP5,0.047499005968205395
SNRPD1,0.047497639585958575
GGCX,0.0474659890776564
PSPC1-AS2,0.04744961375766657
AGXT,0.04743454982284597
CFAP221,0.04730687240819243
POLE3,0.04729519159619041
RGS17,0.04729023340892277
NUTM2A,0.04728858617970516
GBX1,0.04727557281165265
C19orf67,0.047241966019142455
RGS12,0.047204728543112
KLHL18,0.047074850038043896
PRDM10,0.04707407247324728
ADGRD1-AS1,0.04707215984668905
TEX2,0.047039592652983034
PABPC4L,0.046985879757729096
KISS1,0.04693602128559592
ABRACL,0.04690036115087006
BPIFB4,0.04689104923467952
CRAT37,0.046878681651992334
F10,0.04685877965895955
GRK4,0.046853692214596496
HMOX2,0.04685280041426645
C14orf39,0.04671891734464383
MUCL3,0.04671758474807649
UGT2A1,0.04670949423202991
HAMP,0.046709394240157014
RNF167,0.04667583413936645
LINC01634,0.04663290765172361
ERMAP,0.04661932787989817
EXTL1,0.04659092725279853
CRTAC1,0.04658332306725327
C16orf86,0.04657373284002968
LINC02615,0.046509909468326546
QDPR,0.04649535788827349
OGFR,0.04649139308061449
ACYP1,0.04646148123876638
LINC01149,0.04642576172404916
LTBR,0.04639940821150145
LINC01825,0.046391621615900276
FAM8A1,0.04633381589922093
LINC02456,0.04633195138480334
PNO1,0.046331896378245564
EDRF1-DT,0.04632589936856673
NXNL2,0.04630460354831917
SLC22A31,0.046303074493099526
C9orf50,0.046210639401640594
CTSE,0.04615068166655434
LIME1,0.04613761640245326
SYCE2,0.04611202855232273
ZNF106,0.04608988917311432
WDR25,0.04608273047829327
OTOGL,0.046073133698463935
TCFL5,0.04568453198085836
PEX13,0.04563364359826263
HENMT1,0.04562186755256357
TEX54,0.04560040287300805
RSPO4,0.04551486854099146
FBXL19,0.04548434565921669
PAQR7,0.0454817540192657
SMNDC1,0.04546664459165105
PRKCD,0.04546116286678088
RMDN3,0.04542928380671076
DDX42,0.0454283138857157
C11orf98,0.04542130732596332
TRGV9,0.04540888774574403
NARS1,0.04538827894584769
GPHA2,0.045353485297493404
FAT2,0.045325439449196224
LINC01297,0.045303578985100915
ISM1,0.04521943040399454
OGFOD1,0.045213804143958626
WNT16,0.045070271735785844
MAPK3,0.0450702125007795
PRKCH,0.04504080518756357
RAD21-AS1,0.04502404034727159
SLC12A3,0.0450117533483804
TMEM213,0.044987099467229764
TAF11,0.04497241849072974
PPARD,0.0449551312962672
JUN,0.04494507268712425
CLPS,0.04494386458969412
LRIG3,0.04492758498530245
DIRAS3,0.04492676990670038
NANOG,0.044914159809530195
SLC24A4,0.04489302106089717
ELOVL1,0.04485113664672306
MSRB2,0.044832492576177635
ACAT1,0.04477293008905441
BACH1-IT1,0.04473192182309482
LRFN3,0.04472408016558221
NXF1,0.04471540227126407
CIAO1,0.044693631414135626
YWHAQ,0.044677161087174525
RPAP3,0.044659533233426606
C15orf39,0.04463540399924918
PSTPIP2,0.04460262995101455
CBLN1,0.044596947146565064
RRP12,0.04459148991118528
NAMA,0.044512290597052764
ZDHHC12,0.04450076904361969
CHST8,0.04443454010593439
USP35,0.04440224777805295
LINC01719,0.04434730585447309
LINC00323,0.04433351695557485
LINC01465,0.04427313419250829
MYO16,0.04422388333734434
GABRD,0.04418875741435672
EYA3,0.04418588002094912
LINC01970,0.04414958227408439
LINC02700,0.04414477267280468
LINC01979,0.04411259000048196
RGS8,0.04405197495787911
COPS4,0.04397984436876853
SNRPE,0.043967708597715593
KCNIP2-AS1,0.043957429177751806
TMEM256,0.04395481391748281
SPOPL,0.0439392048974927
HSPBAP1,0.04393191481913244
LINC01909,0.043896431850716996
DDX1,0.04388321057055561
TTC39A-AS1,0.04383853417128067
LINC01320,0.04383851293844157
PCBP2-OT1,0.043761389378102006
GDF9,0.04374626562759486
LINC02334,0.043673732475614103
EPX,0.04358494768947327
SET,0.04355140257408482
PCDH17,0.0434647466901602
DUS2,0.04343602157428984
EXOSC2,0.04336053290686011
ZNF502,0.043303284781755276
PPP4R1-AS1,0.04318441906707485
CYB561D2,0.043127552409277424
OVCH1,0.04306699510929223
CAPN15,0.04306191559403468
OAZ3,0.04304238055524595
ADRA1B,0.04302318038851911
BOK,0.04300842522561268
ANKRD54,0.042998750615648056
NDRG3,0.04293958276064633
HORMAD2,0.042888090361680425
JMJD6,0.04288618878620245
AASDH,0.04283272274458297
PGPEP1L,0.042818008522962955
LINC01338,0.042812823548086014
KAT14,0.04270296418477782
HSD17B1,0.042681493262943015
ERCC1,0.042659574935096214
ZNF382,0.04265078451044108
KCNMA1-AS1,0.04255998324220546
SNHG19,0.042499601677454646
POLR2J,0.042471581297505646
CHAT,0.04246146001535413
C19orf25,0.0424553529779336
ENOX2,0.04236822858856876
SLC35E4,0.04232667260867068
SCN7A,0.042305221308947254
DNAH17,0.042250694594359116
CLN8,0.04220965076547532
E4F1,0.042157172713976544
SCAMP2,0.042149717049622185
EP300,0.042147487837509094
NOMO3,0.04213596918784812
F2,0.04211808557524978
TRAPPC13,0.04210788238401494
FCRLB,0.042106685367526216
ILF3-DT,0.04207155478988602
LRRC36,0.042064675661478486
TUBB3,0.04203394513455136
LINC00852,0.042007497597426724
LINC00880,0.04198563018481407
LINC01270,0.0419414379665682
ZNF596,0.041938033306575376
CXCL5,0.0419035441665412
SCART1,0.041845742320297134
LINC00942,0.04182758107778141
RRS1,0.04180839139070316
NAALAD2,0.04176874208613587
DUSP23,0.04176679214305167
CACFD1,0.041739460721288466
CELA3B,0.04172892682683927
DISC1-IT1,0.04172865901195978
CMPK1,0.041692506121306316
CXCL1,0.04166805138406024
RAC1,0.041650608423766375
PLA2G2C,0.041622737974747685
ACKR1,0.04162033169114319
LINC01679,0.041611246248587995
CXCL3,0.04158690485405985
SFXN1,0.04153346950180596
EPS8L3,0.04151658377359351
GRIK4,0.041515581576482705
RIPOR1,0.04145142759438506
API5,0.041404795067577285
SLC1A7,0.041369884018129
MTHFD1,0.04134036960409849
ACAP2-IT1,0.04131774598316923
TMBIM6,0.04130689763499269
RC3H1-IT1,0.04130039213128389
PGLYRP2,0.041293156319814554
HECTD3,0.041275873033091916
RASSF10,0.041193535779708725
FRGCA,0.04114852583977522
TASP1,0.04108183170734297
GNL2,0.0410712428972436
ZCCHC18,0.04097121577142148
ANAPC16,0.04096097967833559
MCPH1-AS1,0.04092339352346728
GTF2H1,0.040897883563542736
EEFSEC,0.040860607013515
MAJIN,0.040794036723809504
TNFRSF11B,0.04077468906247996
PEX11B,0.04076472579022066
LINC02506,0.04076007845514796
SHOC1,0.04074720192583433
ZNF219,0.04067831521585957
TMEM151A,0.04064867361753338
STIM1-AS1,0.0406167268062344
TSACC,0.0406008311563982
POLR3GL,0.04060063271758811
CCDC116,0.040553016244903636
BIRC7,0.040537678749261154
LINC01960,0.040537532275121684
RRH,0.04051490573750705
ZNF16,0.040484923524875344
CTDNEP1,0.04042516804139373
NMRK1,0.04040825641233604
CLEC4F,0.040403776793130536
CCDC9,0.04039333401341799
S100A10,0.040357356023830934
LINC02251,0.040357294405793144
PLD5,0.040348383661453026
CCDC92B,0.04028715282077141
CYP2F1,0.04022674913442297
ZNRF2,0.040206409184783076
GATC,0.04020501397845886
FRMPD3,0.04014769844601029
TTLL1-AS1,0.04012658305211825
WDTC1,0.040109575014697765
H2AP,0.04010438299303466
MTX3,0.04007748577110409
CCDC27,0.04004429817784904
DYNC1LI1,0.04004012464622722
NMUR1,0.040008267392716734
PLXNB2,0.039979849353004235
RABGAP1L-DT,0.03994882173810832
ATP6V1H,0.039888800998650185
LIPE,0.03981322097840736
LINC02208,0.03980556954913187
UBE2B,0.03979766169826291
NGRN,0.03976744629759005
PM20D1,0.03976484172970646
SRRM2,0.03974755324797805
FGF8,0.03969444388095081
CNBD2,0.03966131943222983
NARF,0.03961899215984274
GRM5,0.03958807158961746
C2-AS1,0.03957926300386929
TGS1,0.03953389569041082
FZD4-DT,0.039532530350308084
CMIP,0.03952452832945396
DNAJC28,0.0395217656373505
SPATA8,0.039444933963604996
PLGRKT,0.03937657950603002
RAMACL,0.039368803926909814
CACNB3,0.03929967092666507
PHF5A,0.0392935379304293
CPEB1-AS1,0.03929027487622131
RITA1,0.03921481392809648
TSC22D4,0.0392141121533343
AKAP14,0.03916832520488749
MAPKAP1,0.03915566270051708
PRRT2,0.03911251783291951
TNS1-AS1,0.03908778179881768
LINC01354,0.03907737715754574
SRARP,0.039075864083038224
P2RX2,0.039069966038634975
RAB30-DT,0.03906818038214618
BLVRB,0.03906573265373761
NOLC1,0.03904085722559917
FDXACB1,0.03901787362925254
BTNL8,0.03894966757322585
MUC12-AS1,0.038947215231340156
ME1,0.03894627657705699
MTSS2,0.038924241664611774
AKAP17A,0.03891777766600137
ATCAY,0.03887163330310198
MYCNOS,0.03882263689513383
ECE2,0.0388107056593265
ZW10,0.03880840033856183
IGLL1,0.03876173291775966
RIPK4,0.03864790447047712
L3MBTL4-AS1,0.03864765460114831
IFRD1,0.038611837549028305
MINDY1,0.03860855557786451
NUDT18,0.03857188748037322
HOTAIRM1,0.03852879173431169
NFIA-AS2,0.03852362306132595
MTHFR,0.03845821220871511
LYRM1,0.03844620180213039
OPA3,0.03836942441981386
ANKRD42,0.03835109044770089
IFNB1,0.038306952082530724
ENOX1,0.03826748404067679
GGA1,0.038260507372983095
GATA2-AS1,0.038242048264220445
RMND1,0.0381898920201751
LINC00621,0.03818255208789887
MICAL3,0.03812560315011481
HOMER3,0.038109377266143066
RRP1B,0.038036559838896374
CAMP,0.038018792403148205
ARL16,0.03801731190423953
LTA4H,0.03800631414934147
HNRNPR,0.03799505957540674
LINC01426,0.037935752147660144
LINC01509,0.03793479618604737
IFT46,0.03791471619405611
RHOC,0.03788930436070265
SHMT2,0.037877551525713135
TDP2,0.03785081969773704
CDCP1,0.037709832254559816
SERPINC1,0.03769741815277986
RAB9A,0.037667694582001886
THG1L,0.03762210010098871
RNF214,0.03761608626866829
TMLHE-AS1,0.03751958067936258
RANBP3L,0.0375069415904218
FAM199X,0.037485020145781846
CLPP,0.037482491383367934
PRKCG,0.03738326815697953
KCNAB1,0.0373792145878697
TFAP2E-AS1,0.03734694642991285
LINC00877,0.03718229352338765
LIX1-AS1,0.037153887978219016
FTO,0.03712160378125377
C11orf58,0.03710941178558333
SEPTIN4,0.037085009903571636
XPNPEP1,0.03698084435101724
THUMPD3,0.036973744350877635
FALEC,0.03692099431574423
HEXD-IT1,0.03689077978085465
SPEGNB,0.036889038450546446
VAT1L,0.03686528448842225
TFAP2D,0.03681793301172569
HMX2,0.03680980509319067
WDR41,0.036809516488905014
CDC42,0.036649934637906674
ZG16B,0.03664211458440163
ZSCAN23,0.03663965153690457
SLC7A5,0.036602084133647766
LINC01391,0.03659230697527144
AGPAT3,0.03656904648316825
DINOL,0.03653389986307546
LAMC2,0.036487355811106965
NPY1R,0.036482012420871346
FUCA2,0.03647791113699577
H2AC11,0.036474394564619345
AP5M1,0.03631134620463655
IER3,0.0363058787053304
SAG,0.036284836819579655
CYB5D1,0.03625694849224054
ENTPD6,0.03624080074068
PSME1,0.03623520182324817
COA7,0.036214850374008026
TIMM10B,0.03614240800168889
LGALS8-AS1,0.036107644204159434
PCSK7,0.036087741878030655
DDX25,0.03608349495825616
GGA3,0.03604789528511948
LRRC74A,0.03604750851788505
MAFA-AS1,0.036047115888704406
DENR,0.03603083313815247
LINC01506,0.036015449205214226
DGKB,0.03601008375630934
PDE1C,0.03600238804533075
TICAM1,0.03595945739429584
TMEM258,0.035938381905214326
GAD2,0.035847668589770745
UCHL3,0.03584474100789777
ARG1,0.035835514863356975
CD151,0.03581815842376512
TUBA1C,0.03581524326578161
ATP1A1,0.03578410964333796
ANKRD52,0.03576611630970578
TPRA1,0.035761712380043796
COL4A6,0.035702580560958
HNF1B,0.035693061702000296
TOMM22,0.03567994722616057
CHAD,0.035555553663742884
UCKL1-AS1,0.03553722718211444
LINC02798,0.035535958874484304
RAB11B-AS1,0.03553280536437941
PNPT1,0.03551309462329139
GRIK5,0.03538624575884412
LINC00636,0.03534875205622177
C2orf66,0.03532503944124061
BTBD9,0.03526900361750938
SPSB2,0.035237952093132456
CFAP206,0.03523482382699303
SDF4,0.035164841032901635
LINC01266,0.03512821266713884
LIMK2,0.035066436915743286
LINC00311,0.03502250155677537
BABAM1,0.03498441520959948
PLCB3,0.03496620219337303
ZBTB11-AS1,0.03494784278330742
DCDC2C,0.03493400123454956
SPATA19,0.03492614551341525
OPRK1,0.03491373108755127
LINC01888,0.03490767551525573
AGTRAP,0.034864997738107
SLC9A7,0.03485840425246683
SACS-AS1,0.03484554358245378
PTPRN,0.03481819279966324
PPM1K-DT,0.03481381751419783
ACER3,0.0347317829246446
MDH1,0.03466983807002773
LYPLA1,0.03464710796753348
PDE1A,0.03462833889437316
MAGEA9,0.03461896737270976
SEPTIN9-DT,0.03460405890628518
UBE2K,0.0345535136441235
FAM237B,0.03449158968525974
ELN,0.03447989869645727
TNFRSF8,0.03445935449932955
FNDC10,0.034425899985427694
GCSAM,0.03434944635823229
TBX5-AS1,0.03434376121828211
PLCG1,0.034335894652610485
MYBPC3,0.03432974409639764
LINC02048,0.03428574862764799
HINT2,0.03427134775454513
BORCS7,0.034261867857161704
LINC01543,0.03425834441861719
CHRNG,0.034222077416821775
DALRD3,0.034204331151403734
SLC6A12,0.03420329032351108
FRMD8,0.03420179718453287
ZMYM6,0.034149361226678485
VWA8,0.034147840917139696
METTL17,0.03412381587321018
PCDHGB1,0.034103586459735054
PKIA,0.03406862911915543
DNASE1L1,0.03406464763824057
EPRS1,0.0340464286710946
MORN5,0.03388165641805843
ZNF655,0.033837238529350784
HCG22,0.033784888281105055
NUMA1,0.03376949290824245
KCTD17,0.03372992975155712
BGLAP,0.03370012813593381
DNPH1,0.03369224528639062
ETFDH,0.03366520032558492
SLC23A2,0.033576390446441264
TAS2R50,0.033480552398080655
CLCNKB,0.03343974191909993
CUEDC2,0.03341294909333258
TNFSF10,0.033379538002390456
SRPRB,0.033379405422835955
BBOF1,0.033279660651363195
GPR88,0.0332643348030265
VPS11,0.03324858761119225
TEX29,0.03322165638844912
ULBP2,0.03321932809712369
PLAC8L1,0.03319378381538068
FOLR1,0.03317133472749431
OR2AG1,0.033129128356632294
RNF40,0.033108076620616975
NANS,0.0330316249436116
CS,0.033028497785307045
RALGPS2,0.03300238146323605
DPH5,0.03297682547261419
PLCG1-AS1,0.03297200927186386
TNPO3,0.03295439762941978
SLX4,0.03291513449343208
TIPRL,0.032909711636100986
HTN1,0.032905582811108586
THRB-IT1,0.03283858478372601
NUPR1,0.032786565438165986
DHX32,0.03278140002930157
MAN2A1-DT,0.03274225945912476
MED7,0.032692782113140605
H2AC19,0.03268966789991586
FAM76B,0.03262292760244018
LDHAL6A,0.03254528850189764
VWA7,0.032508685618260015
GSTT2B,0.032508626091046024
CAMK1G,0.032508380466304096
RBM45,0.03250325339964196
TAF12,0.03250053441664945
LINC00536,0.03248457643966652
LSM1,0.03246598549551948
ATG101,0.03243754120083911
TMSB10,0.03235293618956551
LINC02671,0.032325319204350014
MPP7-DT,0.032321522709289674
PHB2,0.032282072946029465
LPIN3,0.032254510134481475
GRM5-AS1,0.03223436881059572
TENT5A,0.032217233442309534
LINC01623,0.03216184211723546
POLD4,0.03206338301554881
SAE1,0.032042762040245865
PAX7,0.03203810036560136
KAT6B,0.03201233451034706
PEX7,0.031965198589912945
MYLK4,0.03196070789540158
ILVBL,0.031949759016090845
GABRB2,0.03192654792550049
EEF1AKMT1,0.031911929899570875
LMNTD1,0.03181154136143936
ENSA,0.031737584917288196
INO80,0.03168691355795714
TRAV24,0.031573944177436745
LIN7B,0.031563386971839066
DPPA4,0.0315127693657992
EXOC3L2,0.03148758897814438
OST4,0.031466627722744236
CIAO2A,0.03140434316313527
SLC10A1,0.03138285007596211
HP1BP3,0.03135206279435171
NELFCD,0.031311587664053876
GK-IT1,0.031292017335459485
SORL1,0.031290861517481255
C10orf95,0.03128033306964696
ZSWIM7,0.0312458307543374
PLIN4,0.031229878779457907
FBRS,0.031213726415428418
CABP4,0.031204144930473795
MUS81,0.03119406095226187
UBOX5-AS1,0.031187905363436356
STAP2,0.031160491566115178
STARD10,0.031098871984314155
GARS1,0.031070708001929636
AP1M2,0.03103789700449605
WFIKKN1,0.030913486336140078
MMP26,0.03087262574904196
PARP6,0.030864803836853447
CNOT4,0.03085781922209974
ASIP,0.030792425557139798
HMGN3,0.030784930625326876
CDC37L1-DT,0.030647886056821075
MGAT4C,0.03062061124621727
PIRT,0.03061717824503647
LMOD1,0.030600205504545244
ACSS2,0.030530081745265173
ZFP91,0.030523152337960463
SRSF5,0.030483203202188378
CGB3,0.030448403862970225
NELL1,0.030428882921942728
THAP1,0.030399126347676355
CPB2-AS1,0.030326213289947185
TRIL,0.030322728372168904
RBM38,0.03030797706992282
LINC00200,0.030278625041473314
MEA1,0.030278518351426007
VEZT,0.030269942831707093
ASH1L-IT1,0.03024816282266654
NLRP7,0.030242152431674087
FOXI1,0.030223148207684424
NKAP,0.0301808583321543
NAT9,0.030127714897051648
MGC16275,0.030124331072717087
LINC02688,0.03009027528033035
LPAR3,0.030042717507783107
ZMYND10,0.02999989167392242
RNF17,0.02999641310693861
PLCE1-AS1,0.02997694245130871
SLC50A1,0.029909826526130123
LLPH,0.029886637144455837
ITGB1BP1,0.029869264788196088
PRB3,0.029857983405813977
SPACA3,0.029837614294548523
ACADS,0.02982365645201056
SLC9A6,0.02981411494981155
PALM3,0.029797187767144958
CATSPER4,0.029770711110539107
CCL20,0.02971392517253633
ARL5A,0.02955236930036714
ECI1,0.0295287178866077
PCED1A,0.029471197018454992
LMO7,0.02944563556353926
OMA1,0.0293414945827909
MUC2,0.029334526794508622
TSR1,0.02927526237855309
CABCOCO1,0.02924841054992242
NDUFV2-AS1,0.02923626634462248
CYP1A1,0.02921833933214676
C1orf74,0.029190855106481745
PI15,0.029178246500304414
RCL1,0.029147547475297624
SLC26A6,0.029125004983472754
RDH16,0.029117016991425673
ARHGDIG,0.029023969982386787
RBM25,0.02900177657830614
ITGAE,0.028976536875872663
ANGPTL6,0.02896947715925536
CLUH,0.028959006428407662
AVPR1A,0.02894141468325639
CKAP2,0.028917583845708788
RETREG3,0.028834678137598265
OCM,0.02881916932448031
NOMO1,0.02879642952000128
DYDC1,0.02875981067064509
LINC01933,0.028733177228370065
PLK5,0.028714360062931904
C1GALT1,0.028705618389785588
PIGV,0.02863568691108891
SYT10,0.02861151189953129
UBE2F,0.02851273576372196
ANKRD39,0.02839594913272736
LYPD1,0.028298865998624582
HMGN5,0.02829008240693197
RGPD2,0.02828608543677097
PRKCA-AS1,0.02826828067567463
POLR2B,0.028240304986727652
TTC12,0.02823130515197587
INO80E,0.02818546109658044
RAD23A,0.0281589917160099
KATNIP,0.028145647972593103
ACO2,0.028106256084524682
URI1,0.02809618881332146
IFI27,0.028083877114358825
LINC01606,0.028069109096990414
TMEM237,0.02801896974040638
MRTFA-AS1,0.028008505745480774
C11orf68,0.02797595375137462
SMIM15,0.027923784808930045
TMEM254,0.027896894337747103
SF3A3,0.027879616539923963
FUT5,0.02786885824879501
DOCK3,0.02775311072459183
PCK1,0.0277401091455212
SMDT1,0.02773426886584512
RASL11A,0.02771912609011786
PNPLA8,0.02770697798668821
H1-3,0.027638787714272507
ZNF503-AS1,0.027598298659244267
TYW3,0.027475699556563753
AK1,0.027413458209095277
ZNF552,0.027400946476348206
GTF2H2C,0.02732243783556004
LINC00857,0.02731616139361784
LINC01531,0.02731505019057247
GNAT2,0.027312593313925253
IFNGR1,0.02730512648281763
ZNF653,0.02724590501868948
LINC01823,0.027175482725007395
IER5,0.027151619969247698
SNHG25,0.027134912055768803
ZNF276,0.027046387665057174
JMJD8,0.02699709122824957
SH2D4B,0.026917128026209228
XPR1,0.026915511958076718
SDHAF1,0.02689390112127673
RIMS4,0.026763572088133254
C1orf167,0.02674901723238415
LINC00330,0.026714971252260734
MARCHF2,0.02670621611355929
ACSM6,0.02667180249118856
GLUD2,0.02660899723084233
IL17D,0.026607716992514237
ZCCHC9,0.026602423009383425
ZNF710,0.02657138182391227
HIVEP3,0.026542563562771435
POLR3H,0.026518698227681558
C10orf53,0.026513446289627127
C12orf71,0.026489706782735017
UTF1,0.02642001835310029
KIN,0.02636798081262424
TSFM,0.026367762178961654
CLEC9A,0.02635214706810533
UTP18,0.026346475568758933
KCNQ3,0.02629011443430646
PEX10,0.026288936287682235
NT5C1B,0.02619067416785977
VARS2,0.026135268547178583
LAMTOR3,0.026133207418257833
CCDC59,0.0260837126732985
ZFYVE21,0.026053963747956856
DDX24,0.02602672342522102
KPNA3,0.02601890127621807
SLC25A43,0.026007321488639188
ELP5,0.02596554969800648
RAB3C,0.02594862677870526
ACTN4,0.02589863287573324
LINC01894,0.025893194800014206
ONECUT3,0.025848928953880187
ARID1A,0.025812203343440674
PER1,0.025808457079986902
KTI12,0.02580742982653849
BANF1,0.02580701243716867
PUSL1,0.02579199023102957
ZNF117,0.025738347359712047
BMP3,0.02571861477209038
NADSYN1,0.02570666403428386
KIFC2,0.025691343105093245
KRBA1,0.02566001154958281
MDH2,0.025656005143752256
LBP,0.025635585096718688
RORC,0.025604706334069506
CSAG1,0.02558488786535586
GP6,0.02558273938762081
TMEM186,0.025570661384789493
MTMR3,0.02555905009381866
C3orf20,0.025463597841041904
ZPBP,0.025418938670580253
CMTM1,0.025404887925868463
CCDC159,0.025398254148480032
IGF2BP2,0.025336149248581262
PNMT,0.025330792063969522
PRMT1,0.02531241688777433
CD320,0.02531203920893972
UBA3,0.025298319085019335
SARDH,0.025248616115734725
MLX,0.02517993100000715
MYBBP1A,0.025141466636772143
TMEM95,0.025135805494432128
CNIH4,0.02512292410483169
IL4,0.025091534677744907
FRRS1L,0.025073924512387925
CREBBP,0.02504318128118479
HGF,0.02502227787350427
GGCT,0.02497183757542565
FIP1L1,0.024970224549926087
NTRK3,0.024888369531176343
CCT5,0.024879202162846965
LINC01475,0.02486915172604295
ZNF710-AS1,0.02479871623364575
SLC6A15,0.024795862852093124
ITLN1,0.024786843270353482
KRTAP1-1,0.02458187906772652
SERTAD3,0.024548731137283026
PARD6G-AS1,0.02451780000716393
RBP4,0.024488438271005206
HDAC4,0.024487369434298953
DEPDC7,0.024465365036032874
ZNF513,0.02446206864688333
ULK3,0.02445636796624422
OR2A1-AS1,0.024335694210096476
ALDH9A1,0.024306377922529352
EXOC1,0.02425778368579834
SLC6A17,0.02424698500515278
CAMTA2,0.024213647110181123
GUCD1,0.024209146710153222
NKIRAS2,0.024171686027414048
SPANXA2-OT1,0.024145475254764685
TBC1D25,0.024102733480972475
SLC4A8,0.024094506889968285
EFR3B,0.024091896943452158
KDF1,0.024062950497406
EIF2AK4,0.02403419687815145
CCNL2,0.024027789672386262
IGHV5-78,0.024015970475879885
AKIRIN2,0.024002307244722552
DCLRE1B,0.02394954386637474
SRRM4,0.023906778285953754
SHISA7,0.023899872004084492
VPS26A,0.02388394853640168
POLR2A,0.023780383587207632
SGK1,0.023683819005692542
LINC02857,0.023665386815548233
PIK3C2B,0.023657160919580214
MGMT,0.023593196034960642
ELP3,0.023588635251002344
SSTR3,0.023586888957884914
CDS1,0.023521437112678126
CTBP1-AS,0.023499535747697583
PYY,0.0234739475378829
INKA2,0.023434291717319915
CBX3,0.023334547763427017
HCN4,0.02332897289933312
TELO2,0.02332784159928696
IL21-AS1,0.023281632395920862
LEMD1-DT,0.023217746005048532
DPYS,0.02321665833789489
MYL6B,0.023202305459977708
SPOUT1,0.023072326438009893
LINC00309,0.023066797629885432
CCT4,0.023035865411529296
TFPT,0.02300137362973402
TAS2R5,0.022988546208395418
SPAAR,0.02294810072274062
PRSS33,0.022945485160505586
PRPH2,0.022876993396235955
ZGLP1,0.022855108881351945
PRCC,0.022794999505461096
SAC3D1,0.022776295067411675
CHURC1,0.022705329074391843
PIAS4,0.022699088558045488
FAM215B,0.022677413164450173
MAP6D1,0.022672730461521712
REELD1,0.022623572806063696
KCND3,0.022614584680532263
LINC01191,0.02255690814855378
LINC01638,0.0225469456542473
RAPSN,0.022522921120495094
KDM2A,0.022395787457348847
CARD19,0.02231256467793558
MIR3150BHG,0.02231174999472428
SMAP1,0.022309563698502923
SRI,0.022296058315027966
LAMTOR1,0.022251160098819396
ANKRD13D,0.022163791425246153
CLEC2A,0.02201311976725989
CUL5,0.021956330847856798
LINC02065,0.021925092509322036
CENPW,0.02191954258048759
CYP26B1,0.021893263682300945
NKAPD1,0.021864765618342566
YAF2,0.021844014290562257
NET1,0.021752713804498502
BMS1,0.02174426941720987
ERV3-1,0.021731264791259322
RAB40C,0.02171868444549033
RNF31,0.021695400890182903
LINC02082,0.021694806325603055
CHRNA2,0.021559855577856724
S100A3,0.021492902547127973
TAS2R42,0.02145554380806026
AGRP,0.021449999630988176
S100A16,0.021382878187689153
TMEM100,0.021271595788386662
ASCL4,0.02125340988385985
RELA,0.02123945083846962
LINC02887,0.021187908155666093
KLHDC3,0.021040378273538732
NT5C3A,0.02102577421151098
DIO1,0.020993895985118336
LCTL,0.020968588306906153
SIKE1,0.02096193355631977
TAF3,0.020942883206429192
SURF6,0.0207709858286427
CUX1,0.020704144302788323
SPA17,0.020690554744394376
SAPCD1-AS1,0.020637190812193895
CANT1,0.020624735144673608
HSPA9,0.020545678460700573
ZNF385B,0.020469146932117616
IDH3A,0.020465882538764527
NR1D1,0.020363312688338128
PLEKHM1,0.02024469360746275
C12orf43,0.020220497997150526
FLJ40194,0.02021875807747296
GAS6-AS1,0.020202377906200254
DCTN5,0.02019264835272984
IPO9-AS1,0.020143443390875326
SLC26A4,0.020105410896710595
ZFYVE9,0.02007520283515615
DYNLL1,0.019982965389446113
LBHD1,0.01992595838990832
TTC39C-AS1,0.01980155698367454
AIRE,0.019788704320930384
FCAMR,0.019723412027373568
PSMG4,0.01970779627978363
BRAP,0.019664190046304132
ARSK,0.019572527945438237
LINC02880,0.019493130209773668
BAG6,0.019465119655223566
KRBOX1,0.019431250310893218
ZNF428,0.019393765623001418
NADK,0.019282615841449597
RRP7A,0.019225046507973517
PNPO,0.01911996730201054
ZNF250,0.019079469794261956
LINC00501,0.01901698191624899
MELK,0.01895891381848758
MEF2D,0.018932233939325586
LINC01801,0.018913319265172472
CDCA4,0.01888833167439065
XKR7,0.01888276749404835
C16orf90,0.0188773286539534
CALHM1,0.01886563127673973
LINC00574,0.018837095394204268
POLL,0.01876452496068354
SPINK9,0.01876418031014283
TRAV35,0.018498836811829174
TRIP6,0.01847846727873264
POP5,0.018472147848613556
ZFPL1,0.01845325674214461
MFSD14A,0.018438227417079577
GPN1,0.018424348022046153
GPR31,0.01839755852299755
HOXD11,0.018353705433058216
RTP3,0.0183288449275259
MCU,0.018306018163103097
SELENOT,0.018286083202963935
FOXD4L6,0.018164596497701444
MRPS9-AS2,0.018130707882867032
CSTF2,0.01808797720079275
HERC2,0.018080665273976892
ZC3H18,0.018064629111263518
CYP11A1,0.018060956887666294
LPGAT1,0.018053313137554483
SPATC1L,0.0180158749380139
SLC38A1,0.01794161034394483
STPG4,0.01790650734252792
PINX1,0.017864395559811924
TUBA3E,0.017830556346266947
HARBI1,0.017829759117839766
DNAJA3,0.017780855654522375
ZP4,0.01771416603616518
H3C12,0.017652609369941258
MUC12,0.0175749918087261
RPAP1,0.017566925172686973
IMPDH1,0.017561603294044603
NLRP2,0.01752129728221494
NPR2,0.017519113160348217
SLC5A10,0.01750996295113298
SELENOH,0.017500422758661646
DCAF11,0.017444512725840196
XPO6,0.01741979717463187
PFDN1,0.01737858099626783
LINC00639,0.017351087874980693
LINC02687,0.01732484084916831
PPP1R37,0.01731541988831531
TAS2R43,0.0173053256995166
UCN,0.01728592120841833
LINC00243,0.01725266367718276
PGAM1,0.01722579632201993
NRBP2,0.017224581602502842
NUBP2,0.017198651590721738
WDFY3-AS2,0.01718488313949756
VWC2,0.017171694581272996
ZFY-AS1,0.017062727906998167
MCM3AP,0.01704535038693051
MYCBP2-AS1,0.017013347945315935
RCCD1-AS1,0.016995312088019545
KDM4B,0.016989953654357386
NCOA6,0.016874276559268993
TENM1,0.01684200470730288
KIR3DL1,0.016840537661973964
ANXA7,0.016832618864609093
PXK,0.016746058188656255
RNF26,0.016728307865770353
ERF,0.01672777424338902
AGAP9,0.016677733154324536
CPEB2-DT,0.016666949048113902
CSNK1G2,0.01664444732474077
BTN1A1,0.016619338673202123
MFAP3,0.016611812535798763
HSD17B8,0.016488571770837807
ZNF598,0.016481208218122344
PPAN,0.01645685555728934
SMYD2,0.016417125868033483
TLE1,0.016368058960452948
NIF3L1,0.016342557454114583
IDI2-AS1,0.016334225620302935
ZMAT5,0.01632135624383282
ADA,0.016264101078249667
CNIH3-AS2,0.016234274265012855
NSA2,0.016228627143030368
NXPH3,0.01621715667045245
LINC01990,0.01617035722002045
ECH1,0.016138473643228696
MTIF2,0.016118722294524525
LINC01507,0.01608445613465312
ATP5PO,0.016074378631640435
MAPRE1,0.016031683912358916
MAPKBP1,0.016026533582374058
ZNF470,0.01592294351264898
EXOSC8,0.01591494123325771
GLYR1,0.01584751433565091
MAD2L2,0.015785243261779124
UNC13A,0.01572427541318444
POLR2C,0.015713959303667934
PHGR1,0.015686224707386252
EDN3,0.015663850624220533
KIR2DL3,0.015617925642883177
VAC14,0.01560386892004772
MRFAP1,0.015597717963733345
LINC02784,0.01559511478466679
ODF4,0.015549203119669449
MAP3K3,0.015436586892687582
STRN4,0.01536843843000292
DMBT1,0.015367415625515751
SLC4A5,0.015349764461630892
RANGAP1,0.015334067604681962
SNRNP70,0.01531786571240969
LINC00706,0.0152661350760039
CRHBP,0.015225628341017565
SNHG26,0.015224163285257181
EIF4A1,0.015191696172227117
VPS33B,0.015162637114447356
MAP2K3,0.015148360427360489
RASL10A,0.015141793419362394
TSPYL6,0.0151076502577097
COQ2,0.015031930586653313
TUBGCP5,0.014935361659133624
PPRC1,0.014915646670409892
NPR1,0.014906274626153408
ULK1,0.014850988005899124
RSAD1,0.014813643317669524
SNAP23,0.014796413451294295
BAALC-AS2,0.014725966730291647
LCMT1-AS2,0.014709371626914733
RNF187,0.014659302847410018
STX4,0.01458783106146313
ZNF688,0.01458412734761438
PCSK6,0.014574929230700083
CDH17,0.014474151645045032
KHDRBS1,0.014440077247483018
ORM1,0.014409850063037594
BCAR3-AS1,0.014406112316674359
ITIH3,0.01436018955012385
HCN2,0.014303002121410065
NNAT,0.014293484106784549
PAK1IP1,0.014290041996204423
DMRTA1,0.014281351305167491
RAB1A,0.01413192468119544
C1QL3,0.01405047252957604
SLC9B1,0.01404745026309872
TRAF3,0.01402869810184227
DPM2,0.01398047087375764
NLRX1,0.013944865714583385
SHANK2-AS1,0.01393292751286623
PITPNM2,0.013813845551016656
RRP1,0.013792117443742844
LINC01220,0.013733760189046125
DHRS7B,0.013733644113001956
PHKG1,0.013710081628214592
GLIS3-AS1,0.013687295563551083
SIX3-AS1,0.013625104259484185
CCL15,0.01360616854746519
LINC02613,0.013466345329776589
PRMT3,0.013403341772443256
PPP1R42,0.013380056768369347
KIZ,0.013341560752661926
HTRA2,0.01329387652008263
GRAMD4,0.013286432271582022
PTRH1,0.013240494735152455
EIF5A,0.013193657981883166
SKA2,0.01318679599042229
UBE2G2,0.013185694138061836
CCT6A,0.013072868188667888
HBD,0.013068723757932802
KCNH5,0.013015764776395015
SHBG,0.012997105206850445
LINC02405,0.012964568340761174
H2BC14,0.012930055296975947
PRR34,0.012733409886900146
MYO18A,0.012727785832992
SHISA3,0.012700995555569592
PINK1-AS,0.012670963010897316
KCNN2,0.012660391611213316
FAM50A,0.012644326931888918
LRIT3,0.012621394649114307
MIR210HG,0.012611904852715817
PDE6A,0.012565656114542086
HTR2B,0.012505997957024558
MAP3K19,0.012479191598189544
EFNA4,0.01246056047272987
MAPK8IP3,0.012405956127855451
VIPR2,0.012397992759379755
TEKT4,0.012378839701602347
KHDC1,0.012375204385873325
EXOSC5,0.01227990613097195
CLK3,0.01225866680120381
EPN2-AS1,0.012114466158950917
BTBD10,0.012083047818917593
PDE6H,0.012012785155755013
FEV,0.011897032557777108
GET4,0.011884590168980063
DAPK2,0.011880539391744613
DNM2,0.01183988322188618
ECSIT,0.011839532369516436
MTO1,0.011839194306783834
TNRC18,0.011832753685991888
USP8,0.011816953132881598
ANKRD13C,0.011764455813491333
ZRANB2,0.011742014150867296
TMEM185A,0.011734591032377558
TBL1Y,0.011645095684758583
DGAT1,0.011562630245998412
BCL6B,0.011551787621505829
NOP53,0.011550556154132344
SETBP1,0.011508580859815444
ZNF667,0.01148905196357174
SPINT1,0.011468083647902172
THOP1,0.011366248543444764
TMEM120A,0.01136259838595856
LRRC4C,0.011341608961023136
ITFG2-AS1,0.011310038158510035
IQSEC2,0.011266432197683808
AMACR,0.01121638060824196
GPR150,0.011193445820450804
CHAMP1,0.011147690230492719
CTR9,0.011132454867926992
KDM1B,0.011085307145626713
SLC46A2,0.011080389877882499
EDC3,0.011075932572623685
CST4,0.011034099596789212
MIR100HG,0.010943270563170621
MALSU1,0.01093741584301548
P4HB,0.010804090745812019
LINC02268,0.010749709518569675
AP2S1,0.01069120960603144
NAF1,0.010674323534431072
PDP1,0.010651394294211941
NCK2,0.01063167241389834
NINJ2,0.01062572718234092
MIATNB,0.01057570935891901
SLC35G5,0.010510442183967735
SRRM1,0.010500766212855454
RAP2C-AS1,0.010472628618636808
CLOCK,0.010441201489961579
DKFZP434A062,0.010433408085999428
GIPC1,0.010373713843049746
UQCRHL,0.01037100514505392
TSPAN11,0.010336930418867418
MAP3K11,0.010299878343392696
ATF6B,0.010259155084289496
SNHG16,0.010212264290274744
ADAMTSL3,0.010190363623340188
B3GALT5-AS1,0.010168698403003404
RTL3,0.01016642717709266
CCAT2,0.01015586990241929
LTBP4,0.010144640520782445
KDM5C,0.010110051257130355
DEFA3,0.010062820751782298
FLG2,0.010050036284589774
SNTG2,0.01001822997850951
PIGY-DT,0.010013530376453028
NDE1,0.010008509698538422
MOGAT1,0.010006479296911884
ASL,0.009983492249292597
PRADC1,0.009956682473805196
FABP12,0.009867760997943394
KPNA6,0.009808512716352726
PLAC9,0.009805151896175781
PROC,0.009778732709622462
LINC02744,0.009734817203140296
ECI2-DT,0.009722724441158945
AOPEP,0.009718286159912121
GDF7,0.009715220167790114
POTEM,0.009702612501421013
UTP14A,0.009630445730892119
MYO1A,0.009587236527216714
THRSP,0.009539902553953506
NOMO2,0.009447336508517656
NAGS,0.009403537657424459
JMJD7,0.009376955818039297
RASSF8-AS1,0.009363841712862477
DTWD2,0.009333289875500833
C6orf58,0.009278000710399466
TXLNG,0.009219771723172362
HNRNPUL2,0.00921638059361987
RCC1L,0.009195008785657502
ZC3H13,0.009166975456870638
GSX2,0.009148723903567633
CALM2,0.009069101476965654
MAP3K10,0.009046955238493283
NCAM2,0.009027600142741917
CD207,0.008956349285888603
CHID1,0.008933093210804889
LSMEM2,0.00892009020532213
MTTP,0.00890435032291035
LINC02361,0.008854514586750448
PAGE2,0.00882594862776421
AKT1S1,0.008797158653399076
ITSN1,0.008782994832634903
TBP,0.008740348210250708
TCERG1L,0.008736918365361616
LINC01340,0.008696156748103763
NSMCE4A,0.008685938664937068
SULT1B1,0.008669479407439784
RCC2,0.008629160218492448
ZNF575,0.008531174212419444
KIF6,0.008519648165623107
STIMATE,0.008477836252623248
VPS52,0.00847775984167892
NPIPB8,0.008466441286219687
GRK2,0.008399797991418696
ZNF846,0.008396269986526839
IL17F,0.008372539874166465
TMEM37,0.008313318277633857
DIDO1,0.008280922190347848
PSMA6,0.008270982525697626
SLC27A3,0.008259200971706328
TMEM238L,0.008240392838760865
ANKRD49,0.008230407687340463
LINC02009,0.008221951789444315
TM4SF20,0.008187008118827598
PCNA,0.00816496955498662
ADNP-AS1,0.00811421083155927
CCL22,0.008069135018850083
TMED10,0.007993743188986099
PFN3,0.007931202790882183
PRELID1,0.007825057391207205
HGS,0.00782097939651205
C1orf105,0.007807192329016696
ZSCAN10,0.007662473784668991
F2RL3,0.007540524441810869
SETBP1-DT,0.007527190283158391
LRRD1,0.007451899517644717
PUS1,0.007447848203828291
AHDC1,0.007413936528835304
LRCOL1,0.0073885087144251625
GALT,0.007373710243180609
SMR3B,0.0072937878229887045
GNPDA1,0.007257443270398945
PRPF38A,0.0072573543277673295
COX16,0.007223113098400199
FKBP2,0.007120856109827186
CT83,0.007053527777934743
LINC00659,0.00696194070981988
GAU1,0.006897650417038871
GPR151,0.006894584277858131
PIP,0.006885953604018493
ERI3,0.006834908273024252
RALY,0.006807773301590712
VHLL,0.006720467044706016
NUTM2E,0.006696553424148123
AHSP,0.006682838917710514
SYNJ2,0.0066642285417243055
JTB,0.006601380804467408
SDCCAG8,0.006575770571859377
LRR1,0.006558859810687203
BRAT1,0.006522930436645637
PCDHB15,0.006473881481213034
RUNDC3B,0.00644367124737297
CDX1,0.006435710995722857
SLC35G6,0.0064147632122998465
CYCS,0.006409650640373726
KRR1,0.006319182385140808
TAF7,0.006295707965093737
PPP1CC,0.006288890623959732
GNG10,0.006271184055399934
MAPK11,0.006259770322552179
PPP1R17,0.0061243797183630905
ME2,0.006109965932464215
AKTIP,0.0060863323477051545
TVP23A,0.006049282592468917
SENP3,0.0060470115810599195
NACC1,0.0060183463249408485
GBF1,0.0059618787292817395
HMGN2,0.005935497829944028
TECTA,0.0059329324001975514
DDN-AS1,0.0059157394929570855
UNC13B,0.005853091173985149
RPA2,0.005733844796058094
OSBPL2,0.005695814513090466
FCER2,0.005677870521029117
LY6G5C,0.005667140320186821
XKR4,0.005617182490057759
BCL9L,0.005615239133036644
RAB8A,0.005574252734084225
RGN,0.005516776305131754
SNX3,0.005428737768991067
VSX1,0.005402640144638656
ZBTB22,0.005395935461264527
WDR75,0.0053615838724260685
CDK6,0.005346676017739128
LINC02556,0.0053246098154492005
IL22RA2,0.005316715090246604
MPND,0.005289245811851966
SLC38A3,0.005286614197871579
SNRPG,0.005260288569483074
GTPBP8,0.005179999093690188
KNDC1,0.005179862513247642
TMSB4Y,0.005157846733339481
TM2D2,0.005132154589529811
PSENEN,0.00512014735194385
GFI1B,0.005083476972469242
GPAA1,0.005083400584943659
HIF1AN,0.005070976755804669
CDKN2AIP,0.005042432397737318
PMF1,0.004998987967861649
DLGAP1-AS3,0.0049288708329540895
MOGAT2,0.004912678857716535
PREP,0.004871281152179231
RUBCN,0.004862963129317382
BYSL,0.004859224700972851
LRRN3,0.004828744535706102
TRIB3,0.004738033145063584
BMPR1B,0.0045874039039290404
PEX6,0.00455630361713684
DAGLB,0.00448778776912772
MORC3,0.004485403422678531
LINC02826,0.00429550024433173
CLEC18A,0.004221995202904997
NCAPG,0.004128303781262078
MYMX,0.004032981356665246
ZCCHC12,0.0039622121946531
NPIPA9,0.003900909719134517
NPAS2-AS1,0.003888894232697399
FIBP,0.003814915381190591
PTPRA,0.003790385091484654
CRLF1,0.003775575036994581
SEPTIN5,0.003762095131559139
ZNF341-AS1,0.0037095492621681833
KRT36,0.003684662266085335
SLC34A1,0.0036097997822003556
TMEM59L,0.0036025259295037275
MIEN1,0.0035857888149881455
SCHLAP1,0.0035554997260245184
SRSF2,0.0035383370750412153
OTUD6B,0.0034885609019867695
SIK1,0.00338029177336849
TMEM87B,0.003345946830474161
APELA,0.0033382559501196757
SP140L,0.0031822651674981777
SRCAP,0.0031028009332910705
AICDA,0.002958833597391734
LINC01841,0.0029011850383597717
NFU1,0.0028923659081092354
CFAP74,0.0027793152887602614
LDB1,0.0027694294540330255
SV2C,0.0027526906235583494
TRIM43,0.002689407958171263
SPATA22,0.0026561005071758267
ASAP3,0.0025933993252520776
LINC01788,0.002530543307009492
TADA3,0.002525938624681242
ADAMTSL4-AS1,0.002522418332836076
RERGL,0.00231947769176339
CLDN6,0.0023065031874288794
ABR,0.0022570254899025623
MMP21,0.0021746195996854133
FAM209A,0.002172933791943808
FAAP100,0.0021374546924345004
DEAF1,0.00211064427658816
GALNTL6,0.0020170260916927327
FAM204A,0.002010868544992393
STXBP3,0.0019543698004322154
LAMB3,0.0019292331386101186
CD36,0.0018759903164014815
LINC00491,0.0018606669913697332
KIAA0319L,0.0018596645537535149
ACBD5,0.0018236419587020027
CLDN23,0.0017927228434281468
LINC02470,0.0017884435155540927
RRBP1,0.0017839419573450928
BCAR1,0.0017372668344807648
ETF1,0.001689392559259766
OR7C1,0.0015972933103870974
HK1,0.001574848836017989
HACD2,0.0015676805769824016
CFAP126,0.0015628201836086432
CDC37L1,0.0015459364700593473
MGC32805,0.001518908521234433
SLC39A3,0.001383941584645211
BEST2,0.0013824632461189373
ATP6V0A1,0.0013422229710651052
AVPR1B,0.0012986661430622916
YPEL3,0.0012827961462564758
SNHG7,0.001244678223509445
GSTCD-AS1,0.0012363515337657212
ZBTB16,0.0011272581033082445
CCDC112,0.0010369046352314802
MISP,0.0010283493964302612
TRDV3,0.0009272271830989536
SAAL1,0.0009106468927166444
LRTM2,0.0009049357015527165
CCDC13,0.0008878850391234348
RTKN,0.0008399333792716206
ENTHD1,0.0007942595936900135
ITIH2,0.000705694580731839
GPBP1L1,0.0006592558517645042
SOAT2,0.0006264625480883829
NAXE,0.0005855082334375412
IL18BP,0.0005458463887539389
RSPH10B2,0.0004872491047060896
SGCZ,0.00048647764231318454
EGFR,0.0004482480427304133
LINC01537,0.00038294668361948985
RASA2-IT1,0.00034352736174561626
UTP6,0.0003057620877371621
OLA1,0.000272275888517101
MON1A,0.0002711669955615683
FBXO6,0.0002545124002283888
ZNF511,0.00022236418613457625
SRA1,0.00022111844582410457
TRIM73,0.00012872477181543688
CDAN1,6.289435688074033e-05
RETREG2,-7.3283245109639396e-06
METTL23,-7.757102032932281e-05
NAA15,-0.00022617922811144967
GLOD4,-0.00025292665772881336
FGL1,-0.00027656396199853255
FAM228B,-0.0002810028485102861
RTL9,-0.00028645397270932454
ANKHD1,-0.00033079894158745063
ICOSLG,-0.0004331319377369538
NTF3,-0.0004748963437022155
CYP2D6,-0.0005723541579819589
UPB1,-0.0005852116541996736
USP5,-0.0005995978678606421
KCNF1,-0.0006667864941986034
ANKRD35,-0.0007095646477865621
ZNF778,-0.0007472642694683682
SNCG,-0.0008804555665163588
PPP2CA,-0.0008929831420480569
PPP6R2,-0.0009417834716644557
GLTPD2,-0.0009688122002272755
SPATA9,-0.0009740757967192124
MRGPRX3,-0.0009922973563684682
LFNG,-0.0010331971713306543
ACOT7,-0.0011285396746615957
MLF2,-0.001129055547575747
POLR3A,-0.0011849020780926112
C14orf28,-0.0012047504507913748
MFSD4B,-0.0013298015577409468
PYCARD-AS1,-0.0013510753714094743
TMEM234,-0.0013564534392911203
DNMT3B,-0.0015493240546503417
LINC02641,-0.0016052389945956614
CCIN,-0.0016100189884296087
REN,-0.0016230221773085622
AIMP2,-0.0016440310566483325
GPRIN1,-0.001688646300408366
MCHR1,-0.0017128230350259518
SLC25A30-AS1,-0.0017489820641962144
TMUB1,-0.001752188814536329
CYP26C1,-0.0017598526995760706
GANC,-0.0017627710861824897
NDOR1,-0.00176807627227542
LINC02436,-0.0018164954269011895
MSX1,-0.0018166441730697337
KYAT3,-0.0019399277952358621
GPR182,-0.00194422543377821
PDCD4,-0.001979797859284045
LINC01127,-0.0020643479917701363
USP12-AS1,-0.002074818884429508
SFTPD-AS1,-0.0020772859090654565
ALG1,-0.0020812520541709017
TAF1C,-0.002085863234563635
RTKN2,-0.0021470655113993904
C12orf50,-0.002172516406352674
INTS11,-0.002180733155688682
HMX3,-0.0022038854065299794
LINC00216,-0.0022199488464828307
MARCHF5,-0.0023021735396886902
RWDD2B,-0.0023174101818857758
MUC5AC,-0.002364202691257968
RAD17,-0.002369033009005253
SMPD3,-0.0025719981103597637
HOXD10,-0.002589710141093749
C1orf141,-0.002660332592589814
GNG13,-0.0026731410488177836
SLC9A5,-0.0027611042977883325
MFSD12,-0.0028660099036697836
TRIM67,-0.002880128126283651
PIGA,-0.0029208201534545175
TRPV5,-0.0029244822417190453
GABBR2,-0.0029853477462664256
POLR3B,-0.0030673569255318346
KIR2DL1,-0.0031130744511797944
H3C13,-0.0031270854767727987
AMBRA1,-0.0033181038712031393
LINC01629,-0.0033217552293898136
RALYL,-0.0033571340680901944
LINC02864,-0.003451650604233491
PLCXD2,-0.0034620216474902598
TAC3,-0.0034697542264856603
MPV17L2,-0.003511164036649137
H3C8,-0.003621339250890152
TRIM34,-0.003658088565815685
FLII,-0.0036603963947398
SLC23A3,-0.0036952351456984835
CLN3,-0.0037577117390763908
SLC2A4,-0.003790636908920271
TOLLIP,-0.0039022075189465255
LINC01228,-0.00398119444595587
PCDHGA2,-0.00403311678281215
EFNA2,-0.004046313870112075
FRMD1,-0.0041832131362973205
FLOT2,-0.004240169329273428
MIR378D2HG,-0.004267104573162189
PCDH15,-0.0043114766830500565
KCNMB1,-0.004345616440027144
DENND1B,-0.004352405897515812
SLC35F1,-0.004361827915762101
FBXO31,-0.004365390490536332
HAND2,-0.0043980274921343356
GPR37,-0.0044317864718450275
FAM225A,-0.004440270823228909
NTHL1,-0.004455889949702827
CDC42BPG,-0.004495654566253235
ULK4,-0.004623634958863315
TMEM35B,-0.0046325755717905774
NPIPB5,-0.0046333950819103294
AKR1A1,-0.004645555357509494
MEAF6,-0.00465959203162774
HARS1,-0.004674568894539798
FSIP1,-0.004705238061835857
RNPS1,-0.004751053271549614
HIPK1-AS1,-0.004756630804273989
MED8-AS1,-0.004822966270339199
VTA1,-0.004852361369530303
GCM1,-0.004904522292562966
CDC123,-0.004916994620507591
CLCN1,-0.004957539908970496
GTSF1,-0.004987109077713007
FOXD4L4,-0.0050050539931985865
ZNF385D,-0.00502654558217053
LINC02884,-0.005152870083933051
CCDC86,-0.005173981286131283
REG4,-0.005234882104271501
LINC01812,-0.005265268683038118
CHRM3-AS2,-0.005288965946446027
RNASE3,-0.005295685732285415
KDM5C-IT1,-0.00529799382602654
CRYGC,-0.005334619416748159
PLXNA4,-0.005400866143953155
UBE2I,-0.005408707997076105
RPUSD3,-0.005452627432678648
LINC00958,-0.005492817884719364
NYAP2,-0.005535549716711611
TMEM80,-0.005591160075023862
ENHO,-0.005594878500562527
LRRC8C,-0.005659556556622524
TP53TG5,-0.005672602607902714
PSG3,-0.005694754970525188
NCS1,-0.005696744938112958
NIPA2,-0.00583140170923877
SCRN2,-0.005832309740434519
IRX4-AS1,-0.005843667748679069
YIPF6,-0.0059034512146393615
NMNAT1,-0.005927554512202635
TSEN54,-0.0059452234216767945
LHFPL3,-0.00595036258445075
IMPG1,-0.006006514171111802
A1BG-AS1,-0.006048506190430998
USE1,-0.006076439277343448
PPTC7,-0.006175881069797153
APH1A,-0.006226770810560515
BLOC1S2,-0.006248731564738188
NDUFA2,-0.006251037118183792
RAB35,-0.006285652710822764
ELOC,-0.006355705788633932
LIN7A,-0.006384581675058536
FAM151B,-0.006385060797244231
LINC01878,-0.006396465117897449
CCDC184,-0.006403666709569244
WDR37,-0.006408152307452584
EIF4EBP1,-0.006506608998935546
SLC25A34,-0.006664136695062272
PABPN1,-0.006672485583776663
SPATC1,-0.006786625474716218
SPINT2,-0.006917482933421214
ANKS4B,-0.0070164280690930125
SLC4A2,-0.007020341893325855
EME2,-0.007047029058642231
NXT2,-0.0071828946048214885
IL17RC,-0.007271493419177352
TBC1D9B,-0.007371717772378907
SNED1-AS1,-0.007442460723608651
GCK,-0.0075142738572581734
SLC6A9,-0.007531989575698221
C1orf52,-0.007563293417046307
YDJC,-0.0076148863383026615
NHLRC4,-0.007708843415314019
FABP6-AS1,-0.007760398885844879
CCDC89,-0.007760974500513906
EEF1D,-0.007792289318244243
EFHD2,-0.007795324633093549
NGDN,-0.0078050432445169295
TDRD9,-0.007825521639257765
STAU1,-0.007843331691053489
LRIF1,-0.00787362481951917
ITIH5,-0.007893997122231308
LINC02473,-0.007984855343922476
DNASE2B,-0.008062632527462206
ANKZF1,-0.00807231820973257
LINC02303,-0.008093352121909538
RNF34,-0.008097268213819201
DNPEP,-0.008106994834201735
LINC02035,-0.008163851336103282
PAK1,-0.008171988363705723
HMG20B,-0.008176665259117718
ZNF541,-0.008210248663282342
BAIAP2,-0.00822006996146596
SEC14L1,-0.008265387223445001
ANKRD20A3P,-0.008279668630255529
STAC2,-0.008281905829900566
H1-4,-0.008304126336775878
SLC35A2,-0.008400192165232835
MDS2,-0.00841061913197204
TMEM139-AS1,-0.00846548810513178
FBXO2,-0.008556085144035747
LINC00921,-0.008580672976447008
HHEX,-0.008617229293448376
LINC02679,-0.008725968501178611
POR,-0.008792358353839022
RASSF6,-0.00884855212281688
COMMD7,-0.008892163220521167
TMEM240,-0.008979414226840203
CCDC107,-0.008988779101158145
LINC02668,-0.008996134273025173
EPPIN,-0.008997723472471663
MUC17,-0.009124984597418753
COMMD5,-0.009177746149437354
DSCAML1,-0.009200409976146743
MAGEB2,-0.009231357294020835
ASTN1,-0.009325557799956833
LINC02866,-0.009378936540859566
BCO2,-0.00942183556449909
DNAJC16,-0.00943991151029064
SDHC,-0.009552931810013213
CA4,-0.00958029558251368
CREB5,-0.009586300792889848
AAGAB,-0.009645197779987536
PPP1R21,-0.009861023029962016
MIR762HG,-0.00995316000104081
SND1,-0.009969216545522776
FGF6,-0.01018204598844526
FADS6,-0.010201878651705864
POU2F2,-0.01020364335947373
GTPBP4,-0.010218867572736353
PHF24,-0.010225193877956397
MIR122HG,-0.01028643070077837
LENG9,-0.010309888654943242
SEC61G,-0.01032425165291321
SLC6A13,-0.010412661683445205
HAND2-AS1,-0.010476942580263292
LINC01337,-0.010497607562134104
ZNF324,-0.010596223561610682
MOCOS,-0.010608371214335603
ANKS1A,-0.010671866089679865
NPIPB13,-0.010682780954080796
LINC00607,-0.010709051351149794
TBCB,-0.010800437011215918
NUP50-DT,-0.010811153117359446
MORF4L2,-0.010873166921595805
MFNG,-0.01091106936902614
HADHB,-0.010923438919779833
SLC35E1,-0.010926259311826912
ZPBP2,-0.010953345138498122
GRIK1,-0.01109695241565033
OXSM,-0.011123457024383507
LINC02872,-0.011161835002584969
ZNF503-AS2,-0.011162855935991301
KAT5,-0.011294791461826647
LINC00987,-0.011370359443297721
WDR5,-0.011382436323280936
NIPAL3,-0.011411790819779687
INTS4,-0.011429999978360248
FAM180A,-0.011431763353252349
GOLGA8S,-0.011448729453050354
EFCAB5,-0.011514959651670646
ASPA,-0.01161186587240246
PSMB2,-0.011622649157604373
ERRFI1,-0.011649612493847026
PCDHGB2,-0.011696429441271375
PFKM,-0.011711185614690445
EIF5,-0.011734185332012146
LSM4,-0.01182286039624996
ANKRD45,-0.011922017304697486
SLC25A34-AS1,-0.01201153831664564
UAP1,-0.012013671488928934
RHOF,-0.012070199868707868
ATP6V1G2,-0.01207351938135354
ZFP82,-0.012114066309062116
LINC01170,-0.012129983364038
ZNF665,-0.01214444879076866
CMTM2,-0.012146977920579652
H4C11,-0.012152960224483707
ARMC1,-0.012161953158119805
FEN1,-0.012180967437550315
NOVA1,-0.012195626352053342
LINC02842,-0.012229741551340333
UBE2V2,-0.012249690890375413
SERPINB12,-0.012282933264732288
DEDD2,-0.01232340821362509
STK16,-0.012324886468139881
FOXH1,-0.012354943558223749
FOXB1,-0.012393177042740584
AQP7,-0.012395930156262246
SELENOW,-0.012484662051823055
ERP29,-0.01252296272191849
SLC19A2,-0.012530089016563616
ELAVL3,-0.012556762699181986
PMPCA,-0.012629640297444003
LINC02274,-0.012652430622553841
PLA2G5,-0.012665914773451168
SCFD1,-0.012783648361857445
ELAVL4,-0.012799356928146611
HMGA2-AS1,-0.012809742767683272
NFIX,-0.012839535750833525
TOMM70,-0.012897448902156357
STK40,-0.012933473991817407
ZNF563,-0.012995642400401089
EXTL3,-0.013039030349868204
COA3,-0.013047308225627833
NYX,-0.013069165407933061
CATSPERD,-0.013070222876351323
EAF1-AS1,-0.013073350986818597
CD5L,-0.013096215614224287
CPA6,-0.013202264026595639
ZMPSTE24,-0.01333022013212064
MRPL20-AS1,-0.013344313756331156
AKT2,-0.013360980499299785
JPH4,-0.013363771413865768
FAM162A,-0.013385644372370914
XRCC5,-0.013386092712935704
CARM1,-0.013417720049808105
EYA1,-0.013432615006320852
NUTF2,-0.013459190363721413
HID1-AS1,-0.013484790363728029
COL4A5,-0.013518927298764761
TMEM242,-0.013610595432235053
IMPG2,-0.013615127626794312
COMT,-0.013716606838641971
UCKL1,-0.013720882843172086
GLRX2,-0.013738823006682199
FAAH,-0.013750233792843158
NDUFV2,-0.01377729260105615
GJB4,-0.013779168261337717
ALKBH1,-0.013829253390627438
FASTKD2,-0.013852009900507651
LINC02324,-0.013860740435030518
PCGF1,-0.013860944722573761
SLC7A6OS,-0.013980615325555163
LINC02202,-0.013982168670279599
TOP3B,-0.014020394303799592
PHF20,-0.014030091631758793
SIRT6,-0.01403541967754595
PDCD11,-0.01406602953687043
LINC01666,-0.014078020451179476
MED10,-0.014107329500855564
TANGO2,-0.014197467683122196
HINT3,-0.014203496344736416
GOT2,-0.014240860625245037
TBC1D14,-0.014280841403855974
RAD50,-0.014297475666063503
ATF3,-0.014416194681218334
GOLGA6L4,-0.014499816178311533
KRT222,-0.014529803020777741
MLANA,-0.01458601463526105
CRYZ,-0.01460771932171335
WDR4,-0.014686486104050399
MED26,-0.014727019050619327
CHST5,-0.014819548393107392
SERPINA12,-0.014863519650643541
CHRNE,-0.014911969542638256
LINC02240,-0.014919216257420188
PKP2,-0.014975402340946133
GOLGA8Q,-0.015052953128602808
WASF3-AS1,-0.0151000814999811
PENK,-0.015125671874995583
SCO2,-0.0151306115491889
CYRIB,-0.015134364841577567
TRIM71,-0.01522324541510974
MUSTN1,-0.01523009148268116
SERPIND1,-0.015240084405527187
RIMBP2,-0.015324680645761327
HPD,-0.015327957668909317
ALDH4A1,-0.015349585713067732
LINC01001,-0.015376225719443939
H1-5,-0.015383849345017872
RCAN3,-0.015447907193989394
NKAPL,-0.01546828258062593
SBNO2,-0.015480568956894692
SRP72,-0.015592088259132929
KCNS1,-0.015619853037067475
CER1,-0.015693642861824026
SLC13A2,-0.015802334444989033
ATP2A2,-0.015956788672899447
MANBAL,-0.016072446881807433
MDGA1,-0.0160827374493471
ICMT,-0.01613526948191936
ANKFN1,-0.01618248224901598
ARLNC1,-0.01630938435877356
ADCK5,-0.016379214379746824
LRCH4,-0.016414820702946704
SIL1,-0.016417292895311582
SAFB,-0.016423564070499358
LINC02126,-0.0164532457618449
ST8SIA2,-0.016457434591352696
RPN1,-0.016458517331862495
CISD2,-0.016473680076959707
DRG1,-0.016500561444124803
TMEM54,-0.016586984626223454
HS3ST6,-0.01660697342371674
HDGFL2,-0.01671076307119504
TIGAR,-0.0167693828175459
TEAD3,-0.016780515075166508
FRMPD1,-0.016798484423357327
IFIT1B,-0.016815338948905557
GALNT14,-0.016944840575946956
LYL1,-0.016984906178593284
MFSD10,-0.01704031218654897
VSIG10L2,-0.017045219819358526
LINC02848,-0.017046314434786648
MCUB,-0.017049090694251895
DNM3-IT1,-0.01708205404801577
ALDH3B1,-0.017202143459599566
CATIP,-0.017212786867972247
TSN,-0.017250322032497108
RPEL1,-0.017281639184346567
SLC2A4RG,-0.017535191467720423
ALDH1A3,-0.017642466208729814
SLC6A1,-0.01769946266560303
FKBP5,-0.017703570011269845
SIM1,-0.017737029948672725
HMGCL,-0.017985932000856037
COPS2,-0.01799425260677991
TCF23,-0.01806040907203678
ACAP3,-0.018067283113751897
NDRG2,-0.018070619965211678
SH3GLB2,-0.01808296265870214
DUSP18,-0.01808817096724116
LINC01635,-0.018097652118806606
EIF2B2,-0.018119656724344714
ZFP36L1,-0.018124734494808305
TMEM219,-0.018190542069690948
DPM3,-0.018196571866874962
LARP1,-0.018211938132796656
DAZAP1,-0.018284515492401315
PARP11,-0.018292905875261035
THSD8,-0.018365493628669682
ALG14,-0.018424921052688312
SUMF2,-0.018525929588924493
EMC2,-0.018555365741619295
PRRT1,-0.01856986548632972
UPF3A,-0.018599334532448584
OPRM1,-0.018630045663420157
BCAS2,-0.018636889328194566
HTN3,-0.01868951456688699
PLPPR5,-0.01869499116084994
MYCBPAP,-0.018695557442394515
MLYCD,-0.018803306866860808
MITD1,-0.01881699604207821
PTPRD-AS1,-0.018821586779248556
FMR1-IT1,-0.01885525790023033
ALG5,-0.01888120203069957
C8orf82,-0.01892565346334501
NPIPB7,-0.018985544736559327
SPCS1,-0.019003888677524786
CSE1L,-0.019019186895459696
HORMAD2-AS1,-0.01906827692320177
DRGX,-0.019215121934646386
CXCL6,-0.01925700289282254
LARGE1,-0.019257859823698056
LORICRIN,-0.019269667538468028
SUMO3,-0.019305561718126578
LINC01522,-0.019343274409567814
THNSL2,-0.019383294342304066
SPINK13,-0.01945873289142565
C19orf84,-0.019502590794470417
DNAI3,-0.01953192803289299
DBNDD2,-0.019548512306046338
SCN11A,-0.01956315040802292
CACNA2D2,-0.019573251522526314
VPS50,-0.019618261900973315
PSMD7,-0.01962595452180637
DPEP3,-0.019645525370067047
NTSR2,-0.019680753373015846
CLTCL1,-0.019690481127113434
PABPN1L,-0.019703405568640794
GRIA4,-0.019729279144677855
LINC01489,-0.019779757841902418
SPSB3,-0.01982712613509208
DRG2,-0.01985734057023146
ZZEF1,-0.019888529171354363
IL6-AS1,-0.019962172425318742
SKIDA1,-0.01997516982881574
KIAA2012,-0.02004026091863073
MYDGF,-0.020053971536720776
PDGFB,-0.02010768436682566
COPRS,-0.020148109588146577
RHBDF2,-0.02023769915048186
PID1,-0.020250561387553958
INCA1,-0.020312795213700798
ATG4D,-0.020397820284498994
LINC01283,-0.020539301075149462
CCDC63,-0.020555782383088857
CYP17A1,-0.020557799287575687
POLH-AS1,-0.020679776359104955
PIGG,-0.02068304861450731
MED4,-0.020730020414412912
ST18,-0.02073668613916919
CTAGE4,-0.02076977296719921
HBA1,-0.020779315738444153
RHBDF1,-0.02094931209662847
ZBTB43,-0.020981863330003625
EIF4E,-0.02101261075682399
MFAP1,-0.021012627867443127
RANBP1,-0.021075827914236775
KCNK17,-0.021091974982343407
PRDX6,-0.0211106328971361
PHOX2A,-0.02119813299974275
SUGT1,-0.021202300487561672
SCN3A,-0.02130124294847968
BCKDK,-0.021375045814272783
RALA,-0.0213789533795909
NDUFV3,-0.021382467679580623
PPP2R1B,-0.021397252408377206
GCN1,-0.021403978632535653
GPR4,-0.021505241882396584
SERPINA9,-0.021509011621932615
CALCR,-0.021615209391082624
SHCBP1L,-0.02166606285253266
TAS1R3,-0.021722509507702017
FAM85B,-0.02183215940516488
KCNIP2,-0.021960873743313628
PRRT3-AS1,-0.0222514870488121
TUBB1,-0.022263390647757914
CABP1,-0.02226910996580438
SLIT3-AS2,-0.02239680645116171
XRCC4,-0.022455522280828415
LINC01585,-0.022473160517578313
LINC01483,-0.022488292648894417
IGHV1-69-2,-0.02254427900474702
NRG2,-0.02255492979395788
SPNS3,-0.02258579704408582
LINC01783,-0.022680011298390416
SERPINA5,-0.022699382538536424
KIF4B,-0.02272163634145495
RNF207-AS1,-0.02288665991821979
CFAP65,-0.02297613074877138
LINC00689,-0.023051979709099647
CCDC167,-0.023085003911685362
CORO1C,-0.023090039789044076
FAM228A,-0.02309165611161592
KIF1C-AS1,-0.023150697491154087
FAM177A1,-0.023198821113888032
RARS2,-0.023216644064622653
SLBP,-0.0232257264404684
ZFYVE28,-0.023423284210776957
FKBP4,-0.023488597159540568
WARS2,-0.02351140811372581
TBC1D20,-0.02351626923360734
PAOX,-0.023521239156595156
DDX20,-0.023523550220431753
RRAS2,-0.023590513597173138
MYCBP,-0.023670422468127318
UNC79,-0.023686512733303047
KCNC2,-0.023712705805794553
CYB5R4,-0.023775307896839595
EMX2OS,-0.023867864496628227
HDAC8,-0.02392368876989122
CACNA1A,-0.02396384986886033
PTP4A2,-0.023980623097163565
GJA9,-0.024017061847474663
AFAP1-AS1,-0.02410713357963731
PIGO,-0.024161730528892828
H4C3,-0.024176864271263223
GUCY2C,-0.02422684974582279
EIF3E,-0.024241066453593592
LINC01798,-0.02429237236135628
PPP4C,-0.024367203190482228
TOMM40,-0.02444977239839384
SPAG8,-0.024457431711967428
KCNQ1DN,-0.024527687849932877
CDV3,-0.024570304582955078
TSPO2,-0.024628583412734543
NDUFS6,-0.02470578591403397
ZNF165,-0.02471167289814204
FCN3,-0.024715849295218483
CFP,-0.024852518934437913
DFFA,-0.024863161416642826
C8orf76,-0.0249031097158635
CUL4A,-0.024908751060574913
ADAM29,-0.02496701455786798
MARCHF10-DT,-0.025029137464054226
INF2,-0.025112302127539284
TRPT1,-0.025310836791055533
KCNE5,-0.025363546941372477
TMX2,-0.025433245222670386
MAG,-0.02551567874142785
LINC01285,-0.02567299795435891
GCC1,-0.025713225120989332
GLP2R,-0.025729188232340716
LINC00310,-0.02582074443722709
UBE3C,-0.02582648744997734
HES4,-0.025828439078613163
HNRNPDL,-0.02584889118286174
OR51E1,-0.02586706676983581
URM1,-0.025939354052371532
LINC02579,-0.025972196833727094
FBXO42,-0.025976930855291833
IFT74-AS1,-0.026009512975544328
AP3S2,-0.026022189397148593
SCAP,-0.026038240920474486
PKD2L1,-0.02605343211970097
KLHL17,-0.02616108692169524
BECN1,-0.026185155649999983
LINC02774,-0.026403460435424412
ATAD3B,-0.026421206361029705
NOL3,-0.026432199362922862
ADAMTS8,-0.026526676227226598
AKAP8L,-0.026533266118525068
TMEM235,-0.026544919961602378
EQTN,-0.02657548343984806
CGAS,-0.026644844421776406
NEDD8,-0.026660806262826565
PHACTR1,-0.026757932326522568
SUFU,-0.026836520597715453
KASH5,-0.026852331481718936
CSF3,-0.026857274545698313
NUDT12,-0.026878732789189043
NRAV,-0.027031312347916767
LRRC41,-0.027105025392780733
LINC01229,-0.02712541408079664
LARP7,-0.027145837241854535
HRH3,-0.027204977962265606
HM13,-0.027250616522282754
CAB39L,-0.027326307264993577
SLC35F6,-0.02733431648825194
FAM218A,-0.02738812697391325
ZRSR2,-0.027405360169177197
C12orf75,-0.02740893301399665
SPRYD3,-0.027412101454390065
VTI1B,-0.027578509135623597
PPY,-0.027584813242565263
BAZ2A,-0.02764692950003397
CYP4A11,-0.027648227445322124
ABHD16A,-0.02765272461730267
INTS13,-0.027678226843271377
MBNL1-AS1,-0.027747860066495687
SNHG8,-0.027857367094100426
BNIP1,-0.0280599046280097
RLN3,-0.028077551937965673
LRRC20,-0.028126933453632933
NCAM1-AS1,-0.028141468059798502
ATXN7L3,-0.028141527359035304
IP6K2,-0.028189688275504263
STX6,-0.028231464295006295
MIR200CHG,-0.028307190156482608
LNCARSR,-0.028369316527336663
DNAJB2,-0.02842168061090866
BAD,-0.028449375435149887
FHAD1-AS1,-0.028469051087584237
FARSB,-0.028479858762249538
LINC00895,-0.028559948643447502
FOXI2,-0.02857454471063946
NME5,-0.02862171475539404
LINC02608,-0.02865244818049742
HEMGN,-0.028685235160780323
GDF6,-0.0286954893436978
ROPN1L,-0.02871385885919423
IER2,-0.02873104205046132
SNHG9,-0.028736120684516083
RABL3,-0.0288034063600479
IKBKG,-0.028848731758179726
RABEPK,-0.028857469291708876
PTPMT1,-0.028891200035874053
SNU13,-0.029007158728950273
DCAF15,-0.029009412841536453
SMARCA5-AS1,-0.029096380481379004
RBM42,-0.02912149761301901
OR6A2,-0.029130260040456542
RUVBL2,-0.029164589460423725
UMODL1,-0.029185087880642942
SNRPA1,-0.029189831680394608
ARFRP1,-0.029242300455170327
CDC42-IT1,-0.029292829012694456
PYROXD1,-0.029339910112557162
ARRDC1,-0.029349993405997206
NPFFR1,-0.02941744875316617
KERA,-0.029420085136917285
KRT27,-0.029424529206859326
PCAT18,-0.029470627159408437
BPIFA1,-0.029492613701411822
ANXA4,-0.029508068163695274
SLTM,-0.029605263478642087
ABHD14A,-0.029625197066026798
CNNM2,-0.029653388459304354
USP16,-0.029730851906836248
SCAMP3,-0.029819781595502515
RGS22,-0.029839822140390684
PHLDA1,-0.02987236057502719
ASB8,-0.029886157785789298
ATP5MC2,-0.029927542847358143
TMEM223,-0.02996021758360553
LINC00924,-0.029963582777814884
NAV1,-0.03004308400359083
OR1I1,-0.03008454407308106
MTFR1,-0.030097319868098146
LINC02558,-0.030151486698084318
ZMIZ1-AS1,-0.03021742725092322
LINC01842,-0.030259606028556763
SLC3A2,-0.03036984639073283
ADCY1,-0.03038732598948302
MBD6,-0.030477190489615228
TSR2,-0.03057878704509757
ARGFX,-0.030625114271476118
RPS6KA2-IT1,-0.030659037493794505
TMED2,-0.030676221040510404
ZNF212,-0.030728974220268785
FAM181A,-0.03078271648845114
SPRED3,-0.030818458935179174
TARBP2,-0.030956388094810553
MLXIP,-0.030985494646059656
SHISA9,-0.031031869503372035
SEC14L6,-0.031103165476348286
LINC02747,-0.031114468741213454
CAPN3,-0.03111716596825627
SYTL1,-0.0311356348504142
TMPRSS6,-0.031174491194007427
ADH5,-0.03125326124335749
SEC16A,-0.03131404133979188
SMUG1,-0.031393891417203314
PRG2,-0.0314768975441415
DRC1,-0.03149231162876112
PGK1,-0.031744268886319336
SLC32A1,-0.031747001034618944
DKC1,-0.031842721836551846
MTHFSD,-0.03185474923856869
NOS1,-0.03187239226357141
PHKG2,-0.031956062286974375
PDZD4,-0.03195885158520347
GTF2E2,-0.032005262428934
MRS2,-0.03209653425972078
HPS1,-0.03219056577528726
IDI2,-0.03226110164418954
SCRN1,-0.03227741565156885
VPS9D1,-0.03233577808340127
SUGCT-AS1,-0.032360449197782463
KIAA2012-AS1,-0.03237840959552409
CDK2AP2,-0.03241235517621167
PDLIM2,-0.03249557952620815
SOX9,-0.032496458447548324
LINC02452,-0.03252067934831131
GOLGA8M,-0.032552308485598314
VPS51,-0.03258060792243753
LINC00863,-0.032616537851550734
SLC4A1,-0.03261942110510635
LINC01187,-0.03278884077109465
NUDT5,-0.03280930460429478
PRELID3B,-0.03287899072019647
JOSD2,-0.03288192298096158
C6,-0.03309876887361504
ILKAP,-0.03314854036018389
TMEM208,-0.03327535690297573
LIN28A,-0.03340849414747954
CRYBA1,-0.033410889892528925
STK24-AS1,-0.03343448575840839
PRSS2,-0.033484198583341805
GSTT4,-0.033563844555225784
MIR133A1HG,-0.033774729424380756
DNAJB12,-0.033793957404154494
BCL7B,-0.03381080572066367
LINC01976,-0.03382586366248494
PRPF19,-0.033874640016209406
TMEM9B-AS1,-0.03389798953765565
FOCAD-AS1,-0.034000889703160765
LINC02185,-0.03401167975902226
SNHG31,-0.03407875629786304
POLR2L,-0.034173966458759336
PTGES2,-0.034231119770766316
ALDOB,-0.03425735833613397
MCTP2,-0.03426441508738173
ALG8,-0.03430538072022192
LDHA,-0.03431688570686996
PALM,-0.03432440219831424
SNIP1,-0.03435385830994322
TMA7,-0.03435394598906926
SFTPB,-0.034365569752422276
RANGRF,-0.03453006278627831
ZMYND19,-0.03456383253761677
CYB561,-0.03458608351489055
PRMT5-AS1,-0.03458706561538272
SIDT2,-0.0346250029572786
ACADVL,-0.03462545731488769
PPP1R11,-0.03465142978279592
CCDC168,-0.03465252901596174
LRRC59,-0.03468543338235029
LSS,-0.034713450445630734
LMNA,-0.03493303485800991
STK19,-0.03493685500973889
TMEM126B,-0.03494627011707303
MTX1,-0.03498257187130466
LINC02289,-0.03501315668500688
LAMB4,-0.035023573597498206
ELOF1,-0.035208956788558926
PTRHD1,-0.03521789410586658
RFXANK,-0.03534393437064016
GOT1,-0.03541404851131224
LINC00937,-0.03542033858670035
NAPRT,-0.035470390733287054
TIMM8A,-0.035537520468798725
RABL6,-0.03554747660910094
PTGIR,-0.03554829301731686
RAB5C,-0.035561157298984764
NDUFA9,-0.03557403191942915
SLC25A5,-0.03558978577838354
RYR3,-0.035639548729549636
UBAC2,-0.03564647335616615
LINC02753,-0.03565910254362897
PTDSS2,-0.03567205343372536
NAA50,-0.03568244551439915
LINC01622,-0.03569001720978913
LINC02851,-0.035705645494146086
LIMK1,-0.035743068122193446
NPM3,-0.03576151477843866
LINC02346,-0.035771400563922626
TEX14,-0.03579748002878725
CCDC178,-0.03591152263401149
AP2A1,-0.035919713194669564
CENPT,-0.03613734626655512
BUB3,-0.036208736719042296
GCKR,-0.03631174201914018
GNL3,-0.03632527661254635
PAXX,-0.03635381265393396
GNA14,-0.036473033218485544
GSTP1,-0.036517816096373446
WNT3,-0.03654974390133627
TDRG1,-0.036647615061718854
SCARNA9,-0.03665143960533793
HPSE2,-0.03675812312963141
SAR1A,-0.03676462349212328
RNH1,-0.0367722642587209
NMT1,-0.03685880971282438
NACC2,-0.0368773947802764
DEGS1,-0.03694718875669934
INSRR,-0.03698125129003477
AFG3L2,-0.037065803086296374
GREM2,-0.037075909309632595
NRGN,-0.03716369871726197
NDUFAF2,-0.03719283085463513
SAMM50,-0.03730027799843751
DHX37,-0.03738475494175605
DOHH,-0.0373906334192276
LINC01828,-0.03742181176558532
OR7D2,-0.03745088585978798
PRSS38,-0.0375891630914462
NAA38,-0.03765320463015983
GMEB2,-0.037715098665764876
SYNGR2,-0.037758412463648576
DAND5,-0.03779259227612076
RNF135,-0.037903885587019945
NCR2,-0.03793708004826432
LINC02019,-0.037998676592235096
C1QTNF7,-0.038012406923136455
NR4A1AS,-0.03814064945389316
OXLD1,-0.03814229041927471
RTN4RL1,-0.03815448796760135
RSF1-IT2,-0.03828124969459321
CWC27,-0.03834156590546793
DLEU7,-0.038360259159997794
DCAF4L1,-0.03837428997043486
TUBGCP2,-0.03852213002912641
TRAF7,-0.03852319665354015
EIF3A,-0.03852808860520301
DLAT,-0.03853838196105809
ETFBKMT,-0.038573149745562405
XRCC6,-0.03859850681752066
SZRD1,-0.038624996341346786
CIAO3,-0.03868011371825496
STRIP1,-0.038730058918498164
QPCT,-0.03875596436355415
UMPS,-0.038773675532043576
AVPI1,-0.03896066813961814
BET1L,-0.03905890582053095
REXO1,-0.03911501632486854
SEPTIN12,-0.03913224652799093
AOC1,-0.0391357390600075
AP1B1,-0.03921167818420019
SVBP,-0.03921485206925514
BCR,-0.0393646099003572
LINC00327,-0.03936522910592561
AHRR,-0.03941190621644651
C1QL2,-0.03942126643957806
PLAAT2,-0.03948386990958863
ACSL3-AS1,-0.03949724599109675
P2RY11,-0.03954206900663999
TSPAN19,-0.03954315458162615
EMC9,-0.03968210409332097
TAX1BP3,-0.039708996909797165
ERVH48-1,-0.03974205622651907
FBXW4,-0.03984123297429664
KLHDC7B-DT,-0.039892326765190854
CBLN2,-0.03990166433993848
STRAP,-0.03995507194582822
CKAP4,-0.04008844969526394
HYDIN,-0.04027298360520469
PJA1,-0.040274036396520045
PCYT2,-0.04040094658636201
SKP1,-0.0404175196682525
TADA2B,-0.04049131697710296
FAM136A,-0.04052930505630218
ST14,-0.04055742967540767
SLC25A28,-0.04056851620624662
MOBP,-0.040809598302046654
PPID,-0.0408163661965264
VRK3,-0.04091602836176799
KLHL21,-0.04102710351797492
EFTUD2,-0.04105439578129584
HSPE1,-0.04110632478563539
C9orf85,-0.04120895348980694
ZCWPW2,-0.041234417640128244
YTHDF2,-0.0412585541155806
LINC00265,-0.04129193306148675
POU3F3,-0.04130260261364446
DNAJC5,-0.04135412779087338
FBXO22,-0.04136326003584906
DST,-0.04139730659626829
SPAG7,-0.04141181738215012
PTPA,-0.04153950950712271
SULT1A3,-0.04165227302541298
LINC02813,-0.041660120150581376
LINC00499,-0.04171970675345207
LINC01471,-0.041760943003351675
THSD4-AS1,-0.041795529049981406
CYP21A2,-0.04181765249195733
UVSSA,-0.04182146210362024
NCL,-0.041847130973748065
PPP1R36,-0.04186452130524324
CREB3L3,-0.041881487008664134
TNFSF14,-0.04191559782083739
NSUN5,-0.04194038716993282
STMND1,-0.042010485956168624
LINC02417,-0.04212468402299756
DNAJB5-DT,-0.04219216492707634
TRAPPC4,-0.04220211656039097
CALR3,-0.042217118169584386
PABPC4,-0.04231408371792274
CLDND2,-0.04241135480357617
LINC02821,-0.042547406227599956
HTT-AS,-0.04259116911721603
PLAC1,-0.04261302710392122
ST3GAL6-AS1,-0.04271042910307208
NPFFR2,-0.042729328891731824
PTGES3,-0.042735372609852974
TMEM104,-0.042766895204036
UQCRC1,-0.042827764935492396
BAP1,-0.042887678639050776
SNW1,-0.042940788189695524
GNRHR,-0.042967976741061883
UBE2A,-0.043010161650416885
EFCAB9,-0.04302096953558879
PCBP4,-0.04304282389735263
FABP6,-0.043046090329359986
RASL11B,-0.04310809547637105
BICRAL,-0.04312377552993423
HAGH,-0.04317926699444564
C1QTNF1-AS1,-0.043202132393182616
SLC17A8,-0.04324513883416197
NDUFAF8,-0.04325734637784813
IGF2,-0.04326135522840308
DHRS4L2,-0.04335031953328791
POLR2I,-0.04335263423981202
EMC7,-0.04338391290971117
MTLN,-0.04351522464174212
FURIN,-0.04351549083119951
LINC02606,-0.043537209521443423
TCERG1L-AS1,-0.04357687489273594
ENPP7,-0.04364790073859614
SIRT7,-0.043658005360881165
MYCBP2-AS2,-0.04375022904370587
HNRNPA1,-0.04375214410064102
MIR137HG,-0.04375667678411284
TST,-0.04378550233547077
ATF4,-0.04385023822637625
TMEM218,-0.04385303436131801
ZGPAT,-0.04387145579613486
ZFAS1,-0.0439662012814102
MKLN1-AS,-0.04399473929238185
FAM221B,-0.044011687734756014
TEX264,-0.04402776386486019
BTG3,-0.04417281543880592
SFXN4,-0.04419478257731567
UGT3A2,-0.04419724291098623
ATP5MC3,-0.04428367676873536
SLC27A4,-0.04429145717345491
WNT1,-0.04434771079102461
TMA16,-0.04439411064104406
HARS2,-0.04443326930939981
NR0B2,-0.0444811013890342
C20orf203,-0.04465047547402658
PEX3,-0.04468688284402921
UBE3B,-0.0447917401079939
PDPK1,-0.044867572682103146
COX15,-0.04496568976467064
VIT,-0.044999918971971135
URGCP,-0.04500575258702448
MROH7,-0.04505004304457906
CCDC81,-0.04509746984229625
SEPHS2,-0.04513356724784388
H2BC18,-0.04518464705784769
DAAM2-AS1,-0.045194645347091375
OPN1SW,-0.04520677961365654
HTR3D,-0.045232319714448764
CUTA,-0.045264227261977014
SRSF9,-0.045271291558281364
IFI27L1,-0.045347286345727655
NDUFS3,-0.04536805073781393
MED8,-0.04540682855235104
MGRN1,-0.04542705830303329
TTC7B,-0.04546228517407604
RPP40,-0.045469633987299043
CHKB,-0.04557986264612344
MNT,-0.04558469821860198
PRRG2,-0.04563656888727186
H3C1,-0.045651109133286696
RBM17,-0.045654136154040334
NR1H2,-0.04599974374370636
CRYBA4,-0.046054735237547016
STEAP3-AS1,-0.04607447465248523
PLA2G12A,-0.04615939992531467
HTR3B,-0.046355991417782405
ZNF727,-0.04637638352680925
HSPB1,-0.04645494659084481
LINC02731,-0.04650962751163517
SYCE1,-0.04663282221424647
LY86-AS1,-0.04665404551094658
EMG1,-0.04665467693046966
ELOVL3,-0.046674137397481386
GOLT1B,-0.046705253928859276
ZNF878,-0.04674180070101222
KATNB1,-0.04696683780509466
SLC4A1AP,-0.047022383823667586
RCVRN,-0.047027520921087064
XAB2,-0.04720374302114397
HNRNPC,-0.047273108288021864
SERPINA6,-0.04727671584934434
SLC9A3-AS1,-0.04733076929908401
UPK3BL2,-0.04733890399022377
BEST1,-0.04734110595704892
FUNDC1,-0.04748900987942557
TCEAL5,-0.04749036572272944
PVR,-0.04749537739862338
SYS1,-0.04749566680609663
DCTN3,-0.047661633754949785
CDC34,-0.04768150757233812
NDUFA11,-0.04772047725579491
MAFK,-0.04774885033366552
EFNA1,-0.04788267083464176
VWCE,-0.047926166978859215
PPP1R2B,-0.047994253548802525
TEX12,-0.04806431190092732
PPIB,-0.048109704673945146
LRSAM1,-0.04834709513015875
POLR1E,-0.04835735939349737
LINC02773,-0.04837187227950588
METTL8,-0.04838020205144304
NETO2,-0.0484771717572405
ARL2,-0.048492250221990496
DDX43,-0.04857878549787127
TUBB4B,-0.04863294106197101
COX5A,-0.048678146685347236
TEKT3,-0.04882355276685956
LHPP,-0.04884106929580814
IMP4,-0.04890340173811796
F8A3,-0.049020143426196205
CCDC62,-0.04906568137706114
LINC01517,-0.049066106231919794
KIF19,-0.0490700876126644
ZPR1,-0.04908024243762047
B3GAT3,-0.04908350194560309
LINC00345,-0.04911633921765684
SLC1A6,-0.049136567417686405
EIF2S3B,-0.049351583703915326
LINC02188,-0.04935850645637097
ALDH7A1,-0.04935943388691287
NMRAL1,-0.049413276144128826
RTN3,-0.0494175625184802
GBA2,-0.04952271453042809
ZDHHC18,-0.049578746487807406
SLCO1B3,-0.04958561025017617
POP4,-0.049618939621592584
SRRD,-0.04969714761294594
LSM10,-0.04970783965251659
PFDN4,-0.04975181331302043
ENTPD1-AS1,-0.04978053626545132
PTGDR2,-0.049809143110422
RANBP10,-0.04985841197651033
PPDPF,-0.04990314121467756
ZNF781,-0.0499044400148328
SHROOM3-AS1,-0.050120241460657584
GTPBP6,-0.05014414494449784
GRID1,-0.05022098945963977
REC114,-0.05025296803011607
LINC01081,-0.05045438596217063
BRINP1,-0.05047097308601606
HSP90AB1,-0.050612995243464735
VBP1,-0.050643262061660074
CFL1,-0.05067945468705544
FLYWCH1,-0.050774860293563776
COPS3,-0.05093795714204985
MOB3A,-0.05095253246948673
ADAM15,-0.05101939155004891
KCNIP1,-0.05103479835187829
KCNAB3,-0.05107888900949583
NT5DC4,-0.05108852027920984
GID8,-0.05109472367718485
AAMP,-0.051101322513380155
SAMD7,-0.051111000741738306
LINC02569,-0.05113648639570071
ZNF668,-0.051185918433491136
PRSS35,-0.051249755640064204
ASS1,-0.05133462724191096
COL6A5,-0.05143903795446594
FAM87B,-0.051531570221909934
CISD1,-0.05171718847758235
TMEM203,-0.051743109052860496
HACD1,-0.05179073764657217
B3GALT6,-0.051854451547736734
TMEM102,-0.05186317919602692
TREML4,-0.05187772611920726
RBM19,-0.05196925580381193
MARS1,-0.0519841072552442
NDUFAF3,-0.052022997012412885
SNRNP40,-0.05202412947744496
SRSF4,-0.05204250930921549
SNRPD2,-0.05205736491407677
H2AJ,-0.05205778564556878
DYSF,-0.05215857363110541
UXT,-0.05219684419526478
CAPSL,-0.05222409654136679
ARHGDIA,-0.05237284322707507
CERS4,-0.05237754615112181
GREB1,-0.05246244791261135
OLIG2,-0.052486677211454794
CCDC12,-0.05264592455604464
MASP1,-0.05301013028797938
HCN1,-0.053038739842790575
PLEKHD1,-0.05304800099328264
PNPLA7,-0.05311102733641734
C6orf118,-0.053179050929573056
PCBP3,-0.05325925976943362
SRP68,-0.05339838123498078
FZR1,-0.05341888018477886
MORN2,-0.0534661336979827
CYREN,-0.053743750302748666
PHKA1,-0.053763366406896766
CDH19,-0.05378136516996806
LINC01300,-0.05409048003574849
SSU72,-0.05417573189487807
DGCR6L,-0.054198453804926265
MDFI,-0.054215904125408776
KCNK15,-0.05425864811912255
SNX29,-0.05435887718021924
CDK11A,-0.054397935324219604
ADAMTS7,-0.054434120222132
YTHDF1,-0.05444336935742367
DDX28,-0.05450825713576486
METTL1,-0.05452838356814207
SMOX,-0.054582205636710845
ST6GALNAC3,-0.05466706884806424
LTV1,-0.05468132037033801
OSTN-AS1,-0.054702941390194465
PYCARD,-0.05471259309116568
LGALS3BP,-0.054757863927221095
NCBP2L,-0.05478540246781893
CYP2J2,-0.05499710736906033
LYAR,-0.05502085237092951
FAM13A-AS1,-0.05504127064183845
FAM135B,-0.055054325476852885
MOGS,-0.05507940042195684
HNRNPM,-0.05510182552648618
CUTC,-0.05512562367304531
TFAP2A-AS2,-0.05520251517314146
DRD4,-0.055268631848300914
CFAP46,-0.05529261497459605
TRPM4,-0.05529501849960729
ACIN1,-0.05551888168164611
RPS6KA1,-0.05564145694912918
KCNC1,-0.05575175122896099
ANKRD55,-0.055857001983371415
TARDBP,-0.05592150956493814
TRIP4,-0.05601003377969682
MIER2,-0.05604674450287686
MIDEAS,-0.056047801167764096
ATP2C2-AS1,-0.05607455118465402
PDHB,-0.056091785847448665
PF4,-0.05622286494615132
DAPK3,-0.056247807809261786
MAST4-AS1,-0.05625539138199373
TDG,-0.05628054075014631
NFASC,-0.05634572822938013
PRDM2,-0.0563650678167338
EIF3F,-0.05638174396644473
ARRDC3-AS1,-0.05645319949022558
NFKBIL1,-0.05645604760812176
CYP2C8,-0.056503494540788395
SHPK,-0.05650539581797085
GACAT2,-0.05653209339881644
COMTD1,-0.05662900901203105
ECHDC1,-0.05663346908972773
SEC23B,-0.05672623351064386
RBM15B,-0.056767030914850185
CCDC85B,-0.05676933708863201
H2AC13,-0.05679876584972478
PLRG1,-0.05687411810263438
C9orf78,-0.057053569602064334
ELFN1,-0.05709044308717928
PSMD14,-0.057281764035847296
ROM1,-0.05730037642392391
ACTR10,-0.057389194282036
GJA5,-0.057499797785563744
MTX2,-0.05756142847477194
SCOC,-0.05757797923689661
GALNT4,-0.057602124018338
PPIL2,-0.05760411917113341
FOSB,-0.05761656347374385
PLPPR3,-0.0576986377067734
H4C1,-0.05771581458503806
MTIF3,-0.05773258157262279
LINC01230,-0.057772307125999844
C1QTNF4,-0.05782914739718988
MPI,-0.05787713242855642
GUF1,-0.05796703370272857
CACNG3,-0.05798680649462225
WDR55,-0.05804200389761332
SEPTIN4-AS1,-0.058159803228845286
LYSMD4,-0.05818160830844993
WDR86-AS1,-0.05822627420855213
OPCML,-0.05826940857973545
ZNF581,-0.05829591089415427
TRH,-0.05833120201654795
PSMB4,-0.05834259967216973
IGLV5-52,-0.058477269943216885
RNF126,-0.058536643533400816
DNLZ,-0.05857146852651397
ELL3,-0.05871445279444794
LRRC3,-0.05871851649059469
LINC01121,-0.058735460553141564
ADAMTSL2,-0.0588003370500498
CYP46A1,-0.05899531690108375
APLN,-0.059048840984040764
SMIM41,-0.05907031200036549
GRSF1,-0.05907801378257224
XRCC3,-0.0591400410907021
IGF2-AS,-0.05922456568059447
AANAT,-0.05929880346372463
SFR1,-0.059302937644606646
PHLDA3,-0.05940217112056481
MAD2L1BP,-0.05946365113722974
ELOA,-0.05947302008667267
COX6A1,-0.05968047566642214
BCL7C,-0.059743830829080496
ZNF319,-0.059754751622263014
TEPSIN,-0.05978474723617552
LINC02631,-0.059864950164400355
SRPK2,-0.059939788863127286
STK35,-0.05994808607674475
MET,-0.0600171905655416
ADRA1D,-0.06010449798987423
DYNLRB1,-0.060124062978373694
LINC01055,-0.06019742246728824
LURAP1L-AS1,-0.06019804339175173
EXOSC10,-0.06022488514584479
SUPT6H,-0.06029950569193287
OR2B11,-0.06030287280714314
NAE1,-0.06033472604861419
TM6SF2,-0.06035495601094952
DNAJC17,-0.060555897567920264
VPS18,-0.06061153444739931
LINC02156,-0.06066322784333862
TUBG1,-0.06069058976170913
CDHR4,-0.06070623539922857
PDE8B,-0.06074393311494558
SLC66A2,-0.06081957515761314
SLC22A13,-0.06106225743954023
UBL4B,-0.061116131168957026
CMAS,-0.06111746523555979
ARHGAP10,-0.06115912990164052
PEX14,-0.06120864382614552
SSC5D,-0.06131828549263222
H3C2,-0.06134278349945135
KAAG1,-0.06141530500688851
TMEM255B,-0.06161741856970373
ANO2,-0.0617010048531552
MPLKIP,-0.06174136062719126
ATP6V0B,-0.06178772022123835
LY6H,-0.06180453140719024
DNTTIP2,-0.06182358146445017
FAM162B,-0.06185164922913999
LINC00304,-0.061931611776696954
NEURL4,-0.06194009049632433
SF3B2,-0.061996499633067824
GOLGA6L1,-0.06203843446589199
RNASE4,-0.06207511681939196
HMGB1,-0.062091935507137895
RALBP1,-0.0621295202864495
LINC01239,-0.062152761172370334
CTU2,-0.06227172136965477
BCL2L13,-0.06234081954313567
PCNX3,-0.06234809562964412
ARPC5L,-0.062356110692060325
PCDHGA1,-0.062365561398521625
H2AC14,-0.06243668899447608
AQP11,-0.062481826091805505
CCDC90B,-0.0625801848531761
HDAC1,-0.06259103179882548
PPP1R8,-0.062615368706214
TAF1L,-0.06262519807509896
DTX1,-0.06264198852070119
ANAPC13,-0.06274961454601134
SYT3,-0.06275318782977608
TRPM1,-0.06289752934899302
LINS1,-0.06302335269738157
CAMKK1,-0.06303501180457524
UNC45A,-0.06306235327267685
TNFSF9,-0.06317584953053114
PACRG-AS1,-0.06326994093276211
HMGN1,-0.06332061145473501
FUNDC2,-0.06339145949628575
SFTPA2,-0.06351411514296722
ETNPPL,-0.06356808976778908
LINC01954,-0.06374051223832404
SSTR1,-0.06383640737067513
SLC7A11,-0.06383670304241346
AIFM1,-0.06385597494484155
ALB,-0.06385793896150312
ZNF835,-0.06391324806528646
H4C9,-0.0639341947823412
FSCN3,-0.06394750075951779
ZNF330,-0.06401101610921074
IK,-0.06404187951157088
C8orf34,-0.06405061540057802
GRM7-AS1,-0.06409229851967521
C7orf50,-0.06426007954543074
CYB561D1,-0.06439940650610457
BMP4,-0.06442872032322348
PCSK6-AS1,-0.06447427072315184
KIAA0408,-0.06447593504855582
TRPM6,-0.06453051193797292
WASIR1,-0.06456263568681189
LINC01820,-0.06461600640153174
POMP,-0.06462065546921851
NEFH,-0.0647181947693164
GNG5,-0.06487365654639438
ABT1,-0.06490854579444952
SLC25A11,-0.0649399442413219
LINC02517,-0.06495336122889714
FAHD1,-0.0649598402499984
ZNF84-DT,-0.06498318150761709
SPTBN5,-0.06500937065866078
CDK9,-0.0651713873917135
AQP8,-0.06523173135259579
MTAP,-0.06523530197212196
H2AC20,-0.06524089515032708
ZFHX3,-0.06524231962304687
PSMG3,-0.06524758325125839
IFNGR2,-0.06558365955407489
CCDC43,-0.0656430032409984
COX14,-0.06570021449735482
NQO2,-0.06571102978696487
FARSA-AS1,-0.06573264937105555
GTF2H5,-0.06582852793668695
LINC00683,-0.06601277427943353
TMEM222,-0.06602407942993008
PDCD5,-0.06603405203287135
SST,-0.06606526224459403
ITGAD,-0.06615927383802886
NUDT16L1,-0.06627772448818295
RTP5,-0.06628856959519909
KLLN,-0.06644402732518755
DECR1,-0.06644409128769345
LCN8,-0.06649123045398361
LGALS3,-0.06658027403319092
YIPF2,-0.06660196431297347
IL12A-AS1,-0.06669719382010682
FAM151A,-0.06674115149507581
H3C3,-0.06679097623735303
LINC01142,-0.06680879985246775
MOB3C,-0.06690421172207303
SORCS1,-0.06696668604149437
TXNDC17,-0.06712902729170774
LINC02168,-0.06718478123323376
ERICH1,-0.06732565398067364
MTERF3,-0.06737742586552878
KRT76,-0.0674465761126635
LINC01778,-0.06748468138640641
MT1A,-0.0675921796430989
LRRC69,-0.06762690227316179
PRKAG1,-0.06774360598243809
GMEB1,-0.06775154491479615
TUNAR,-0.06779491420510234
F7,-0.06781843657555166
DIAPH1-AS1,-0.06784614634523155
ADAMTSL4-AS2,-0.06786166558360542
LGALSL-DT,-0.06803862584527393
MRM2,-0.06814730525050988
AVIL,-0.06819743630882055
GAK,-0.06819906594841481
DPP4,-0.06831237044445246
TUBB,-0.06837126513638916
MGARP,-0.06852748153199006
CATSPERB,-0.0686345058074143
TPT1,-0.06865435838386831
TCHP,-0.06881161970950957
COMMD6,-0.06882778695451557
GOLGA6L10,-0.06883963733889338
SDAD1,-0.06888898699591955
PDRG1,-0.06898945000914151
PQBP1,-0.06904010443706436
H4C6,-0.06904875239911173
PSMC1,-0.0690513096138085
DLG4,-0.06907192151869034
COX5B,-0.0691046678948534
KCTD16,-0.06912805087737456
ATP2B1-AS1,-0.06924450263205181
ADRB3,-0.06930463397436452
KMT2D,-0.06937772364023463
TPRKB,-0.0695683170149578
RPP30,-0.06963326429403119
PDE10A,-0.06969547730112936
DRAP1,-0.06972593823165843
VAC14-AS1,-0.06984903302619137
MAPK7,-0.06991928737352564
SFTPA1,-0.06997672036473757
LINC02244,-0.07004111572303255
ATP5MF,-0.0700809502571989
COPS7A,-0.07015701410794208
FOXD4L3,-0.07016904465770692
EIF4H,-0.07019522836282104
DOCK6,-0.07020946821156952
DHRSX-IT1,-0.07025351078740077
MFF,-0.0704232911041321
MIIP,-0.07074318779727173
TSNAXIP1,-0.07079217472183193
NSMCE2,-0.07092119318515747
LINC02067,-0.07094556798431455
COPS5,-0.07109807647977469
LRRC61,-0.07111773448403243
GYS1,-0.07113454266371776
THRAP3,-0.07123980262269602
CAPN1,-0.0712812404689522
MAN1B1,-0.07129015944620731
CTNNBL1,-0.07148366237103382
RHOA-IT1,-0.07152033910390672
LINC01936,-0.07153569687440384
MAGOH,-0.07157134807914085
PPIAL4G,-0.07161397777267267
DNTTIP1,-0.07163942635502654
MIOS,-0.07171630724635192
LRRC74B,-0.07189711498482128
EDNRB,-0.07191108265313326
SRSF8,-0.07192873710194922
RAE1,-0.07199824873091462
SALL1,-0.0720412379839526
SETD1B,-0.07205751884174785
CDC20B,-0.07207950112920757
GSS,-0.07211223482842578
LINC01030,-0.07211992069637434
C1QBP,-0.07222238247396512
HM13-IT1,-0.07231981070927826
ABCB8,-0.07234477428257789
FAM167A,-0.07238214408699291
SAA1,-0.07239910243971659
IWS1,-0.07244072560089866
PCOTH,-0.07254228669611505
NXT1,-0.07255139794795597
H2BC12,-0.0726741423499897
AP1S1,-0.0726851477363364
EIF3B,-0.07269480557906464
GML,-0.07272269455034226
METTL21C,-0.07272497262553847
LINC01433,-0.0727325792420565
MFSD3,-0.07274712518292395
FHL5,-0.07282949548899009
CELA2A,-0.07290579981752496
LZIC,-0.07299325203074977
VARS1,-0.07321764908813036
GTF3C1,-0.07323392385865737
FAM156A,-0.07325740324013744
LRRC4B,-0.07326625967418374
ERGIC3,-0.07340442006530908
OSR1,-0.07344388032974007
HMHB1,-0.07350800597457975
LINC01685,-0.0735708060951174
UQCC1,-0.07374628323418393
METAP2,-0.07399706618285685
FBXL8,-0.07406834775246085
MIR4422HG,-0.07444626391714136
CECR3,-0.07447484962455109
CLDN2,-0.07448962651114426
MOGAT3,-0.07461031857310281
SLC25A1,-0.07462021029002673
TM9SF4,-0.07466584965162334
ADCY4,-0.07467297921054239
UXT-AS1,-0.07481296378842393
JARID2-AS1,-0.07484064952467452
VPS4A,-0.07490402089363986
SNRPF,-0.07491277267715186
ANAPC5,-0.0749269629670923
ZNF23,-0.0750884068218442
PCDHA10,-0.07509511894252688
WDR45,-0.07514039003882214
CDK11B,-0.0752211600120591
SSX2IP,-0.07529606876445626
NR2F1,-0.07534261385491582
CDH7,-0.07536192075816842
MOSPD1,-0.07537113126048088
RRAGC,-0.07539175212608336
NIFK,-0.0754760532319643
CMTR1,-0.07551931851664477
APOA2,-0.07565195891866001
SMIM12,-0.07567034739165734
FLYWCH2,-0.07571027805768843
MALINC1,-0.07575168248541202
SNHG3,-0.07591101308418319
PROB1,-0.07591649048146629
EVI5L,-0.07597628638337492
EOLA2,-0.07615785901841231
NLRP4,-0.07618356480948878
SLC35F2,-0.0761909405020938
PEF1-AS1,-0.07626270802075864
PPP1R12C,-0.07628836159192684
RBM10,-0.07629272865719998
MAPKAPK3,-0.0762990325365378
SPDYE16,-0.07648019423483096
OCSTAMP,-0.07652515683799299
PFKP,-0.07657782125302312
CNPPD1,-0.07659444478306504
EEF2,-0.07663817525758627
PCOLCE-AS1,-0.07676163756945294
ANKRD11,-0.07690556629784587
NETO1,-0.07693676980119525
PRDX4,-0.07696320327302451
TPRG1L,-0.07696643590715212
LINC02280,-0.07697493382063476
LINC01987,-0.07722413699703795
PRDX1,-0.07731296453531798
BCCIP,-0.07731363576313023
CCDC85A,-0.07733408631457048
TOB2,-0.07734654521067083
RNF10,-0.07736394315542722
DPH3,-0.07737833486603106
RHOT2,-0.07752071446889033
H2AC12,-0.07758295514307688
FH,-0.07759704198696056
RELL2,-0.07760331494576743
SNRNP35,-0.07776577526878528
BLCAP,-0.07782516794661656
ZC3H11A,-0.07788174503611513
LRPAP1,-0.07805606703480315
LINC02869,-0.07807129152418311
TBRG4,-0.07808764270995387
LINC02831,-0.0781465605675839
LHFPL4,-0.07830897320438183
ZNF516-DT,-0.07849120891769061
TMED9,-0.07856930196109026
ADIPOR1,-0.07859852488001479
VXN,-0.07859983933594512
RPTOR,-0.07875823247755528
GADL1,-0.07880486183951814
LINC01890,-0.07882990055437464
NHP2,-0.07908126655328918
ERCC6,-0.07909913190541941
FKBP3,-0.07914596446951015
SMIM35,-0.07919810014590922
METTL5,-0.0792296328153089
GRXCR2,-0.0792884381742249
VPS35,-0.07938049265182441
HSF1,-0.0793902787113946
SMIM30,-0.07939119138054818
SLC35C2,-0.07941804620387516
MFN2,-0.07952125522654098
LINC02861,-0.07965787241444046
MEOX1,-0.07967363275235695
GHSR,-0.07968256905830788
MSRB1,-0.0797370842198159
HLX-AS1,-0.07981326357339524
RETSAT,-0.07981429434969163
KLHL31,-0.07982753000752424
C3orf52,-0.07985724847681905
RSPO1,-0.08009222080214924
CCND2-AS1,-0.0801574876223397
TAS2R60,-0.0801716403765288
ALYREF,-0.0802454090993189
MTFR1L,-0.08029031121220156
PDZD11,-0.0803234624303572
SALRNA2,-0.08033716378788286
TMEM132B,-0.08044779958416337
HDHD3,-0.08045992538440673
CA10,-0.08050520322996374
ARPC1A,-0.08061659942847695
LINC01500,-0.0806210491940778
PAFAH2,-0.0807625610670691
CLCF1,-0.08090658720131341
RNF112,-0.08091229851894985
TAGLN2,-0.08095295880035362
PYGB,-0.08097830013682404
IQUB,-0.08104448549691201
RBM3,-0.08104641146722236
TMEM51,-0.08108450486622576
LCNL1,-0.08115250591647755
SLCO1C1,-0.08135045806928064
CROCC2,-0.08135672431392688
GALK1,-0.08151601152264505
USHBP1,-0.08164278704498726
DPP4-DT,-0.08176946254703771
GRIP1,-0.0818097407651519
HSBP1L1,-0.08181428973849864
ALAD,-0.08183442882249656
LINC00484,-0.08205159125787331
CNTNAP4,-0.08206365257240597
DOK6,-0.08215902409171257
SERF2,-0.08218732310671392
TMEM150A,-0.08221076866726884
LAMTOR5,-0.08231435327765446
IGSF9B,-0.08235200940009169
LINC01562,-0.08240897607555132
STMP1,-0.08245225153265692
ATP5F1E,-0.08247780917022066
MED18,-0.08256597636014361
VCP,-0.08261557461891988
ACTN3,-0.08268258411821053
PTGER3,-0.0828355844511795
LINC02288,-0.08283867453265449
FLJ46284,-0.08286036015057466
PSG8-AS1,-0.08286530988997456
HRAS,-0.08293755093739712
ARF1,-0.0829474668994214
FGF10,-0.08295681587868377
PREB,-0.08296837168901451
LINC00598,-0.08313294693790069
TRAPPC2B,-0.08322771443129912
SUCLA2,-0.08323518415994073
EP300-AS1,-0.08327090327484436
PIH1D1,-0.08334473685095528
MAF1,-0.08342221687277993
MED4-AS1,-0.08354339440109251
LSM3,-0.08357111974006558
RWDD1,-0.08358792951162644
MTOR,-0.08368619540748677
NDUFA6,-0.08371292007739953
HDAC11,-0.08371575335625445
CENPX,-0.08374314557680376
DUSP11,-0.08374646796029116
ISCA2,-0.08378914050237753
NDUFC1,-0.08381196636998445
PAPOLB,-0.08388748745611112
ERH,-0.08390857900374908
LINC02413,-0.08392714269594112
MGAT4B,-0.08394564387522507
CLEC19A,-0.08398481708213401
TPH2,-0.0841504327565667
MPG,-0.08435996511945798
RRP9,-0.08457483145120245
ATP6V1E1,-0.08464838319814404
ITGA10,-0.08466837440144648
ARHGEF18,-0.08467243917891216
YPEL2,-0.08492202501654682
TRAPPC2L,-0.08499071965997687
GPS2,-0.08502144650164152
ZIM2,-0.08508098081280509
GRM8,-0.08509885756888776
PCDH11Y,-0.08527206467313424
ECHDC3,-0.08528396082639651
CRIM1-DT,-0.08529014604641857
ZNF205,-0.08537412888070249
CBR1,-0.08548127905382344
TIMM9,-0.08549851637282352
TPI1,-0.08557375659719499
ZNF311,-0.08562093086823477
STK17A,-0.08569637459191035
DPAGT1,-0.08573055202043464
MATN1,-0.08582569451937705
AIRN,-0.08590713626972867
EIF1AD,-0.08591193276965696
CLIC1,-0.08614565282415557
LINC02736,-0.0861789393788416
ABHD12,-0.08622271443035105
DDX49,-0.08645678562760024
LINC01476,-0.08646781408577725
ANKK1,-0.08649537137857499
LSM7,-0.0865834493815294
PLIN5,-0.08661166347871264
VCPKMT,-0.08667247878531321
FRMD6-AS2,-0.08667382313601772
ERICH3,-0.08700927942542755
ASNSD1,-0.08707090977004325
LINC00628,-0.08715979388663704
MICOS10,-0.08727674076998854
MYL6,-0.08728579330474075
SMIM33,-0.08731806847255373
PMM2,-0.08737884542274985
CWC25,-0.08738354463268824
PDIA3,-0.08741277658427545
RARA,-0.08747735365410196
TMEM217,-0.08771864238887127
NIT2,-0.0878605438505291
EXOSC1,-0.08790189408624466
H2BC13,-0.08796452491809813
OGDH,-0.08800174458597489
C6orf163,-0.0881054795555224
TSPAN17,-0.08811062972797355
MIB2,-0.08828986616000115
CXorf58,-0.08837425769325376
RNPEPL1,-0.08840791707314957
LEMD2,-0.08841075805691916
SART1,-0.08846915879768333
ANKRD66,-0.08847240159729902
ERP44,-0.08855295868319256
FTSJ3,-0.08855557288452014
CCNQ,-0.08856556162440182
MDP1,-0.08873897355675467
SMCO2,-0.08883458305127663
NECTIN2,-0.08891180410988134
DBX2,-0.0889836685161659
BLOC1S4,-0.08898444156415337
DCTN6,-0.08907360997371339
FLT3LG,-0.08921731165304793
PPA1,-0.08928992066021423
EIF2B4,-0.08930692569918396
TLR9,-0.0893359417684022
TOMM34,-0.08935256717855417
TFIP11,-0.08939871907037208
DHH,-0.08958141795540835
ANKEF1,-0.08961517210067166
RAMAC,-0.08961671386397257
ZFYVE19,-0.08963725323014267
ASPDH,-0.08963764730861029
KAZN-AS1,-0.08965733867905834
CIB1,-0.08980887982704362
MACROH2A1,-0.0900520234473787
IGLON5,-0.09006727936276264
TICAM2,-0.09007309890540333
SLC2A14,-0.09023590471634917
CC2D1B,-0.09026947165919752
PIN4,-0.0902820524647262
NCLN,-0.09029491204931933
LINC00968,-0.09029947623159217
SNX11,-0.09031833278644628
IRF3,-0.09034014033876527
HLX,-0.09034631997559422
SSH2,-0.09038433489435668
GP1BA,-0.09043374277952897
NDUFB11,-0.09062820032127952
NCDN,-0.09062830873718757
PPA2,-0.09063035232301285
LINC00384,-0.09068910123029149
PTGES2-AS1,-0.09071537028773698
H19,-0.09074426506257678
ZNF408,-0.09092514770644398
HGH1,-0.09098186632173023
MZT2B,-0.09103839263688049
NOL6,-0.09118117254826602
C1orf122,-0.0912616218695515
ESS2,-0.09131820321366733
UROD,-0.09150613618740247
BSDC1,-0.09156705881254443
AKIRIN1,-0.09172889134382776
LINC02376,-0.09182854412955739
CLIP4,-0.09191110171433232
TIMM17A,-0.09193690018609671
TNK2,-0.09208803544566262
LOXHD1,-0.09215915859917105
PWRN1,-0.09216465313008922
FRMPD4,-0.0922022881054046
ADCK2,-0.09229845130047756
AVEN,-0.09230952279131178
H2BC21,-0.09249034184346139
PPM1N,-0.09289818587015644
TRUB2,-0.09294082176526108
CLIP1-AS1,-0.0930435892252693
BHLHE22,-0.09311507006844721
CDRT15,-0.0933069310102496
LINC00092,-0.0934835368280743
SLC16A12,-0.09350827761281501
PSMA1,-0.09352810113829456
CSDE1,-0.09356961614096991
ALG11,-0.09358591102737827
LARGE2,-0.09373307967033946
RNF25,-0.09373397201098993
OBP2B,-0.0937890432164714
PRR29-AS1,-0.09384210062266345
ZNF578,-0.09388966872932965
GALE,-0.09389035946247831
PITRM1,-0.09422836870099383
GAPDH,-0.09437825540478699
MANF,-0.09439021865803571
H1-2,-0.09439287554234445
SH3BP5L,-0.09444830612195337
DAB1,-0.09453268886207875
SLC14A2,-0.09458077497850552
IMP3,-0.09463365529464317
PDE6B-AS1,-0.0946714752205541
DPCD,-0.09468400582375795
LEP,-0.09479521258401868
TFG,-0.09492218691940343
GALNT9,-0.09505135512425916
H4C2,-0.09511515621690164
TMEFF2,-0.09516645188408321
ABCC2,-0.09526666353616992
MTCH2,-0.09526739919693857
MYOC,-0.09529215392188298
GABARAP,-0.09533497689757255
HSD11B1,-0.09534403064894803
MARCHF4,-0.09546925460714868
RAB13,-0.09551315594169002
BEX3,-0.09562581209101925
CDKN2D,-0.09564192611969718
CCNDBP1,-0.09564819168704392
MICOS13,-0.09571492092043649
IGSF23,-0.09573242793271927
MMADHC,-0.09580641405403705
COMMD8,-0.09586620684780078
OR2A5,-0.09594453338782746
LINC01727,-0.09595006540455386
RFPL1S,-0.09601114597975652
SERPINE3,-0.0960195358089351
GPIHBP1,-0.0960617340608248
EIF3K,-0.0960739121479756
ITPKB-AS1,-0.0961029905084469
RTCB,-0.09611384576306577
CCT7,-0.09616414207009331
GBP7,-0.09640135304058359
KCNK3,-0.09641404462466388
TTR,-0.09643409952871482
ZNF609,-0.0964960487442337
PNPLA4,-0.09652873551363342
PGLS,-0.09662202159428437
LINC02030,-0.09671588253987587
CCDC51,-0.09676726822881869
PSMD4,-0.09683628869266905
LINC02054,-0.09691338623597652
KDM1A,-0.09695824144056533
EPHA5,-0.09696711704374729
TPBGL,-0.09715271888861511
SDF2,-0.09720477112918387
H3Y1,-0.09739618352245044
SSUH2,-0.09740961966925642
EBPL,-0.09741130243667016
SRM,-0.0974531926711931
AKR7A2,-0.09749876094045301
LINC00390,-0.09753505975826762
ECRG4,-0.09779800984489881
TACR1,-0.09788356906629668
LINC01389,-0.09789197218356264
IGSF8,-0.09789435440677716
MRO,-0.0979016232485753
TMEM87A,-0.09800189412427361
MBOAT4,-0.09805648543226711
NPHS1,-0.09817598858646186
LMAN2,-0.09822797128022172
CNOT11,-0.09840069044681152
BOP1,-0.09851590851349804
GTF2A2,-0.09859286969043494
GMFB,-0.09874742612902035
EIF4G1,-0.09876453169232835
NRBP1,-0.09876548862528857
TRIM62,-0.09882098631397651
CCS,-0.0988267758639994
HYI-AS1,-0.09890345003470584
KIF16B,-0.0989312637819067
WRNIP1,-0.09899721515556811
UBE2N,-0.09905364610925964
PGP,-0.09907304632158566
FXYD1,-0.09911076106709636
RBPJL,-0.09911744559048882
ACP1,-0.09952827040226211
RIOX1,-0.0995680178741326
ZNF133,-0.09957819595379755
PITPNM1,-0.09959730951087883
SCAND1,-0.099685897967069
ZBED6,-0.09980400455728848
SAP18,-0.09980946533630049
GLMN,-0.09984794140067792
CNTFR,-0.09988549983666767
AP5Z1,-0.10005093773685082
C2CD4A,-0.10031618980280464
LINC02801,-0.10050422023912085
TXNL4A,-0.10053371732431687
VWA3B,-0.10057991633273482
RHO,-0.10092949906037887
LINC01765,-0.1009552942138327
UQCRFS1,-0.10098346099831203
LYPLAL1,-0.10112223662411723
TBCC,-0.10115615669489662
FREM1,-0.10117965638788819
THOC6,-0.10121470053179427
FAM98A,-0.10152448345874691
SOD1,-0.10161066399770426
ZNF804A,-0.10161713402486101
SMS,-0.10182994040047184
CLLU1,-0.10188271790706796
HDGF,-0.10189548260793409
LINC02073,-0.1019155422414939
YRDC,-0.10192133907694371
TMEM160,-0.10197306746602476
LINC01840,-0.10204235088670889
NUDT14,-0.10212068049966433
NTMT1,-0.10213469064202901
RECQL5,-0.10228037267871412
TCP1,-0.10229167231805009
DEF8,-0.10268308566470148
CINP,-0.10275438394584378
LINC00571,-0.10281476235432402
HRCT1,-0.10291379840842055
ART4,-0.10320764081933761
ABCA9-AS1,-0.10342430201767996
RMDN1,-0.10343278417046799
EIF2S3,-0.10346666719302156
FRMD7,-0.10351416600345556
ESYT1,-0.10354303946233993
LENG1,-0.10355099117052868
LCN6,-0.10374481293574817
SZT2,-0.10386814504473617
YIF1A,-0.10394754139654994
LINC01411,-0.10398304051142274
KCTD4,-0.10406944044738027
ARHGEF7-AS2,-0.10407787895140812
AGAP3,-0.10424013451496474
FKBP8,-0.10440819049286211
MPST,-0.10453522948020069
FASTKD5,-0.10455875257975318
SLC25A31,-0.10464197161678236
DGCR11,-0.10469531381416446
GATD1,-0.10473151083752406
NACA,-0.10497875104242593
UFC1,-0.10525905935757711
SFSWAP,-0.10531792921975561
GPS1,-0.10544394347434614
PRSS1,-0.10555373517824426
UBE2J2,-0.10566853954825751
TYRP1,-0.10567297811373386
WBP4,-0.10573712283283672
RPUSD4,-0.10581133815393903
TBC1D3L,-0.1059076346688773
PSKH1,-0.1059262353003113
PANTR1,-0.10594992206132037
ZNF316,-0.10598028602799628
LINC00377,-0.1060116118144894
CHMP1A,-0.10609953298542614
EIF1AX,-0.10613024763382438
PRTN3,-0.10627490322358424
ATP13A2,-0.10634335033304584
BTF3L4,-0.10642738867410016
CRYGN,-0.10660994030520636
LINC00482,-0.10666333122511287
ITIH1,-0.10669310646920856
FAM76A,-0.1068068849468372
CORO1B,-0.10692686900741105
UQCRH,-0.1070600074295713
UBAC1,-0.10721200723951561
STK25,-0.10724324697660313
AP1G2,-0.10727350612791656
LSR,-0.10732434671589287
APLF,-0.10734954959960881
SMIM26,-0.10737655313220813
RELN,-0.10743006636312823
NDUFA4,-0.10754468132116198
RASSF7,-0.10756483934168388
POLR2G,-0.10757497888403199
CARS1,-0.10762228973495626
CD300LG,-0.1076625360356534
NOC4L,-0.10769241331415443
ZNF622,-0.10769347652360309
POLE4,-0.10770184756780811
ZUP1,-0.10778847248067981
ADGB,-0.10789919388599792
PLEKHF2,-0.10793405002892804
LINC02680,-0.1079966325391509
COX17,-0.10800737126143115
MED27,-0.10817996309722853
NEAT1,-0.10819727735207182
SEC16B,-0.10824721583440035
PAX1,-0.10824862455448644
EAPP,-0.10830419939375834
NDUFB4,-0.10847956738017966
H2AC17,-0.10850201675329232
DAZL,-0.10870739740044565
PSME3IP1,-0.10873344474599916
SERBP1,-0.10874579957512531
DPY30,-0.10905115784567881
MCRS1,-0.10909408045890996
FRG1,-0.10915539556574454
PHF23,-0.10917374947810546
VAPA,-0.10920770115592741
YARS2,-0.10933529048845866
METTL14-DT,-0.10951855346624821
QARS1,-0.1097090020928219
JPT2,-0.11003688918451651
RIOX2,-0.11024349018999638
CPLANE2,-0.11049645971956953
PLPP6,-0.11050708434894975
PARD6G,-0.1106146298688632
LINC00900,-0.11067221550887231
FAM3A,-0.11078829009205712
CCT2,-0.11086117396189091
TP53RK,-0.11087110825925472
UBE2E1-AS1,-0.110909556314964
LINC01435,-0.11112490998832675
UBXN6,-0.11140105972327036
FBXL6,-0.11156583104815686
TXN2,-0.11171104660887207
PDHA1,-0.11207408216951728
PTTG1,-0.11252860352078715
PDE4C,-0.11262585094375682
RALGDS,-0.11291838211395673
WWOX-AS1,-0.11291894866290854
TACO1,-0.11293343601380455
LYPLA2,-0.11316318632992485
ZCCHC17,-0.11350385549965587
DOCK9-DT,-0.11362160429104383
YARS1,-0.11362682269568743
EMC4,-0.11366876246770187
EWSR1,-0.11368621952178985
DOP1B,-0.11382145125037614
HAO2,-0.11388126998543714
DIP2A,-0.11390630527510594
E2F4,-0.11408434187826932
LINC00710,-0.11412793786426872
TRAPPC3L,-0.11412942218824558
STX5,-0.11414482920782876
BTBD6,-0.11419854843981296
SAMD14,-0.11422744449740796
PIANP,-0.11435290161867313
LINC01587,-0.11449722963873553
LINC02150,-0.11487179272681981
BRWD1-IT1,-0.11505813155571402
PLEKHJ1,-0.11506958049686226
CHCHD2,-0.11512119745983873
IGBP1,-0.11521267502562545
CLPTM1,-0.11525445640443696
HIP1R,-0.11527480369083011
TRNAU1AP,-0.11535333267574273
FABP1,-0.11541808221406925
TMEM63B,-0.11551159298538857
GPR85,-0.11560839879851015
PDCL3,-0.11585796456961395
CDC26,-0.11599953256260394
TIMM10,-0.11609817399829177
CIAPIN1,-0.11614195351843364
SPEM1,-0.11618660633052973
ATP1A4,-0.11623067550733501
RBIS,-0.11623650765123089
MRM3,-0.1162399295211032
TNK2-AS1,-0.11624260429423539
SERP1,-0.116261517260999
SMAD9-IT1,-0.11630109071176668
SSBP1,-0.11661028798686397
MYL12B,-0.116638604900173
CC2D1A,-0.11707260578159465
CCDC183-AS1,-0.11709363713576476
LINC02078,-0.1172114693894079
DHRS4,-0.11721781660167802
GALR1,-0.11725926280168189
RABEP2,-0.11740760344921253
SLC12A5,-0.11745596817308868
RABGGTA,-0.11757335945641302
AFP,-0.11760592199423614
LINC02860,-0.1178211581008302
LINC00567,-0.11789083061050162
LINC01852,-0.11813840898241881
BRK1,-0.11828183223087184
RARS1,-0.1183497087408147
ARMC5,-0.11838562927992327
TMCO2,-0.11840850485265361
NR1H4,-0.11851964503253105
GPR42,-0.11863129076397241
NSUN2,-0.11883270976473301
CDK10,-0.11891226651984664
XRRA1,-0.11894638629301424
ADK,-0.11918813414641252
NUDT2,-0.11919200177886699
CDK7,-0.1191961962565878
GLRA1,-0.11928613687411192
KLF13,-0.11931966454693008
ATG13,-0.11936265841865443
H2BC10,-0.11948109660936833
LINC02733,-0.1195825906761572
PGM1,-0.11962159270560828
LINC01091,-0.11962227926396814
EIF3I,-0.11964697701713836
CYC1,-0.11964961058479219
PCDHA4,-0.1197590962394726
EBP,-0.11983106064417398
MICU2,-0.11988273717537137
APOBEC3B-AS1,-0.11990427788458906
WWC2-AS2,-0.1200741711382887
ARFGAP2,-0.12011560070651546
RPUSD2,-0.1202568477988133
SLC12A5-AS1,-0.12028638442110058
OR5AU1,-0.12037235251584072
NCF4-AS1,-0.12055729075605436
RPN2,-0.12080388067551993
GPN2,-0.12086564100107387
RACK1,-0.12104457491609254
TIMM29,-0.12106482209073215
IL19,-0.12106760452552265
ARMC6,-0.12127982034502348
DAD1,-0.12132237737659025
TMED3,-0.12133723445174073
SUMO1,-0.12134640602907025
YKT6,-0.12143672458576628
SDF2L1,-0.12147421456517782
TIMM13,-0.12152224438583913
OR10G3,-0.12162904577079513
LINC01991,-0.12163529432783755
CSNK2B,-0.12167569116581876
CCM2,-0.12203691791921473
MMADHC-DT,-0.12210299678848338
HMCN2,-0.12219686982833933
MICA,-0.1223158461387147
DNMT3L,-0.12232350136732155
LINC01310,-0.12239223365509404
TIMMDC1,-0.1225909719329372
MTA2,-0.12270647664144131
APEX2,-0.12275032417534636
TRPC4AP,-0.12279200488291382
WDR18,-0.12296166387625042
COX7A2,-0.12303878145674947
IL17B,-0.12310357490369035
INTS1,-0.12313658044816118
CCDC137,-0.12317467301680732
DDX23,-0.12319218095467153
HNRNPH2,-0.12321699448172058
CHRDL2,-0.12321887245128252
RPUSD1,-0.12333726234369465
FNTB,-0.12334352985989977
LINC01388,-0.12352853939368987
OTOF,-0.12363287191348134
CIAO2B,-0.12366122774141985
CBX4,-0.1236941628523934
HDAC11-AS1,-0.12379358386058603
CROT,-0.12390891680096477
RNASEK,-0.1239107948572822
IER3-AS1,-0.12393067448306619
SEC11A,-0.12397699262473122
NOP10,-0.12418023893530178
CT55,-0.12420323549408484
CACNG8,-0.12435159299144265
UBL4A,-0.12456233760498499
PFDN6,-0.12460546130041486
MKNK1,-0.12465378934785105
TM9SF1,-0.12499630591696337
JAGN1,-0.12507036916341413
POU4F3,-0.12531148853973192
EGR1,-0.12533703347898184
TRERF1,-0.12534449452166432
ATP6V0C,-0.1254478694310304
CCDC103,-0.12550146852714059
NDUFC2,-0.1255719594747483
MIR205HG,-0.12559384150874997
NOS3,-0.12572945910586467
DVL1,-0.12577938075770864
DNAJC11,-0.12598944062754375
FFAR4,-0.1259988012536014
NELFE,-0.12603244912191222
UBTF,-0.12615467963336294
NDUFS8,-0.12652716625804183
CRADD,-0.12659182260100238
NRXN2,-0.12661664902387634
TMEM53,-0.12664524008502814
UQCRC2,-0.12673197021348828
UBE2M,-0.12679667699192124
PLCXD3,-0.12692303282086936
CENPB,-0.12696868013459991
DNMBP-AS1,-0.12701159970756862
APOC2,-0.1273382606736847
SPTA1,-0.12740613374551188
SNX15,-0.12742021125480452
CITED1,-0.1280219670642309
CCDC22,-0.12804280704644352
TARS1,-0.1283926298989351
CPNE1,-0.12851591422786207
PGM5P4-AS1,-0.128536603491639
C5orf34-AS1,-0.12861522800815048
FMN2,-0.1291959058448915
NUS1,-0.12928274606337742
H4C8,-0.12961746797380264
GSTM5,-0.129863720437207
H2AC21,-0.13046243133395988
UQCC2,-0.13052925399776458
TMEM141,-0.13059392332603756
PDXP-DT,-0.13061929361615837
GSPT1,-0.13074168532021524
LINC01182,-0.1308448768676602
KCNJ6,-0.13087151782854997
HCCS,-0.13087666520250565
EXOC3,-0.13094961890088555
CD163L1,-0.13097741482989872
SMPD2,-0.13108864176788818
CDC42EP1,-0.1311271280353474
LINC02555,-0.13125308932854227
TMEM169,-0.1313128289216728
ZNF335,-0.13145438796782255
SERTM2,-0.13170553608516014
GRIN3A,-0.13174053321701182
TCF7L1-IT1,-0.13183588070279337
ITPKC,-0.13220097531655037
SPESP1,-0.1323508942391083
WDR46,-0.1323780733221889
DBNL,-0.13255257652271563
RDH14,-0.13264230576988717
LINC01962,-0.1327183261982587
SURF1,-0.1328009925365995
EMC3,-0.13294368449900534
ZNF467,-0.1329818951034112
MYG1-AS1,-0.1330326933720543
BRMS1,-0.13339933278401353
RGS7,-0.13344154663071559
SEC61B,-0.13348033157416941
HINT1,-0.1335929181675333
TSPO,-0.13395951055014094
POLR2K,-0.1339788442140795
FGF23,-0.134001807827916
LINC02365,-0.13403466201252584
PPP1CA,-0.13409508255812425
HSBP1,-0.13439377113630638
IFRD2,-0.13445042676972999
SWSAP1,-0.13469109032318508
CIB3,-0.13474702288293514
TMEM14B,-0.13515433538755756
WASHC3,-0.1352748065161332
TMEM130,-0.13529186007204744
DUS1L,-0.13544097777190914
C18orf21,-0.13544311470858025
SDHD,-0.13550116931714926
PTPN23,-0.13557525433288847
BORCS6,-0.13558365352247262
RABGEF1,-0.1356318827972982
DPP6,-0.13565044302377005
DAW1,-0.13570978493998323
BBOX1,-0.1357490963379104
TEX11,-0.13586604093982876
NPHP3-AS1,-0.13589383289810678
CCL14,-0.1359186737254786
PTS,-0.13601826689656854
LINC02147,-0.13602927789675015
TBKBP1,-0.13603222611710153
TRPM8,-0.13629843601020472
CRELD2,-0.13636304532348498
CACNA1G-AS1,-0.13653423282153368
TARS3,-0.13669887476910136
RPP25L,-0.13676208947337745
RAB1B,-0.13686075611140905
AAR2,-0.1370956143059869
IGDCC3,-0.13725461271637962
THAP4,-0.13728600190097456
CPNE4,-0.13737029014960164
NPLOC4,-0.13764508133291775
PSMD12,-0.13774789993896294
TMEM101,-0.13775620917991735
COX4I1,-0.13788343985580018
HEBP2,-0.13794269419194588
ZP1,-0.1379905964596608
VPS16,-0.13801465145213976
ZMYM4-AS1,-0.13811035457972254
DGUOK-AS1,-0.13828585357372192
GALP,-0.13859488394640268
FANK1,-0.13869421714269622
UBC,-0.1388847425818231
FTSJ1,-0.1389217793881332
DRC7,-0.1389349068600422
KATNA1,-0.1389364583776954
EFL1,-0.13917111147625089
C14orf119,-0.13923928145535952
PSMD8,-0.1392522559835325
KLHDC8B,-0.13932892659636384
MED6,-0.13935232291971222
CYP3A4,-0.1394625751047565
VPS25,-0.13957350783547415
ARFIP2,-0.13965791467140556
LEO1,-0.13967702416706643
TIMM22,-0.1397395157840876
PSMD3,-0.13993025654726565
RTF2,-0.13994914866610153
ALDH1A2,-0.14010073878624313
LSM14B,-0.14012783220365885
SLC52A2,-0.1402648992230021
OR2V2,-0.14034597182311315
SFXN5,-0.14038010055024827
SELENOO,-0.14055007907800032
NUDT15,-0.14066302151809867
LINC02513,-0.1406934862813686
PSMC6,-0.1407044884387872
LINC01726,-0.14085006755391952
SLC17A7,-0.14086015613899533
LINC01926,-0.1409348334008825
EIF3M,-0.1411708845041358
ARAP1-AS2,-0.14117489397060717
GPM6A,-0.1411859916380124
FAM89B,-0.14142909352215347
EZR,-0.14158721078657094
RSL1D1,-0.1417257613978218
SYAP1,-0.14175000136684107
BMX,-0.1418374682022907
COASY,-0.141895523189837
CLSTN1,-0.14202506779848653
LINC02693,-0.14208358086855677
SNRPC,-0.1422095473300299
TALDO1,-0.1427439651293682
LINC01612,-0.14289038269538318
GUK1,-0.14300398770906064
SCTR-AS1,-0.14306291224911158
FARS2,-0.1431151075224106
EIF4A3,-0.14314134375625184
HCG20,-0.14314623755674158
FGF18,-0.1432683418614733
TP53I3,-0.14328201781110111
INSYN2B,-0.14331225094686662
TRMT12,-0.14332275020800056
SF3B6,-0.1433809248989586
TBC1D22A-AS1,-0.14352506709005905
DDOST,-0.14391845251048432
PLBD2,-0.1439212659214175
ADPGK-AS1,-0.1439502207774814
ATP5F1B,-0.14411249052188854
PPP1R15A,-0.1443991322399891
EIF3G,-0.14448340177305402
GTF2B,-0.1446483220451709
SMU1,-0.14470489677846327
TMEM114,-0.1447283237196019
KCTD2,-0.14496788490765475
TRABD,-0.14500214453174928
NPM1,-0.14510223374869732
ZDHHC20-IT1,-0.1451044834730742
SLC6A3,-0.14512118602338311
ATP6V1F,-0.14527703861758046
CHCHD1,-0.14529830105086725
NUDCD3,-0.14551862914614205
RABGGTB,-0.1455896373369011
PIGBOS1,-0.14566778595125018
POLDIP2,-0.14570467313045163
H2BC9,-0.14574466480435164
FASTK,-0.14582779819417344
H3C7,-0.14583724130249892
LINC01625,-0.1458433556181251
MAP3K6,-0.14605647105988506
NDUFS4,-0.14609472247294047
BACH1-IT2,-0.14613723577133786
MIR497HG,-0.14635594320894785
DCTN1,-0.1465686446767507
NPPB,-0.1465781245764191
IMPDH2,-0.14668600487905675
JPT1,-0.14669924997418965
TBX18,-0.14681256675456644
NDUFB6,-0.14692703243411318
SLC35C1,-0.14724919841060896
SLC49A4,-0.14725973244952403
LINC02538,-0.14728115476498427
R3HDM4,-0.14751734824918136
ILRUN,-0.14757736592745274
DNAJA2,-0.1477544838334376
ESD,-0.14782636674435462
HTD2,-0.14783184615079334
C6orf47,-0.1479572257236029
ZMIZ1,-0.14806440823814546
ITPA,-0.1480761231914749
H2AC6,-0.14811528153061687
LINC02201,-0.14813508384376653
COL4A2-AS2,-0.1481718230001629
KHDRBS2,-0.14841760845990848
DCTN2,-0.14848542850739593
NOTCH2NLR,-0.14859853973096787
SS18L2,-0.14867538220681636
SEC14L3,-0.14876679090521103
MED19,-0.14877403029360484
LYPLAL1-AS1,-0.14894727575338634
TBILA,-0.14924032801104958
SRP14,-0.14926965773015785
PSMD1,-0.14934407197666297
STAB2,-0.14937458429516676
SLC10A3,-0.1494978082894297
IDH3B,-0.14949936868670244
PUF60,-0.14950657982625284
PIN1,-0.14964026780153342
SAP30BP,-0.14964841976213816
PRICKLE2-AS1,-0.14983970082077
SFTPC,-0.15003682726437975
S100A11,-0.15003769597077338
AK6,-0.15040608668939776
ENTR1,-0.15042042738344436
NOSIP,-0.1506316029669204
CEBPD,-0.15121525599972732
CLVS1,-0.1515462315387025
ELAC2,-0.15157776612886872
ANAPC2,-0.15166524352296265
TRPC3,-0.15187039556708676
SLC28A1,-0.15254346782933148
COX6C,-0.15270291334093042
TIMM17B,-0.15296440266379419
CAPN11,-0.15316282361783098
EIF2B1,-0.15327475656679648
COQ4,-0.15330491451356218
EGR3,-0.15359749976052697
UBL7,-0.1536961466053739
LINC02690,-0.15376873511851755
EIF4E2,-0.15389382556993536
ARAP3,-0.15390896181193456
NQO2-AS1,-0.15395851324661744
CALR,-0.1541528750968425
EIF2B3,-0.1542259408179253
HIPK4,-0.1543335567698606
FAM180B,-0.15436168706072892
LINC02669,-0.15444142464637123
ATP5F1C,-0.15465534250330357
JMJD1C-AS1,-0.15467459722132054
ARHGAP15-AS1,-0.15497135767697945
PFDN2,-0.1550746061676209
LCMT1,-0.15518554885115238
SLC25A6,-0.15530333142965233
NSDHL,-0.15549420555365046
SLC66A1,-0.15555029232354783
TNR,-0.15563858122905427
APRT,-0.15575204988773017
SLC8B1,-0.15576163263933374
ADRM1,-0.15579401909842638
EXOC3L1,-0.1563581776325099
NDUFA3,-0.15640671624158622
DESI1,-0.15680508799593157
CLMAT3,-0.15687406774487786
NDUFB1,-0.15692543432172548
MKNK1-AS1,-0.157279184585796
EBNA1BP2,-0.15746052387588194
PGAM5,-0.15746379695743065
GFUS,-0.1575276589545237
ZFAND2B,-0.15754462669889358
MMS19,-0.15761317329183996
NAP1L4,-0.15777134038918703
SUMO2,-0.15798296157724911
OR3A3,-0.15826332741326957
NOTCH2NLA,-0.15844126982489512
DIAPH2-AS1,-0.1584499510234932
STK11,-0.1586951462701307
EEF1B2,-0.15870398799186994
AXIN1,-0.15871170630978454
ALK,-0.1588277282347223
NELFB,-0.15913582571130158
ACAD9,-0.15932830307017146
GRIN2B,-0.159329559932177
TTC1,-0.15951918805000306
ERICH6,-0.15954725863081173
NME3,-0.15966710372128426
ATP5MG,-0.15973547801734497
SURF2,-0.15983332420731003
ASB2,-0.1601232950350193
LINC01436,-0.1601301392115596
EIF3H,-0.16013145473262966
ETV3L,-0.1603005057458602
SEPTIN9,-0.16043565657846934
NDUFB7,-0.16058019973924773
PUM3,-0.16085218213380498
LAMTOR2,-0.16086378266365922
AMDHD2,-0.16086683615333663
DDX41,-0.16097029269402433
SELENOS,-0.1611871694787293
CYP2U1-AS1,-0.1613170469602281
GRHPR,-0.16158938712657667
SNAP29,-0.16174095686542095
SNX5,-0.16197760047757973
EXOSC4,-0.1624961276016543
UTP3,-0.16267071849924358
LINC02332,-0.16275702781759607
PCMT1,-0.16321365301793517
INTS5,-0.16354475310836447
TBCA,-0.16364515131176902
SBF1,-0.16376909862290076
SGTA,-0.16379808139055657
DPM1,-0.16385899923924133
PTPN5,-0.1639068460154871
LINC01973,-0.16443450355544087
GLRX3,-0.16451436399681293
ANO3,-0.16455423969261282
NDUFB2,-0.16484701871258503
LINC02104,-0.1648566774261827
LCN10,-0.16493856951173733
PBDC1,-0.16498762914877327
RPP38,-0.1652308739814146
PKLR,-0.16524288343346166
ANAPC11,-0.16526650251518568
LINC02805,-0.16559346152551516
MRGBP,-0.16599158184749285
TCEAL2,-0.16601543574464217
ELANE,-0.1664164056488644
NOTCH4,-0.1665611715529465
TRMT61A,-0.16664067143973504
APEH,-0.1668719400060154
MRTO4,-0.16689142760292983
SLC6A7,-0.16702082753415462
PGA5,-0.16714962430310354
LINC02515,-0.16737756412921234
TBC1D3D,-0.16757611889671759
TLDC2,-0.16792741201892455
TMEM259,-0.16812780271808664
CRX,-0.16821180268132976
TMEM69,-0.16839126448035596
ABCF1,-0.16851541479840076
H1-1,-0.1685362270700652
LINC00612,-0.16857082565262202
LINC02580,-0.16864391062450543
FAM110A,-0.16885047933202874
GPATCH3,-0.16891310708458682
METTL26,-0.16902081963450372
LINC02217,-0.16926973905362358
UBL5,-0.1693951717776587
CA6,-0.16955432693817013
TXNDC2,-0.16955998220076574
ARF5,-0.16972737697056325
SHANK3,-0.16981097534358292
TAF1D,-0.16994541177687358
NSFL1C,-0.1699621265711212
DOLPP1,-0.1701432127161081
COPZ1,-0.17049498950292083
ZFAND6,-0.17082496038942796
CLN5,-0.1708285843442967
CD2BP2,-0.17095050562512057
PARK7,-0.17102513170565387
ZC3H3,-0.17121361308753608
RAB43,-0.17123530714881768
COG4,-0.17128955401044466
USF2,-0.17129489082871266
SLC39A12,-0.17131065174745178
LINC01419,-0.17186800070249444
DYNLT1,-0.17215717760963303
UBE2D2,-0.17237823777774175
ANKLE2,-0.17240183923862767
ACTR5,-0.17284113808884477
LINC01366,-0.17295326632791982
UBOX5,-0.1730129815065078
DDX54,-0.17303207264708156
CCDC17,-0.17325027499708404
PRRG3,-0.17325430305706663
NIT1,-0.17331756364026144
OCIAD2,-0.17337132742000189
FAM174C,-0.17340879665316053
C5orf47,-0.17342174432552412
RTCA,-0.17356148764942977
PPP1R7,-0.17370048941565025
EIF3D,-0.1737697990343585
LETM1,-0.1738873140211583
PRDM16,-0.1739572368963262
MIR222HG,-0.17406563980745257
PEAK3,-0.174260225576453
C19orf53,-0.17426118799765686
PRPF6,-0.1742621809086743
HDAC3,-0.17446402403075434
ATP5PB,-0.17447527368606938
CD44-AS1,-0.17448953819196544
NOP56,-0.1745754168160698
BAG1,-0.17468887106163777
PCDH11X,-0.17500860301546306
MMP27,-0.17503202837717954
ANXA10,-0.1751303400667116
PCBP3-AS1,-0.17514322655572184
LINC01227,-0.1752245142884511
TRIAP1,-0.17539439613371938
OTOA,-0.17593784454143674
ZBTB17,-0.17622594570535005
GNB2,-0.17631103481100782
MESD,-0.1765031811538741
DNAJC8,-0.17656175801647928
YBX3,-0.17661975232308033
GP5,-0.1766232955400284
LINC02357,-0.17665539504099306
MIR2117HG,-0.17678272544060356
PUS3,-0.17683047747858052
NDST2,-0.17692494954109816
TMEM215,-0.17713395381947702
PSMG2,-0.17713905319560508
EMX2,-0.17749434929492985
RTRAF,-0.17752967457341545
TUFM,-0.17773029287567932
ATAD3A,-0.17812275435898706
MCF2L2,-0.17827001126087078
BMP10,-0.17834508712666902
HIKESHI,-0.1783536297975552
ATG2A,-0.17896320540271643
PIP4K2C,-0.17911773221113614
ECHS1,-0.17924106698352824
LINC01985,-0.17938159236301102
LINC02828,-0.17941926344938897
ATP5PF,-0.17965832674266813
ACOT13,-0.1800942167305181
PDZK1,-0.18013290610935329
NDUFA1,-0.1803944072849789
PSMD6,-0.18046010307390442
SNRPB2,-0.18055967648269827
ZNF585B,-0.1805972758210025
MAIP1,-0.18076110180780933
PRX,-0.18078957456161604
CLP1,-0.18148231848426355
MAP7D3,-0.18193969577570548
ABHD17A,-0.18210806072374588
TEKT1,-0.18214634264397267
LINC01487,-0.18215365302988132
IPO13,-0.18219920329670306
PPIL1,-0.18240273325121587
GMPR2,-0.18241578473579872
H4C5,-0.18260674380084624
HAR1B,-0.18271332251445144
ETFA,-0.1831173535724164
ANKRD34A,-0.18362636986445152
NAA20,-0.18365926254699216
ZNF295-AS1,-0.18392805189936556
SLC25A39,-0.1841056721663898
H2AC4,-0.1841340883796937
BCL2L2-PABPN1,-0.18417795101831747
CASP6,-0.18447224059091694
PYM1,-0.1844889725875581
MED11,-0.18463696831711318
LINC00840,-0.18464630845709096
RPH3A,-0.18500848483225274
PERM1,-0.18542551870741358
LINC01931,-0.18546616613363723
KCNRG,-0.18550842896191855
EIF6,-0.1861107346749234
OAZ1,-0.18622801299760985
CACNA1G,-0.18666985129955185
NDUFAF1,-0.18668025776915675
KIAA1210,-0.18678360006011482
NDUFA8,-0.18683385846100944
PMVK,-0.1868380566856738
ANO8,-0.18695047049919933
GGN,-0.18719026982993564
NDUFV1,-0.18720251215406594
LUCAT1,-0.18726632087483377
IDH2,-0.18753457664806067
PACSIN3,-0.18755080719845646
C8A,-0.18757379212582917
TMEM165,-0.18766740652331723
RPF1,-0.1876681389162998
FIS1,-0.18779988847551518
ACTG1,-0.18781884386727482
RBCK1,-0.1878211725131292
DGCR2,-0.18799816132114114
SLC24A1,-0.18839372208751637
CCT3,-0.18852332630331237
ATP5F1D,-0.18874898115643335
PNMA8C,-0.18878349021803958
LINC00332,-0.18878574731675343
TMEM190,-0.18902208111179788
STOML2,-0.18910291174368607
LDLRAP1,-0.18922275646672335
TMEM187,-0.1892323451782028
PES1,-0.18926526292452073
CDC37,-0.18928156955341216
LINC01915,-0.1893149661912368
NT5C,-0.189468409701185
LPAR4,-0.189587120102768
GYG1,-0.18963158871732297
NDUFB8,-0.18965483090471427
DNAJC7,-0.18968467955318544
TXNDC9,-0.18969285496144977
HSPA4,-0.18977200568616778
VPS29,-0.19042085654669663
DDX56,-0.19096145380015297
FAM167B,-0.19105823642852618
PSMD13,-0.19144641204056584
TRMT6,-0.1918810569060032
ZNF99,-0.19190864569211857
ARPC3,-0.19223722042750124
SRD5A2,-0.19223868126537955
GET3,-0.1923532926366506
PGA3,-0.19259579175209926
TMEM250,-0.19297639428396363
RBX1,-0.19311284521436434
LINC02393,-0.1938884811908539
PSMA4,-0.19400553482463032
FOXN3-AS1,-0.1940539648661113
BOLA2B,-0.19414473347001587
STYXL1,-0.1946118731540207
UQCRQ,-0.19474766952049213
GPR162,-0.19478388127400062
HIPK2,-0.1947882976858087
SYF2,-0.19490785037054442
LINC02392,-0.19495998505523607
MAS1,-0.19560733069855754
TCF21,-0.1956989991652794
CNBP,-0.19582091406956717
PPP2R2D,-0.19629552053153596
SLC16A6,-0.19643066704370724
EMC6,-0.1965045275182203
GTF2F2,-0.19663439097962104
PWWP2B,-0.1966456867471715
EI24,-0.1970479539997269
COPS9,-0.1971543936921688
YBX1,-0.19753270996214017
NDUFB10,-0.19809833126872292
PPP1R14B,-0.1982907901156241
NOP16,-0.19839992492434266
PUDP,-0.19851807823051584
TSG101,-0.19898515144247095
BLOC1S1,-0.19925027462084904
STN1,-0.1993573219457769
WIPI2,-0.19940835978133886
LRRC42,-0.19991553743259632
MCTS1,-0.20002366919740022
FKBP14-AS1,-0.20004435645141314
SNRPB,-0.2004099574395981
ZNF536,-0.2008219487470276
NRDC,-0.20102495475289672
PSMB1,-0.20106592491808056
IGFBP1,-0.20115322554056456
KARS1,-0.20117348433578913
CACNA1E,-0.20124457629079975
IQSEC3,-0.20125936839938754
KIAA2013,-0.20176771565384471
FAM110D,-0.20292507537796906
TRMT10C,-0.20311132255610703
LINC00517,-0.2034977884914755
H4C4,-0.20358172515028305
MPHOSPH6,-0.20360300065542822
HNRNPAB,-0.20387523416257583
COL13A1,-0.20387878592132513
DMAC1,-0.20394851915035508
COX6B1,-0.20398959257442517
CCNC,-0.20425592591235697
TRADD,-0.20449649887711457
CEP164,-0.20489306692432901
PRG4,-0.2051078111241483
LINC01093,-0.20558222749289817
NDUFAB1,-0.20563927925380587
RDH8,-0.2057954033337612
TMEM126A,-0.20585437140036728
TUSC2,-0.20599470938079867
MAP2K2,-0.20611086660415703
PWP1,-0.20616815208736988
GEMIN8,-0.20640950815262385
SHARPIN,-0.2065027981099047
GLP1R,-0.20661634785563476
AK2,-0.20681162192365876
RASA4,-0.20698686949733708
CCT8,-0.2071082087523446
RNF181,-0.207805702809471
SLC18A1,-0.20808380571498608
STMN2,-0.20819788579193158
GDNF,-0.20845259322341042
HTT,-0.20865913042483025
SF3B5,-0.20874229884293727
SUCLG1,-0.20877254273153734
RRP36,-0.20967594301019263
LAMC3,-0.20979950959412508
MOB2,-0.21010191434730105
PEBP1,-0.21029194746802982
ARHGEF9-IT1,-0.21037508816793316
ENO1,-0.21045977824821838
STK11IP,-0.21048342969490474
GJC2,-0.21099589536808477
FKBPL,-0.21125671641274565
VPS28,-0.21130513599115788
ZNRD2,-0.21130593025610955
RPGR,-0.21218806551689792
GHITM,-0.2122276273350009
REXO4,-0.21281888840799998
SFT2D1,-0.21332538815501
WDR24,-0.21333210486575746
ELOB,-0.21347887549529412
ANKRD30B,-0.2139625018505946
FAM32A,-0.21419972549810956
AEN,-0.2146813673138502
ROMO1,-0.21557991811746133
SLIRP,-0.2158602440888641
BTF3,-0.21591873446689455
DGKQ,-0.2161726252528618
SUB1,-0.21643531459679263
SOX17,-0.21650645423820805
COX8A,-0.2165351884248431
OTUD6A,-0.21659865048045585
CDH6,-0.21705234516289684
FBXL15,-0.21709544073810397
ZNF416,-0.21721657172659492
MTG2,-0.2173904405694815
TMEM11,-0.21743461474222078
UQCR10,-0.2181828510074537
PSMC3,-0.21829639019529312
TSPYL1,-0.21890444007459975
H3-3B,-0.21912975446041016
ACR,-0.2198814534805517
UBE2L3,-0.2202463899218813
LINC02278,-0.22033496897829583
ASGR1,-0.22058729899294463
NR2F6,-0.22080555943232752
PCDH10,-0.22098177169887778
ATP5IF1,-0.2211518699733589
TRIM47,-0.22153824317868098
VDAC2,-0.22189598770253152
MGC27382,-0.22206537652331013
CLNS1A,-0.22210413172193066
SLC25A3,-0.22225465262519342
TULP2,-0.2222645825118965
PPP1R14A,-0.2223624820908567
GTF2F1,-0.22332804866384195
C13orf46,-0.2235236553616646
SYNGAP1,-0.22364435797476917
AHSA1,-0.22368795663887078
NAA10,-0.22381123540567793
NOC2L,-0.2238865258695009
TRIR,-0.2242548176919002
SDR42E2,-0.22427259823623166
MIR4713HG,-0.22433649455436766
CRYL1,-0.22471747303007597
ASGR2,-0.2247360075627604
SARS1,-0.22475605035201957
ALKBH3,-0.22485571407884974
CHMP2A,-0.22512205454157727
DACT3-AS1,-0.22591237344355025
UBA1,-0.22602159284465473
NDUFA12,-0.22626124799266684
SGO1-AS1,-0.22658124495504728
PDF,-0.22708649069617579
CETN2,-0.2271031760744699
LINC00664,-0.2272025758524858
WDR77,-0.22721589970947303
PSMA3,-0.22776648871166646
GLO1,-0.2279976003111533
CLTA,-0.22865748688890541
CTNNA2,-0.2291353042491242
EXOSC3,-0.22932315074821802
NUDC,-0.23011070140546624
CCDC124,-0.23011107009404458
WNT9B,-0.23033478536033442
PPCS,-0.23106192249734475
BPI,-0.23169626466238405
STIP1,-0.2317694824291675
RER1,-0.23192816229666113
ZNHIT2,-0.23261724494404554
THOC7,-0.23262882753184147
GADD45GIP1,-0.23288244411768186
WASHC1,-0.2329594606153659
PDAP1,-0.2330387021087001
YPEL4,-0.23304074169596745
AGPAT2,-0.23331473103666905
PSMB6,-0.23379813801337124
PDXK,-0.2338889228996572
NDUFS5,-0.23399015579016996
UBALD2,-0.23493076358143616
IDH3G,-0.2350239657732244
LINC02223,-0.235495900066762
GABRA2,-0.2355478119144593
RIDA,-0.23559112039125207
PHRF1,-0.23576877525075024
RNF113A,-0.23611624649458038
OR11G2,-0.23612970906570996
YJU2,-0.23627524151068544
AUP1,-0.2363808027862977
TMEM179B,-0.23639861250502156
PA2G4,-0.23717647721462418
DHDDS,-0.23743577807310579
UQCRB,-0.2376971083984087
DPP3,-0.23783510423414891
PSMB3,-0.23787216647579884
AP3D1,-0.23799249799904437
SDHAF2,-0.238325605106474
BSG,-0.23836297013829774
TXN,-0.23859230000014217
TSR3,-0.2389946956744391
MYT1L,-0.23922843053114776
HTATIP2,-0.2402833697875463
HPS6,-0.24126745177156844
IGF2R,-0.24238593416980253
CFAP97D1,-0.24242278986795532
EML3,-0.24271272639069413
SPCS2,-0.2430519822876922
PEX16,-0.24348584954001684
YIPF1,-0.2437994107046572
PPIA,-0.24396134624314292
NOL7,-0.24405820605248743
KY,-0.24439968718316693
ESRRA,-0.2466123034327341
OTUB1,-0.24687723618209637
COMMD1,-0.24709270386430263
GPKOW,-0.24758311027031848
COX7B,-0.24780622519803452
TEAD4,-0.24805411510897768
NOP14,-0.24831500437240195
TOMM7,-0.24832224734443262
COX7C,-0.24880687501642348
FAM131B,-0.2490344178595714
CYP19A1,-0.24907672158733501
ZNF843,-0.2496570959120661
NDUFB3,-0.25097943233186115
PSMC4,-0.2512291060746943
LGI1,-0.25151239656851193
TRMT112,-0.25247965328547556
VDAC1,-0.25254173438248906
CCDC71,-0.25282587366851406
NPIPB15,-0.25354794890816024
MYOCD,-0.2537258476164713
SPATS1,-0.253752339717424
TLCD2,-0.2540094677792467
PAGR1,-0.254099323909683
LINC01013,-0.25430914760003637
PSMB7,-0.2543454475249622
ASIC2,-0.2544163285659435
TAF9,-0.2544567181694744
COA4,-0.254919661976564
TMEM199,-0.2552227210304311
COPE,-0.25554596087412973
STUB1,-0.2555935206464364
CT70,-0.2559072479644625
NIM1K,-0.2560089672107789
HADHA,-0.25602648798289
LINC01501,-0.25652817819049767
AP5S1,-0.2570294565116985
CLEC4M,-0.25896202103435545
ATP5PD,-0.25945440532590813
FAIM2,-0.25985548823533494
SHANK1,-0.2601383504674635
LRRK1,-0.2601566522200755
H2AC8,-0.260388449338248
IRAK1,-0.26220078018283316
LIMS2,-0.2625246459059556
TMEM147,-0.2629492049925386
LINC01948,-0.26351276797674755
TRPC6,-0.2638907168800864
ENDOG,-0.26429462723829966
UBXN1,-0.2643682891135086
ACOT8,-0.26509978838716436
EIF2S2,-0.2657280344478402
NOVA2,-0.2667230645111033
LINC01141,-0.2668327777787073
CD68,-0.26746769678668697
PSMB5,-0.2689503678352491
RGL2,-0.2689864409588561
SDHB,-0.2692214801644542
EDF1,-0.2692744423885435
TMEM9B,-0.2694739197728271
TIMM23,-0.2695216873542521
INKA1,-0.27014820461704314
RAN,-0.27017255198719486
H3C10,-0.27087232811737705
TSSC4,-0.27101122231750807
DLGAP2,-0.2710440473341156
ATP1B2,-0.2713688652388233
TNIP2,-0.2723324443944673
PSMA7,-0.27393481492557964
GRM2,-0.2739731529539478
AURKAIP1,-0.2747222239702186
ATP5ME,-0.2756392510575691
AATF,-0.27568789075379924
ADPRS,-0.2759498207093691
HSD17B10,-0.27613514018442886
SLX1B,-0.2762443609121788
H2BC7,-0.2766771255345595
ZNF282,-0.2776158599108139
PRDX5,-0.2777790684831709
PSMF1,-0.27843066046437825
STX10,-0.27912451127968585
ZNF492,-0.2794221468898502
NUDT22,-0.2812710445264438
ROBO4,-0.28137121282145894
CHMP4B,-0.2827692738879348
PLP2,-0.2831429833068506
FDX1,-0.2863826728614827
VAMP8,-0.2865324430248696
H2BC3,-0.2882005245307748
CHMP6,-0.28823412206344806
GTF3C6,-0.290138231366457
CASR,-0.2918185881447675
TRAPPC3,-0.2922122944087097
SSNA1,-0.29310406084645274
SMG5,-0.2963678408592364
PPP2R1A,-0.2971506167399319
GRPEL1,-0.29794629256487065
PSMC5,-0.29826616201054196
CWC15,-0.30005789601750366
H2BC5,-0.30024125043410277
CPTP,-0.30131818745566674
BASP1-AS1,-0.3061492952757443
ZMAT2,-0.308040704260551
DNASE1L2,-0.3090595733198069
H2BC8,-0.30938943675016944
KDM6B,-0.3102847884093225
DDRGK1,-0.31082590973616836
UTP11,-0.3119818333848021
DHX38,-0.3124069360700621
PSMA5,-0.31320443777603657
GADD45A,-0.31590372372581477
TECPR1,-0.3203189930359857
H2BC4,-0.3262493929278003
BCAP31,-0.32882341459114894
CES4A,-0.33378862172489854
TIMM8B,-0.33841604765031696
GNAO1,-0.35778919221428723
PITHD1,-0.3681514469276642
ZBTB8OS,-0.37384687785182974
ATP6V1G1,-0.3749348587585616
WFDC1,-0.39082756772899885
ABCA4,-0.43067720424950184
PEF1,-0.43408262773762846
