gene,xcorr,resolvability
A1BG,0.5285289111946311,0.4714710888053689
A1BG-AS1,0.517266787056412,0.48273321294358795
A2M,0.5153181036668164,0.4846818963331836
A2M-AS1,0.5548011208219188,0.4451988791780812
A2ML1,0.5240243779761451,0.4759756220238549
AAAS,0.378610816651157,0.621389183348843
AACS,0.35391273934926304,0.646087260650737
AAGAB,0.2745686768487628,0.7254313231512373
AAK1,0.34782518233571735,0.6521748176642826
AAMDC,0.507657229634268,0.49234277036573204
AAMP,0.2851405643991062,0.7148594356008938
AAR2,0.28999674247045604,0.710003257529544
AARS1,0.3137824069708586,0.6862175930291414
AARS2,0.36829922161996365,0.6317007783800364
AARSD1,0.5014866694275822,0.49851333057241776
AASDH,0.3787496196372168,0.6212503803627831
AASDHPPT,0.3639713496501957,0.6360286503498043
AASS,0.6013930876340184,0.39860691236598156
AATF,0.28739760001190007,0.7126023999880999
AATK,0.4692335490669523,0.5307664509330476
ABAT,0.5680764690041542,0.4319235309958458
ABCA1,0.46927804925612043,0.5307219507438796
ABCA12,0.4723483435809612,0.5276516564190388
ABCA2,0.5586204475590161,0.4413795524409839
ABCA3,0.7731265766280038,0.22687342337199623
ABCA4,0.6654961630702019,0.3345038369297981
ABCA5,0.49375803981508526,0.5062419601849147
ABCA6,0.5619467252067157,0.43805327479328426
ABCA7,0.47614643030932974,0.5238535696906703
ABCB1,0.6033523104020527,0.3966476895979473
ABCB10,0.39671930936830385,0.6032806906316961
ABCB7,0.32108613699009375,0.6789138630099063
ABCB8,0.3049119215990816,0.6950880784009184
ABCB9,0.3903917164674827,0.6096082835325173
ABCC1,0.5088649253760066,0.4911350746239934
ABCC10,0.3424509490973183,0.6575490509026817
ABCC11,0.5160952974110842,0.4839047025889158
ABCC4,0.48462667954819544,0.5153733204518045
ABCC5,0.5924267981733594,0.4075732018266406
ABCC6,0.5903894688401904,0.4096105311598096
ABCD1,0.5121917974736009,0.4878082025263991
ABCD3,0.33798794355243444,0.6620120564475656
ABCD4,0.33886659074258724,0.6611334092574128
ABCE1,0.3279021366366318,0.6720978633633682
ABCF1,0.2805379218022738,0.7194620781977261
ABCF2,0.323150970307844,0.676849029692156
ABCF3,0.3233556555850165,0.6766443444149834
ABCG1,0.43159654257552965,0.5684034574244703
ABCG4,0.5216551396463599,0.4783448603536401
ABHD10,0.38709994086197447,0.6129000591380256
ABHD11,0.5433326501931462,0.45666734980685375
ABHD12,0.39298064740640776,0.6070193525935923
ABHD13,0.29588816833815407,0.704111831661846
ABHD14A,0.4420638323894569,0.5579361676105431
ABHD14B,0.4300950935908726,0.5699049064091274
ABHD15,0.2997021126960005,0.7002978873039996
ABHD16A,0.4908453534756388,0.5091546465243613
ABHD17A,0.3353583812713623,0.6646416187286377
ABHD17B,0.3510836437344551,0.6489163562655449
ABHD17C,0.45470136909612585,0.5452986309038741
ABHD18,0.3865469497229372,0.6134530502770628
ABHD2,0.49140459139432224,0.5085954086056778
ABHD3,0.4181644394993782,0.5818355605006218
ABHD4,0.44601248257926535,0.5539875174207347
ABHD5,0.3941587044724396,0.6058412955275604
ABHD6,0.38635741280657904,0.613642587193421
ABHD8,0.471104697989566,0.528895302010434
ABI1,0.3367888501712254,0.6632111498287746
ABI2,0.43447374925017357,0.5655262507498264
ABITRAM,0.35079941313181606,0.6492005868681839
ABL1,0.34032837407929556,0.6596716259207045
ABL2,0.2681195117932345,0.7318804882067655
ABLIM1,0.4387438643191542,0.5612561356808459
ABR,0.37477911689451765,0.6252208831054824
ABRACL,0.4287892569388662,0.5712107430611337
ABRAXAS1,0.4756454612527575,0.5243545387472426
ABRAXAS2,0.32476467665817055,0.6752353233418295
ABT1,0.3375927744699376,0.6624072255300624
ABTB1,0.35919430905154776,0.6408056909484523
ACAA1,0.3430667937334095,0.6569332062665905
ACAA2,0.5169566901666778,0.4830433098333222
ACACA,0.35568209019090447,0.6443179098090955
ACACB,0.6250105872750282,0.37498941272497177
ACAD8,0.39875924587249756,0.6012407541275024
ACAD9,0.3122968287872417,0.6877031712127584
ACADM,0.42986609627093586,0.5701339037290641
ACADS,0.45306464391095297,0.5469353560890471
ACADSB,0.5473977199622563,0.4526022800377437
ACADVL,0.3952850156596729,0.6047149843403271
ACAN,0.5492285859904119,0.4507714140095881
ACAP1,0.4368863930659635,0.5631136069340366
ACAP2,0.4506029726139137,0.5493970273860863
ACAP3,0.3603034360068185,0.6396965639931815
ACAT1,0.3922435918024608,0.6077564081975392
ACAT2,0.48365675125803265,0.5163432487419674
ACBD3,0.3078430710094316,0.6921569289905685
ACBD4,0.5087231562605926,0.4912768437394074
ACBD5,0.3599416334182024,0.6400583665817976
ACBD6,0.33451540262571405,0.665484597374286
ACCS,0.5255537469472203,0.47444625305277965
ACD,0.32850207574665546,0.6714979242533445
ACER1,0.6547999009490013,0.3452000990509987
ACER3,0.35382565004484995,0.64617434995515
ACIN1,0.3235574660024473,0.6764425339975527
ACKR2,0.5369185730814934,0.4630814269185066
ACLY,0.29151782958901357,0.7084821704109865
ACO1,0.3895649268691029,0.6104350731308972
ACO2,0.39326384770018713,0.6067361522998129
ACOT11,0.4130692793322461,0.5869307206677539
ACOT13,0.3646045524094786,0.6353954475905215
ACOT2,0.406996595540217,0.593003404459783
ACOT4,0.49550580073680195,0.504494199263198
ACOT7,0.33284075358616455,0.6671592464138354
ACOT8,0.3101677279919386,0.6898322720080614
ACOT9,0.27062980602827985,0.7293701939717201
ACOX1,0.3572428338229656,0.6427571661770344
ACOX3,0.3980072920343706,0.6019927079656294
ACP1,0.3115408481763942,0.6884591518236058
ACP2,0.3592180676226105,0.6407819323773896
ACP5,0.38900080589311464,0.6109991941068853
ACP7,0.5853192497576986,0.41468075024230144
ACRBP,0.5464226752519608,0.45357732474803925
ACSF2,0.43099531611161573,0.5690046838883842
ACSF3,0.36664035809891565,0.6333596419010843
ACSL1,0.4675040456599423,0.5324959543400577
ACSL3,0.2843262494674751,0.7156737505325249
ACSL4,0.44590125924774576,0.5540987407522542
ACSL5,0.6126294838530677,0.3873705161469323
ACSM3,0.7147436620933669,0.2852563379066331
ACSS1,0.5875826520579202,0.41241734794207985
ACSS2,0.3876374587416649,0.6123625412583351
ACTA1,0.8562761779342379,0.14372382206576206
ACTB,0.7556624444467681,0.2443375555532319
ACTC1,0.8184899198157447,0.1815100801842553
ACTG1,0.6248770175235612,0.3751229824764388
ACTL6A,0.4381393258060728,0.5618606741939272
ACTN1,0.3575083967298269,0.6424916032701731
ACTN4,0.44182578128363403,0.558174218716366
ACTR10,0.27013377028716995,0.72986622971283
ACTR1A,0.2513450540136546,0.7486549459863454
ACTR1B,0.37051529583654236,0.6294847041634577
ACTR2,0.39590855242412154,0.6040914475758785
ACTR3,0.3563682118962918,0.6436317881037081
ACTR3B,0.49326785041817595,0.506732149581824
ACTR3C,0.5228286720812321,0.47717132791876793
ACTR5,0.34583461430988144,0.6541653856901186
ACTR6,0.4009227917662689,0.5990772082337311
ACTR8,0.3212370441428253,0.6787629558571747
ACTRT3,0.43378161625670536,0.5662183837432946
ACVR1,0.30243545564423713,0.6975645443557629
ACVR1B,0.38508542467440876,0.6149145753255912
ACVR2A,0.4972623086401394,0.5027376913598606
ACYP1,0.4517867937684059,0.5482132062315941
ACYP2,0.37703736818262507,0.6229626318173749
ADA2,0.5390409406806741,0.4609590593193259
ADAM10,0.3169673451089433,0.6830326548910567
ADAM12,0.4258341547101736,0.5741658452898264
ADAM15,0.3178874578859125,0.6821125421140875
ADAM17,0.40660442784428596,0.593395572155714
ADAM28,0.629051862018449,0.370948137981551
ADAM8,0.5062808995800359,0.49371910041996414
ADAM9,0.4139552281371185,0.5860447718628815
ADAMTS10,0.4627795490835394,0.5372204509164606
ADAMTS13,0.538991146853992,0.46100885314600804
ADAMTS15,0.5577846648437637,0.44221533515623634
ADAMTS20,0.6319205867392677,0.36807941326073235
ADAMTS6,0.40064658171364237,0.5993534182863576
ADAMTS7,0.40521848847025205,0.5947815115297479
ADAMTSL4,0.4994822250945227,0.5005177749054772
ADAMTSL4-AS1,0.48294403084686827,0.5170559691531318
ADAMTSL4-AS2,0.5069511413042035,0.4930488586957965
ADAMTSL5,0.39235262519546915,0.6076473748045308
ADAP1,0.537874868937901,0.46212513106209896
ADAR,0.46418401492493494,0.535815985075065
ADARB1,0.39633265669856754,0.6036673433014325
ADAT1,0.32720873784273863,0.6727912621572614
ADAT2,0.41922870384795324,0.5807712961520468
ADCK1,0.39954608572380884,0.6004539142761911
ADCK2,0.3214690167722957,0.6785309832277042
ADCY2,0.6499325292451041,0.35006747075489586
ADCY3,0.4641749268131597,0.5358250731868404
ADCY4,0.5014790248657975,0.49852097513420246
ADCY6,0.49479552331779686,0.5052044766822031
ADCY7,0.4579223820141384,0.5420776179858616
ADCY9,0.41050549623157295,0.589494503768427
ADD1,0.3224445684546871,0.677555431545313
ADD3,0.5100225199546132,0.48997748004538677
ADGRA3,0.44885157447840485,0.5511484255215952
ADGRB1,0.6528006206665721,0.3471993793334279
ADGRB2,0.5708898508122989,0.4291101491877011
ADGRE2,0.4477996208838054,0.5522003791161946
ADGRE5,0.46495104261807035,0.5350489573819297
ADGRF3,0.47969381298337666,0.5203061870166233
ADGRF4,0.42773813049175907,0.5722618695082409
ADGRG1,0.34835846229855505,0.651641537701445
ADGRG5,0.5110271751348462,0.4889728248651538
ADGRL1,0.5456355650510106,0.45436443494898937
ADGRV1,0.5385873844580991,0.46141261554190094
ADH5,0.35228924293603214,0.6477107570639679
ADHFE1,0.6355175014053073,0.3644824985946927
ADI1,0.3915662579238415,0.6084337420761585
ADIPOR1,0.2993061032944492,0.7006938967055508
ADIPOR2,0.3580757925020797,0.6419242074979203
ADK,0.2973633365971701,0.7026366634028298
ADM,0.4461316487618855,0.5538683512381145
ADM5,0.5705371169107301,0.42946288308926994
ADNP,0.36494341359606813,0.6350565864039319
ADNP2,0.3976581732609442,0.6023418267390558
ADO,0.35114521346986294,0.6488547865301371
ADORA1,0.6075538684214864,0.3924461315785136
ADORA2B,0.4175755857889141,0.5824244142110859
ADORA3,0.5274879192667348,0.4725120807332652
ADPGK,0.3768660573820983,0.6231339426179017
ADPRH,0.42362993210554123,0.5763700678944588
ADPRM,0.41366791831595556,0.5863320816840445
ADPRS,0.335041486791202,0.6649585132087981
ADRA2A,0.5747149091746125,0.42528509082538746
ADRA2B,0.716258202280317,0.283741797719683
ADRB2,0.5491467341780663,0.45085326582193375
ADRM1,0.2911250793508121,0.7088749206491879
ADSL,0.43395930661686827,0.5660406933831317
ADSS1,0.5629528441599437,0.43704715584005627
ADSS2,0.37538304685481955,0.6246169531451804
AEBP1,0.46478656360081266,0.5352134363991874
AEBP2,0.41377922227340086,0.5862207777265991
AEN,0.3070586746824639,0.692941325317536
AFAP1L2,0.41132028374288765,0.5886797162571124
AFDN,0.37818122415670324,0.6218187758432967
AFF1,0.40346740266042097,0.596532597339579
AFF4,0.4004577124225242,0.5995422875774759
AFG3L2,0.3880580206002508,0.6119419793997491
AFMID,0.4257777806903635,0.5742222193096365
AFTPH,0.3161101048587755,0.6838898951412244
AGA,0.3146717170519488,0.6853282829480511
AGAP1,0.5098383453275476,0.49016165467245243
AGAP2,0.42334624220217976,0.5766537577978202
AGAP3,0.27798176290733473,0.7220182370926653
AGAP4,0.5596362086279052,0.4403637913720948
AGAP9,0.5625227593949863,0.4374772406050137
AGBL5,0.4084045785878386,0.5915954214121615
AGFG1,0.3266379177304251,0.673362082269575
AGFG2,0.42518105717109783,0.5748189428289021
AGGF1,0.362364033769284,0.6376359662307161
AGK,0.36507864722183775,0.6349213527781623
AGL,0.4365756256239755,0.5634243743760246
AGMAT,0.5048591276364667,0.4951408723635333
AGO1,0.40574601478874683,0.5942539852112532
AGO2,0.3533521576651505,0.6466478423348495
AGO3,0.3459706160106829,0.6540293839893171
AGO4,0.42414937753762516,0.5758506224623748
AGPAT1,0.33952581762735334,0.6604741823726467
AGPAT2,0.4069319790495293,0.5930680209504706
AGPAT3,0.4143219015427998,0.5856780984572002
AGPAT4,0.4076234112892832,0.5923765887107169
AGPAT5,0.42405504307576586,0.5759449569242341
AGPS,0.323388668309365,0.676611331690635
AGR2,0.7325243673154286,0.2674756326845714
AGRN,0.4197196907230786,0.5802803092769214
AGTPBP1,0.3743289187550545,0.6256710812449455
AGTRAP,0.3464934200580631,0.6535065799419368
AHCTF1,0.3748447916337422,0.6251552083662578
AHCY,0.37555108315843555,0.6244489168415644
AHCYL1,0.2822438078666372,0.7177561921333628
AHCYL2,0.4298589320055076,0.5701410679944924
AHDC1,0.36346629953810144,0.6365337004618985
AHI1,0.4593350259321077,0.5406649740678924
AHNAK,0.6380037271550724,0.36199627284492764
AHNAK2,0.4484339210071734,0.5515660789928266
AHR,0.38825819907443865,0.6117418009255613
AHSA1,0.3317392263561487,0.6682607736438513
AIDA,0.353449139211859,0.646550860788141
AIF1,0.3611993496971471,0.6388006503028529
AIF1L,0.43702324107289314,0.5629767589271069
AIFM1,0.359631051708545,0.640368948291455
AIFM2,0.4904781500143664,0.5095218499856335
AIG1,0.2919948190350884,0.7080051809649116
AIMP1,0.3051799149917705,0.6948200850082296
AIMP2,0.37411137231226477,0.6258886276877352
AIP,0.34537593834102154,0.6546240616589785
AJM1,0.6221825725265911,0.37781742747340885
AJUBA,0.4016217639935868,0.5983782360064132
AK1,0.4917316154709884,0.5082683845290116
AK2,0.33432589418121744,0.6656741058187825
AK3,0.4349736161530018,0.5650263838469982
AK6,0.3610312430454152,0.6389687569545848
AK9,0.5028182182993207,0.4971817817006793
AKAP1,0.46675353816577364,0.5332464618342263
AKAP10,0.2934283024764487,0.7065716975235513
AKAP11,0.38023834409458296,0.6197616559054171
AKAP13,0.44206492762480465,0.5579350723751954
AKAP17A,0.38665945136121344,0.6133405486387866
AKAP5,0.639933460525104,0.360066539474896
AKAP6,0.5959091899650437,0.4040908100349563
AKAP7,0.5995178137506757,0.4004821862493243
AKAP8,0.35266110287713154,0.6473388971228684
AKAP8L,0.3681894639240844,0.6318105360759156
AKAP9,0.4280814863741398,0.5719185136258602
AKIP1,0.37950947268732954,0.6204905273126704
AKIRIN1,0.3109273851982185,0.6890726148017815
AKIRIN2,0.27826398210267406,0.721736017897326
AKNA,0.4856316053441593,0.5143683946558407
AKR1A1,0.3763805875288589,0.6236194124711412
AKR1B1,0.4365274030715227,0.5634725969284773
AKR1B15,0.46756385772355963,0.5324361422764403
AKR7A2,0.29739758039691616,0.7026024196030838
AKT1,0.3234057719154017,0.6765942280845982
AKT1S1,0.2982650234230927,0.7017349765769073
AKT2,0.3057186167154993,0.6942813832845007
AKT3,0.5047186240553856,0.4952813759446144
AKTIP,0.32047984695860315,0.6795201530413968
ALAD,0.3810817711055279,0.6189182288944721
ALAS1,0.27392291693416027,0.7260770830658397
ALCAM,0.5467195356530803,0.4532804643469197
ALDH16A1,0.44871049746870995,0.55128950253129
ALDH18A1,0.3482480426984174,0.6517519573015826
ALDH1A1,0.7698644016470227,0.23013559835297726
ALDH1B1,0.49368898038353237,0.5063110196164676
ALDH2,0.5237038454839161,0.47629615451608387
ALDH3A2,0.41620188392698765,0.5837981160730124
ALDH3B1,0.395146074970918,0.604853925029082
ALDH3B2,0.4357090768005167,0.5642909231994833
ALDH4A1,0.3280297935541187,0.6719702064458812
ALDH5A1,0.5982623366372926,0.40173766336270744
ALDH6A1,0.5273736896259444,0.47262631037405556
ALDH9A1,0.43715390988758634,0.5628460901124137
ALDOA,0.3683952981872218,0.6316047018127782
ALDOC,0.5025174963687148,0.4974825036312852
ALG1,0.29085024489488986,0.7091497551051101
ALG10,0.4576048084667751,0.5423951915332249
ALG11,0.36496034397610594,0.635039656023894
ALG12,0.35326859328363625,0.6467314067163638
ALG13,0.2931713169174535,0.7068286830825465
ALG14,0.33868632142964217,0.6613136785703578
ALG2,0.3041138317702072,0.6958861682297928
ALG3,0.3489673150969403,0.6510326849030597
ALG5,0.29665104186694535,0.7033489581330546
ALG6,0.39431474623935564,0.6056852537606443
ALG8,0.35930629606757847,0.6406937039324215
ALG9,0.3410409526633365,0.6589590473366636
ALK,0.5325870934341635,0.46741290656583645
ALKBH1,0.3421488237966384,0.6578511762033616
ALKBH2,0.47647716637168613,0.5235228336283139
ALKBH3,0.33188518243176596,0.6681148175682341
ALKBH4,0.40805144102445673,0.5919485589755433
ALKBH5,0.2780658053816296,0.7219341946183704
ALKBH6,0.574615436473063,0.425384563526937
ALKBH7,0.44161846009748323,0.5583815399025167
ALKBH8,0.39402448518999983,0.6059755148100001
ALMS1,0.47057830835027353,0.5294216916497265
ALOX12B,0.6087986741747174,0.39120132582528255
ALOX5,0.5307627852473941,0.46923721475260594
ALOX5AP,0.47983067855238914,0.5201693214476109
ALOXE3,0.516343896410295,0.483656103589705
ALPK1,0.4196934431259121,0.5803065568740879
ALPK2,0.5457722353083747,0.4542277646916253
ALPK3,0.7091281924928937,0.2908718075071063
ALS2,0.3594065989766802,0.6405934010233199
ALS2CL,0.40494754830641405,0.595052451693586
ALYREF,0.3705513631658895,0.6294486368341106
AMBRA1,0.32887171927307335,0.6711282807269267
AMD1,0.33137432425948127,0.6686256757405187
AMDHD2,0.39972312429121565,0.6002768757087844
AMER1,0.5148399035845485,0.48516009641545155
AMFR,0.2555146250940327,0.7444853749059672
AMIGO2,0.5121756552585534,0.48782434474144665
AMMECR1,0.37071099584656103,0.6292890041534389
AMMECR1L,0.29384300518514855,0.7061569948148514
AMN1,0.38718936485903604,0.6128106351409639
AMOT,0.746787351156984,0.253212648843016
AMOTL1,0.3897014885608639,0.6102985114391362
AMPD1,0.7252031351838794,0.27479686481612065
AMPD2,0.2571237963025591,0.7428762036974409
AMPD3,0.4061410616018942,0.5938589383981058
AMT,0.5772126519254276,0.4227873480745724
AMTN,0.6996098341686385,0.30039016583136147
AMZ1,0.5821353580270495,0.4178646419729505
AMZ2,0.30720824828105314,0.6927917517189468
ANAPC1,0.41473143600991796,0.5852685639900821
ANAPC10,0.4272082168608904,0.5727917831391096
ANAPC11,0.3599934200091021,0.6400065799908978
ANAPC13,0.3171222268470696,0.6828777731529304
ANAPC15,0.3796084275735276,0.6203915724264724
ANAPC16,0.33351957478693556,0.6664804252130645
ANAPC2,0.36202953276889666,0.6379704672311033
ANAPC4,0.3576253743043968,0.6423746256956032
ANAPC5,0.3408833686262369,0.6591166313737631
ANAPC7,0.4008556543184178,0.5991443456815821
ANGEL2,0.4535713118634054,0.5464286881365946
ANGPT2,0.38460664733845207,0.6153933526615479
ANK3,0.5417585729488305,0.45824142705116955
ANKAR,0.498559657484293,0.501440342515707
ANKFY1,0.4060776946800096,0.5939223053199905
ANKH,0.4166697194533689,0.5833302805466312
ANKHD1,0.4897536640720708,0.5102463359279292
ANKIB1,0.3743672189967973,0.6256327810032027
ANKLE2,0.3013751850064312,0.6986248149935688
ANKMY1,0.46919076942971777,0.5308092305702823
ANKMY2,0.39958323298820425,0.6004167670117957
ANKRA2,0.4604740334408624,0.5395259665591376
ANKRD1,0.6257739173514503,0.37422608264854973
ANKRD10,0.40754833604608265,0.5924516639539174
ANKRD11,0.361098945673023,0.6389010543269771
ANKRD12,0.3928749811436449,0.6071250188563551
ANKRD13A,0.31309826645467964,0.6869017335453204
ANKRD13C,0.3071679385112865,0.6928320614887136
ANKRD13D,0.33553176572812454,0.6644682342718755
ANKRD17,0.3929325203810419,0.6070674796189581
ANKRD23,0.6236039985503469,0.37639600144965313
ANKRD26,0.44917825928756167,0.5508217407124383
ANKRD27,0.3304177676992757,0.6695822323007243
ANKRD28,0.41568151036543505,0.584318489634565
ANKRD29,0.5721758039934295,0.4278241960065705
ANKRD33B,0.6176408220614705,0.38235917793852947
ANKRD35,0.5648580842784473,0.4351419157215527
ANKRD36,0.5649876637118203,0.4350123362881797
ANKRD36B,0.5679717713168689,0.43202822868313107
ANKRD36C,0.6654271259903908,0.3345728740096092
ANKRD37,0.4850000717810222,0.5149999282189778
ANKRD39,0.45406786245959146,0.5459321375404085
ANKRD40,0.34863970136003836,0.6513602986399616
ANKRD42,0.35695951990783215,0.6430404800921679
ANKRD44,0.5023298455136163,0.49767015448638374
ANKRD46,0.39895572047680616,0.6010442795231938
ANKRD49,0.3941946351634605,0.6058053648365396
ANKRD50,0.3586185868563397,0.6413814131436604
ANKRD52,0.3619816399046353,0.6380183600953647
ANKRD54,0.36186122535062687,0.6381387746493732
ANKRD6,0.5568224101194313,0.44317758988056866
ANKRD9,0.3702188850313957,0.6297811149686043
ANKS1A,0.3358911816030741,0.6641088183969259
ANKS3,0.4848458045827491,0.5151541954172509
ANKZF1,0.3603778715644564,0.6396221284355437
ANO10,0.25966812686861623,0.7403318731313837
ANO6,0.31396720887693974,0.6860327911230603
ANO8,0.4827977248600551,0.5172022751399449
ANO9,0.48845867280449184,0.5115413271955082
ANP32A,0.3862084203532764,0.6137915796467236
ANP32B,0.3785660117864609,0.6214339882135391
ANP32E,0.40833835303783417,0.5916616469621658
ANPEP,0.4192624557763338,0.5807375442236662
ANTKMT,0.4859559152807508,0.5140440847192491
ANTXR1,0.48887049140674727,0.5111295085932528
ANTXR2,0.4432192253214972,0.5567807746785027
ANXA1,0.5825515942914146,0.41744840570858543
ANXA11,0.4063858860837562,0.5936141139162439
ANXA2,0.31332311701511834,0.6866768829848817
ANXA2R,0.529661834772144,0.470338165227856
ANXA4,0.3495666165170925,0.6504333834829075
ANXA5,0.30301464095828123,0.6969853590417188
ANXA6,0.4770987592637539,0.5229012407362461
ANXA7,0.3209377053592886,0.6790622946407114
AOC1,0.48505340835877825,0.5149465916412217
AOC3,0.544102073780128,0.455897926219872
AP1AR,0.3992288831089224,0.6007711168910777
AP1B1,0.3482819533507739,0.6517180466492261
AP1G1,0.3065562224946916,0.6934437775053084
AP1G2,0.3503918786134039,0.6496081213865961
AP1M1,0.2627579178661108,0.7372420821338892
AP1M2,0.3710431113306965,0.6289568886693035
AP1S1,0.32286019596670357,0.6771398040332964
AP1S2,0.3780720428164516,0.6219279571835483
AP1S3,0.39115754834243227,0.6088424516575677
AP2A1,0.28491074458828997,0.7150892554117101
AP2A2,0.2792594022383647,0.7207405977616352
AP2B1,0.3976649683234947,0.6023350316765053
AP2M1,0.36402828911585466,0.6359717108841454
AP2S1,0.3464749391589846,0.6535250608410155
AP3B1,0.3334523578440504,0.6665476421559495
AP3D1,0.2873575166533036,0.7126424833466964
AP3M1,0.36099042823272093,0.639009571767279
AP3M2,0.4954193500535829,0.5045806499464172
AP3S1,0.30303174742896644,0.6969682525710336
AP3S2,0.390754851645657,0.6092451483543431
AP4B1,0.40249432490340303,0.597505675096597
AP4E1,0.3486167660781315,0.6513832339218685
AP4M1,0.38607815679694923,0.6139218432030508
AP4S1,0.3489361223099487,0.6510638776900513
AP5B1,0.3912157254027469,0.6087842745972531
AP5M1,0.3665631597063371,0.6334368402936629
AP5S1,0.3576445502362081,0.6423554497637919
AP5Z1,0.289356275195522,0.710643724804478
APAF1,0.43824135831424166,0.5617586416857583
APBA1,0.4734673153954126,0.5265326846045875
APBA2,0.6078366285988263,0.39216337140117374
APBA3,0.4236610877726759,0.5763389122273241
APBB1,0.4668391679546663,0.5331608320453337
APBB1IP,0.4820059724152088,0.5179940275847912
APBB3,0.47756998028073994,0.5224300197192601
APC,0.4029418293918882,0.5970581706081117
APC2,0.41391556723309414,0.5860844327669059
APCDD1L,0.3605038689981614,0.6394961310018386
APEH,0.32154326546671136,0.6784567345332886
APEX1,0.3582454786103751,0.641754521389625
APEX2,0.3089002243775342,0.6910997756224657
APH1A,0.3253697238064238,0.6746302761935762
APH1B,0.3265557648347957,0.6734442351652044
API5,0.3044694936169045,0.6955305063830954
APIP,0.4395878644926207,0.5604121355073792
APLF,0.4321634774761541,0.567836522523846
APLP1,0.5742588862776756,0.42574111372232437
APLP2,0.36043782385864426,0.6395621761413557
APMAP,0.35641536116600037,0.6435846388339996
APOBEC3B,0.5838500671088696,0.41614993289113045
APOBEC3C,0.4668097027710506,0.5331902972289494
APOBEC3G,0.5881601444312504,0.4118398555687496
APOBR,0.4383301729602473,0.5616698270397527
APOC1,0.570987342191594,0.42901265780840603
APOE,0.5550896296543735,0.4449103703456265
APOL1,0.6076998433896473,0.39230015661035267
APOL2,0.5422991269401142,0.4577008730598858
APOL3,0.6239950092775481,0.37600499072245186
APOL4,0.6505759166819709,0.3494240833180291
APOL6,0.594587898680142,0.40541210131985805
APOLD1,0.40367635286280085,0.5963236471371991
APOO,0.43613545490162714,0.5638645450983728
APOOL,0.4230822103896311,0.5769177896103689
APP,0.3613573906810156,0.6386426093189844
APPBP2,0.3650673446910722,0.6349326553089278
APPL1,0.40195473017437117,0.5980452698256289
APPL2,0.3889210410416126,0.6110789589583874
APRT,0.36638451207961353,0.6336154879203865
APTR,0.508074663579464,0.49192533642053604
APTX,0.39439959744257586,0.6056004025574242
AQP3,0.6484434615288462,0.35155653847115376
AQR,0.38051935232111384,0.6194806476788861
ARAF,0.3471079132120524,0.6528920867879475
ARAP1,0.33387941647587077,0.6661205835241293
ARAP2,0.4589277553771223,0.5410722446228777
ARCN1,0.35020964040554,0.6497903595944601
AREG,0.6198001381542001,0.3801998618457999
AREL1,0.33431491787944523,0.6656850821205548
ARF1,0.3241016438031303,0.6758983561968697
ARF3,0.3249479186322008,0.6750520813677992
ARF4,0.28831277202282635,0.7116872279771737
ARF5,0.2760893244828497,0.7239106755171503
ARF6,0.316042159018772,0.683957840981228
ARFGAP1,0.27940658925633344,0.7205934107436666
ARFGAP2,0.3147276927317892,0.6852723072682108
ARFGAP3,0.31568729165675385,0.6843127083432461
ARFGEF1,0.3511571099183389,0.6488428900816611
ARFGEF2,0.37791815639606546,0.6220818436039346
ARFIP1,0.3040542715628232,0.6959457284371768
ARFIP2,0.3312402665615082,0.6687597334384918
ARFRP1,0.35425742955080103,0.645742570449199
ARG1,0.6494584913764682,0.35054150862353184
ARG2,0.4281933046877384,0.5718066953122616
ARGLU1,0.4356233466948782,0.5643766533051218
ARHGAP1,0.29442249265100273,0.7055775073489973
ARHGAP10,0.34616266936063766,0.6538373306393623
ARHGAP11A,0.48128679181848255,0.5187132081815174
ARHGAP11B,0.6244545887623515,0.3755454112376485
ARHGAP15,0.4585193597844669,0.5414806402155331
ARHGAP17,0.2593810644799045,0.7406189355200955
ARHGAP18,0.38301355365131584,0.6169864463486842
ARHGAP19,0.41713710368743967,0.5828628963125604
ARHGAP21,0.33160016213410665,0.6683998378658933
ARHGAP23,0.39263926659311565,0.6073607334068843
ARHGAP25,0.4120349631245647,0.5879650368754352
ARHGAP26,0.6020306146570614,0.3979693853429386
ARHGAP27,0.40778786981744425,0.5922121301825558
ARHGAP30,0.5367022342979908,0.4632977657020092
ARHGAP31,0.45181579515337944,0.5481842048466206
ARHGAP32,0.44874317491693155,0.5512568250830685
ARHGAP33,0.5741406838808741,0.42585931611912586
ARHGAP35,0.37519438192248344,0.6248056180775166
ARHGAP4,0.6503292779837336,0.34967072201626637
ARHGAP40,0.464389244094491,0.535610755905509
ARHGAP44,0.5493424928614071,0.45065750713859287
ARHGAP45,0.46698507932679995,0.5330149206732
ARHGAP5,0.4927841355758054,0.5072158644241946
ARHGAP8,0.3697286725842527,0.6302713274157473
ARHGAP9,0.6144399621656963,0.3855600378343037
ARHGDIA,0.3223051478021911,0.6776948521978089
ARHGDIB,0.4783411904105118,0.5216588095894882
ARHGEF1,0.319924975878426,0.6800750241215741
ARHGEF11,0.4372084718197584,0.5627915281802416
ARHGEF12,0.36359608199979576,0.6364039180002042
ARHGEF17,0.3259447538626513,0.6740552461373487
ARHGEF18,0.2376510461160381,0.7623489538839618
ARHGEF19,0.5036816895008087,0.4963183104991913
ARHGEF2,0.39670211023518015,0.6032978897648198
ARHGEF3,0.3929073398134538,0.6070926601865462
ARHGEF35,0.5067883293543544,0.49321167064564564
ARHGEF37,0.41952164684023174,0.5804783531597683
ARHGEF4,0.35562718925731523,0.6443728107426847
ARHGEF40,0.4700907569910799,0.5299092430089201
ARHGEF6,0.5561760855572564,0.4438239144427436
ARHGEF7,0.26357306052731083,0.7364269394726892
ARHGEF9,0.4645116568676063,0.5354883431323937
ARID1A,0.4029385117547853,0.5970614882452148
ARID1B,0.3946788678211825,0.6053211321788174
ARID2,0.4143922935639109,0.5856077064360892
ARID3A,0.28847089409828186,0.7115291059017181
ARID3B,0.39450532889791895,0.605494671102081
ARID4A,0.3995463768286364,0.6004536231713635
ARID4B,0.37824211588927675,0.6217578841107232
ARID5A,0.38983431378645556,0.6101656862135445
ARID5B,0.4522503949701786,0.5477496050298214
ARIH1,0.32297432396028725,0.6770256760397128
ARIH2,0.3483967977975096,0.6516032022024905
ARIH2OS,0.5427396994616304,0.45726030053836964
ARL1,0.32931609065937145,0.6706839093406285
ARL11,0.39252704568207264,0.6074729543179274
ARL13B,0.4389266110956669,0.5610733889043331
ARL14EP,0.3850449203912701,0.61495507960873
ARL15,0.35615111967282637,0.6438488803271736
ARL16,0.45230237926755634,0.5476976207324437
ARL17A,0.5122846215963364,0.48771537840366364
ARL17B,0.6120856659752982,0.38791433402470177
ARL2,0.3894542429064001,0.6105457570935999
ARL2BP,0.5755950132650989,0.4244049867349011
ARL3,0.4275106154382229,0.5724893845617771
ARL4A,0.40926692315510343,0.5907330768448966
ARL4C,0.5455483336533818,0.45445166634661815
ARL4D,0.3965206255338022,0.6034793744661978
ARL5A,0.3557526349489178,0.6442473650510823
ARL5B,0.4176001594002758,0.5823998405997242
ARL6,0.4356995773102556,0.5643004226897443
ARL6IP1,0.383627498788493,0.616372501211507
ARL6IP4,0.6200211335505758,0.37997886644942425
ARL6IP5,0.377138760473047,0.622861239526953
ARL6IP6,0.37696884386241436,0.6230311561375856
ARL8A,0.29874986011002747,0.7012501398899725
ARL8B,0.3360071663877794,0.6639928336122206
ARMC1,0.3180562148003706,0.6819437851996294
ARMC10,0.3648857208234923,0.6351142791765076
ARMC2,0.46787119284272194,0.5321288071572781
ARMC5,0.38387986671711716,0.6161201332828828
ARMC6,0.33982396418494837,0.6601760358150517
ARMC7,0.3897205029747316,0.6102794970252684
ARMC8,0.29646545432374943,0.7035345456762505
ARMCX1,0.5041406484586852,0.4958593515413148
ARMCX2,0.5543072723916599,0.4456927276083401
ARMCX3,0.4929469988814422,0.5070530011185578
ARMCX4,0.5244476209793772,0.47555237902062275
ARMCX5,0.40314451658299993,0.5968554834170001
ARMCX6,0.5106376074254513,0.4893623925745487
ARMH1,0.5407705775329045,0.4592294224670955
ARMH3,0.2774740800793682,0.7225259199206318
ARMT1,0.3510016482323408,0.6489983517676592
ARNT,0.29596017939703806,0.7040398206029619
ARPC1A,0.3555076529404947,0.6444923470595053
ARPC1B,0.45343053553785595,0.546569464462144
ARPC2,0.3855082875982459,0.6144917124017542
ARPC3,0.29832844037030426,0.7016715596296957
ARPC4,0.3193959193304181,0.6806040806695819
ARPC5,0.3082540826871991,0.6917459173128009
ARPC5L,0.326950662370239,0.673049337629761
ARPIN,0.39184193552604746,0.6081580644739526
ARPP19,0.3101674150675535,0.6898325849324465
ARPP21,0.7344475675906453,0.26555243240935467
ARRB1,0.4978358442229884,0.5021641557770116
ARRB2,0.3672220210677811,0.6327779789322189
ARRDC1,0.34715549567980425,0.6528445043201958
ARRDC2,0.4543088584073952,0.5456911415926048
ARRDC3,0.4497747934822525,0.5502252065177475
ARRDC3-AS1,0.47332962575767723,0.5266703742423228
ARRDC4,0.43586620528783115,0.5641337947121688
ARRDC5,0.5975477482591357,0.4024522517408643
ARSA,0.3277198551222682,0.6722801448777318
ARSB,0.4133673286331551,0.5866326713668448
ARSD,0.4762443857533591,0.5237556142466409
ARSG,0.5463806805866105,0.4536193194133895
ARSI,0.4742129769708429,0.525787023029157
ARSK,0.4111228987042393,0.5888771012957608
ARTN,0.4905430259449141,0.5094569740550858
ARV1,0.4375061493899141,0.5624938506100858
ASAH1,0.44698281373296467,0.5530171862670353
ASAP1,0.36228181129055365,0.6377181887094463
ASAP2,0.46415395396096365,0.5358460460390364
ASAP3,0.4291486585778849,0.570851341422115
ASB1,0.3535328981067453,0.6464671018932546
ASB13,0.4548292170677866,0.5451707829322134
ASB14,0.5650596884744508,0.43494031152554924
ASB16,0.7275829357760293,0.2724170642239707
ASB16-AS1,0.5253692806831428,0.4746307193168572
ASB3,0.33536595452044693,0.6646340454795531
ASB6,0.32589239826692,0.67410760173308
ASB7,0.34816621483436655,0.6518337851656335
ASB8,0.38556069880723953,0.6144393011927605
ASCC1,0.3013300404085645,0.6986699595914355
ASCC2,0.24680958533593053,0.7531904146640694
ASCC3,0.3736365448151316,0.6263634551848685
ASF1A,0.3961061244564397,0.6038938755435603
ASF1B,0.5076054174985204,0.4923945825014796
ASGR1,0.5149731963340726,0.48502680366592743
ASH1L,0.4271205791405269,0.5728794208594731
ASH2L,0.41616686433553696,0.583833135664463
ASIC1,0.45106059685349464,0.5489394031465054
ASIC3,0.6811145352465766,0.3188854647534234
ASL,0.30101689255596803,0.698983107444032
ASMTL,0.443931166614805,0.5560688333851951
ASNSD1,0.33587879527892384,0.6641212047210762
ASPH,0.3528769732053791,0.6471230267946209
ASPHD2,0.39815271166818483,0.6018472883318151
ASPSCR1,0.44502414390444756,0.5549758560955524
ASRGL1,0.6995917281934193,0.3004082718065807
ASTE1,0.4826065706355231,0.5173934293644769
ASTL,0.5932593510619232,0.4067406489380768
ASXL1,0.34409869009894983,0.6559013099010502
ASXL2,0.40822125705225126,0.5917787429477488
ATAD1,0.32684743457606863,0.6731525654239314
ATAD2,0.47682357898780275,0.5231764210121972
ATAD2B,0.41910016909241676,0.5808998309075832
ATAD3A,0.3752237603600536,0.6247762396399463
ATAD3B,0.4211099456463541,0.5788900543536459
ATAD3C,0.5400885418057442,0.45991145819425583
ATAD5,0.5315279705183846,0.46847202948161537
ATAT1,0.5015121794172696,0.49848782058273045
ATE1,0.38691518934709684,0.6130848106529032
ATF1,0.3478223481880767,0.6521776518119233
ATF2,0.33118301031312775,0.6688169896868723
ATF3,0.5998018596853528,0.4001981403146472
ATF4,0.37786327781421797,0.6221367221857821
ATF5,0.4695085755416325,0.5304914244583675
ATF6,0.2881149839210723,0.7118850160789276
ATF6B,0.3116130798256823,0.6883869201743177
ATF7,0.33570782713858144,0.6642921728614186
ATF7IP,0.3900772665760347,0.6099227334239653
ATG10,0.41364418768457006,0.58635581231543
ATG101,0.30096192312027725,0.6990380768797227
ATG12,0.30120427879904,0.69879572120096
ATG13,0.28316319999950273,0.7168368000004972
ATG14,0.32454561974321094,0.675454380256789
ATG16L1,0.3374157988998507,0.6625842011001493
ATG16L2,0.46597580345613615,0.5340241965438639
ATG2A,0.3366079267912677,0.6633920732087323
ATG2B,0.3058181354509933,0.6941818645490068
ATG3,0.339732576161623,0.660267423838377
ATG4A,0.29878988662468536,0.7012101133753146
ATG4B,0.3505857578877892,0.6494142421122109
ATG4C,0.33193687934960636,0.6680631206503936
ATG4D,0.414040773574795,0.5859592264252049
ATG5,0.3100799478790058,0.6899200521209943
ATG7,0.34289652375238283,0.6571034762476171
ATG9A,0.38867953180202414,0.6113204681979758
ATG9B,0.5985620958464486,0.4014379041535514
ATIC,0.34482600992279394,0.655173990077206
ATL1,0.5002298253987517,0.4997701746012483
ATL2,0.3862593562475273,0.6137406437524727
ATL3,0.30916467362216543,0.6908353263778346
ATM,0.41808593246553627,0.5819140675344637
ATMIN,0.2595870629219072,0.7404129370780927
ATN1,0.39700403503541437,0.6029959649645856
ATOX1,0.36915843694337774,0.6308415630566222
ATP10A,0.5230689485158239,0.47693105148417614
ATP10B,0.5508149617484638,0.4491850382515362
ATP10D,0.36511880851217676,0.6348811914878232
ATP11A,0.36388129873999525,0.6361187012600047
ATP11B,0.4404663071036339,0.5595336928963661
ATP11C,0.4427998534270695,0.5572001465729305
ATP12A,0.6978250060762677,0.30217499392373226
ATP13A1,0.2997747650370002,0.7002252349629998
ATP13A2,0.3101350947150162,0.6898649052849838
ATP13A3,0.40061115340462755,0.5993888465953725
ATP13A4,0.7127677202224731,0.28723227977752686
ATP1A1,0.5027028923588139,0.49729710764118606
ATP1A1-AS1,0.49866849716220585,0.5013315028377942
ATP1A2,0.7598472833633423,0.24015271663665771
ATP1A4,0.67756601529462,0.32243398470538
ATP1B1,0.5296807517962796,0.4703192482037204
ATP1B3,0.5100559879626546,0.4899440120373454
ATP23,0.4264072472495692,0.5735927527504308
ATP2A1,0.7708662790911538,0.2291337209088462
ATP2A1-AS1,0.5663293930036681,0.43367060699633186
ATP2A2,0.45510798080691267,0.5448920191930873
ATP2A3,0.5893907802445548,0.4106092197554452
ATP2B1,0.4280007755649941,0.5719992244350058
ATP2B1-AS1,0.4904667139053345,0.5095332860946655
ATP2B4,0.39748498797416687,0.6025150120258331
ATP2C1,0.37410305486992,0.62589694513008
ATP2C2,0.44475764701409,0.5552423529859101
ATP5F1A,0.4109350512070315,0.5890649487929684
ATP5F1B,0.36440191165144953,0.6355980883485505
ATP5F1C,0.3858203302536692,0.6141796697463309
ATP5F1D,0.4206393196114472,0.5793606803885528
ATP5F1E,0.40618730017117094,0.5938126998288291
ATP5IF1,0.3242670902982354,0.6757329097017646
ATP5MC1,0.3737967208560024,0.6262032791439975
ATP5MC2,0.3345546802239759,0.6654453197760242
ATP5MC3,0.38684922696224283,0.6131507730377572
ATP5ME,0.5202862678893975,0.47971373211060253
ATP5MF,0.3875996864267758,0.6124003135732242
ATP5MG,0.42709736792104586,0.5729026320789541
ATP5PB,0.3142506323222603,0.6857493676777398
ATP5PD,0.3248460012088929,0.675153998791107
ATP5PF,0.37077679245599676,0.6292232075440032
ATP5PO,0.42806155500667437,0.5719384449933256
ATP6AP1,0.2759410578624478,0.7240589421375522
ATP6AP1L,0.550387513424669,0.44961248657533104
ATP6AP2,0.3113006010119404,0.6886993989880597
ATP6V0A1,0.269355704708557,0.7306442952914429
ATP6V0A2,0.42290657865149633,0.5770934213485037
ATP6V0B,0.34561203393552986,0.6543879660644701
ATP6V0C,0.5379236053143229,0.46207639468567707
ATP6V0D1,0.26573113475127946,0.7342688652487206
ATP6V0E1,0.34098819882742,0.6590118011725801
ATP6V0E2,0.6431339468274798,0.3568660531725202
ATP6V1A,0.3671789677547557,0.6328210322452443
ATP6V1B2,0.3490226875458445,0.6509773124541556
ATP6V1C1,0.27181246371141504,0.728187536288585
ATP6V1D,0.2643338050028043,0.7356661949971957
ATP6V1E1,0.2939254008233547,0.7060745991766453
ATP6V1E2,0.41519006501351086,0.5848099349864891
ATP6V1F,0.3009417062359197,0.6990582937640804
ATP6V1G1,0.3029740492015013,0.6970259507984987
ATP6V1H,0.2552236033204411,0.7447763966795589
ATP7A,0.4042595723377807,0.5957404276622194
ATP8A1,0.5873803230268615,0.4126196769731385
ATP8B2,0.4564953629991838,0.5435046370008162
ATP8B3,0.45924698408426984,0.5407530159157301
ATP8B4,0.44190480027879986,0.5580951997212001
ATP9A,0.4783699858401503,0.5216300141598498
ATP9B,0.3748985874865736,0.6251014125134264
ATPAF1,0.4098750113376549,0.5901249886623451
ATPAF2,0.3193552605807781,0.6806447394192219
ATPSCKMT,0.3817820269614458,0.6182179730385542
ATR,0.4365149065852165,0.5634850934147835
ATRAID,0.326860532696758,0.673139467303242
ATRN,0.33099223859608173,0.6690077614039183
ATRX,0.4078105885003294,0.5921894114996706
ATXN1,0.3727491846574204,0.6272508153425795
ATXN10,0.36620113666036297,0.633798863339637
ATXN1L,0.3804160812869668,0.6195839187130332
ATXN2,0.31684471626899074,0.6831552837310093
ATXN2L,0.3969058995800359,0.6030941004199641
ATXN3,0.27869037725031376,0.7213096227496862
ATXN7,0.4092242664524487,0.5907757335475513
ATXN7L1,0.49266752334577696,0.5073324766542231
ATXN7L3,0.2800916508505387,0.7199083491494613
ATXN7L3B,0.3570527264050075,0.6429472735949925
AUH,0.42424507226262775,0.5757549277373722
AUNIP,0.43688627957765547,0.5631137204223445
AUP1,0.23517413058185152,0.7648258694181485
AURKA,0.45127655299646513,0.5487234470035349
AURKAIP1,0.38078017586043905,0.619219824139561
AUTS2,0.47599817333476885,0.5240018266652311
AVEN,0.2925942924339324,0.7074057075660676
AVIL,0.5715057003710952,0.42849429962890484
AVL9,0.3040714394301176,0.6959285605698824
AVPI1,0.41258038952946663,0.5874196104705334
AVPR1A,0.5077197807175773,0.4922802192824227
AXIN1,0.2617437935966466,0.7382562064033533
AXL,0.39768327293651445,0.6023167270634855
AZI2,0.35108920958425316,0.6489107904157468
AZIN1,0.4210851208439895,0.5789148791560105
AZIN2,0.5892328071807112,0.41076719281928875
B2M,0.8665319532155991,0.13346804678440094
B3GALNT2,0.34646122130964485,0.6535387786903551
B3GALT4,0.4429046314741884,0.5570953685258115
B3GALT6,0.38363320619932245,0.6163667938006776
B3GAT1,0.6127391526741641,0.3872608473258359
B3GAT2,0.6942691994564874,0.30573080054351265
B3GAT3,0.37213699359978947,0.6278630064002105
B3GLCT,0.35297504533082247,0.6470249546691775
B3GNT2,0.3495790748191731,0.6504209251808268
B3GNT5,0.4215293281844684,0.5784706718155316
B3GNT8,0.4410436547228268,0.5589563452771732
B3GNT9,0.36653103014188154,0.6334689698581184
B4GALNT3,0.46192906770323006,0.5380709322967699
B4GALT1,0.41031670783247265,0.5896832921675274
B4GALT2,0.2880703927949071,0.7119296072050929
B4GALT3,0.3102923449394958,0.6897076550605041
B4GALT4,0.49387441841619356,0.5061255815838064
B4GALT5,0.4615528881549835,0.5384471118450165
B4GALT7,0.3360323905944824,0.6639676094055176
B4GAT1,0.3421454562672547,0.6578545437327453
B9D2,0.5239801114158971,0.47601988858410293
BABAM1,0.3996108254151685,0.6003891745848315
BABAM2,0.28631223092920016,0.7136877690707999
BACE1,0.3406960805545428,0.6593039194454572
BACE1-AS,0.4619959390589169,0.5380040609410831
BACE2,0.40565272101334165,0.5943472789866584
BACH1,0.38998938591352533,0.6100106140864747
BAD,0.39911390468478203,0.600886095315218
BAG1,0.4552931474255664,0.5447068525744336
BAG2,0.5027769782713482,0.49722302172865185
BAG3,0.3060725945979357,0.6939274054020643
BAG4,0.4451614575726645,0.5548385424273354
BAG5,0.28824275971523355,0.7117572402847665
BAG6,0.2633368059593652,0.7366631940406347
BAHD1,0.31783212209120393,0.6821678779087961
BAIAP2,0.31680837207074675,0.6831916279292533
BAIAP3,0.3984325017247881,0.6015674982752119
BAK1,0.3550545091607741,0.6449454908392259
BANF1,0.37343974664275137,0.6265602533572486
BANK1,0.5438760093280247,0.4561239906719753
BANP,0.28839206442769083,0.7116079355723092
BAP1,0.294908970328314,0.705091029671686
BARD1,0.5136884206107685,0.48631157938923153
BARX2,0.5802149804575103,0.4197850195424897
BASP1,0.4546793970678534,0.5453206029321467
BATF,0.5979368037411145,0.40206319625888554
BATF2,0.6656036302447319,0.3343963697552681
BATF3,0.6045241515551295,0.3954758484448705
BAX,0.3349371560450111,0.6650628439549888
BAZ1A,0.3470637034624815,0.6529362965375185
BAZ1B,0.41861830917852266,0.5813816908214773
BAZ2A,0.38133383888219086,0.6186661611178091
BAZ2B,0.399348579879318,0.6006514201206821
BBC3,0.5380211589591843,0.46197884104081566
BBIP1,0.33387166341500624,0.6661283365849937
BBS1,0.4987881987222603,0.5012118012777397
BBS10,0.4084497107458966,0.5915502892541034
BBS2,0.32042076252400875,0.6795792374759912
BBS4,0.4410342909395695,0.5589657090604305
BBS7,0.28875170222350527,0.7112482977764947
BBS9,0.3397032176809652,0.6602967823190349
BBX,0.39572879166475367,0.6042712083352464
BCAM,0.4589333132441555,0.5410666867558445
BCAP29,0.3518747620816742,0.6481252379183258
BCAP31,0.3322428087038653,0.6677571912961346
BCAR1,0.3047350436182959,0.6952649563817042
BCAR3,0.40868233436984674,0.5913176656301533
BCAS2,0.3162798665996109,0.6837201334003891
BCAS3,0.40740774758160114,0.5925922524183989
BCAS4,0.44865584054163526,0.5513441594583648
BCAT1,0.5698620086269719,0.4301379913730281
BCAT2,0.43500555572765215,0.5649944442723478
BCCIP,0.3210162046099348,0.6789837953900653
BCDIN3D,0.44079657670642647,0.5592034232935735
BCKDHA,0.4618115599400231,0.5381884400599769
BCKDHB,0.4732655866869858,0.5267344133130142
BCKDK,0.24634450248309545,0.7536554975169045
BCL10,0.2827113707150732,0.7172886292849268
BCL11A,0.5197391472756863,0.48026085272431374
BCL11B,0.4610144522573267,0.5389855477426733
BCL2,0.6790038932647023,0.32099610673529766
BCL2A1,0.4296862967312336,0.5703137032687664
BCL2L1,0.31127896771899294,0.6887210322810071
BCL2L11,0.44164647640926497,0.5583535235907351
BCL2L12,0.3921980506607464,0.6078019493392536
BCL2L13,0.32791124576968805,0.672088754230312
BCL2L2,0.29728562690849814,0.7027143730915019
BCL3,0.42365239347730366,0.5763476065226963
BCL6,0.45218963575150284,0.5478103642484972
BCL7A,0.40901785689805237,0.5909821431019476
BCL7B,0.32029097926403793,0.6797090207359621
BCL7C,0.3766011100794588,0.6233988899205412
BCL9,0.40733279420861174,0.5926672057913882
BCL9L,0.42686794937721323,0.5731320506227868
BCLAF1,0.3606541058314698,0.6393458941685302
BCLAF3,0.4426000179456813,0.5573999820543187
BCO2,0.5890762231179646,0.4109237768820354
BCOR,0.43512200085180147,0.5648779991481985
BCORL1,0.34875842556357384,0.6512415744364262
BCS1L,0.35945062804967165,0.6405493719503284
BDH1,0.4569752085953951,0.5430247914046049
BDH2,0.5170245819858142,0.48297541801418575
BDP1,0.4304228837468794,0.5695771162531206
BECN1,0.3326139157371862,0.6673860842628139
BEGAIN,0.6322312631777355,0.3677687368222645
BEND3,0.4286652183426278,0.5713347816573722
BEND5,0.6853474474378994,0.31465255256210056
BEST1,0.4669766442051956,0.5330233557948044
BET1,0.337095034973962,0.662904965026038
BET1L,0.29965841670387555,0.7003415832961244
BEX2,0.7157750044550214,0.2842249955449786
BEX3,0.3630421877439533,0.6369578122560466
BEX4,0.6115389774952616,0.38846102250473835
BEX5,0.595316221671445,0.40468377832855496
BFAR,0.25049460090563763,0.7495053990943623
BFSP2,0.577312455113445,0.422687544886555
BHLHA15,0.5965148583054543,0.40348514169454575
BHLHE40,0.518143855035305,0.481856144964695
BHLHE40-AS1,0.6204397231340408,0.37956027686595917
BICD1,0.3570038706779347,0.6429961293220653
BICD2,0.37638971768319607,0.6236102823168039
BICDL1,0.44686229593519655,0.5531377040648034
BICRAL,0.4225135413663728,0.5774864586336272
BID,0.40498762231852325,0.5950123776814767
BIK,0.5261979299996581,0.4738020700003419
BIN1,0.5252296179533005,0.4747703820466995
BIN2,0.4768004161970956,0.5231995838029044
BIN3,0.3663944418409041,0.6336055581590959
BIRC2,0.4386738842087133,0.5613261157912868
BIRC3,0.6535630321928433,0.3464369678071567
BIRC5,0.3404225551390222,0.6595774448609778
BIRC6,0.41296712841306416,0.5870328715869358
BIRC7,0.49934330795492443,0.5006566920450756
BISPR,0.551285482943058,0.448714517056942
BIVM,0.4316861467169864,0.5683138532830136
BLACAT1,0.4650556401216558,0.5349443598783442
BLCAP,0.29844903387129307,0.7015509661287069
BLM,0.47903367610914366,0.5209663238908564
BLMH,0.4195917152932712,0.5804082847067288
BLOC1S1,0.49767039343714714,0.5023296065628529
BLOC1S2,0.33281329832971096,0.667186701670289
BLOC1S3,0.28950911574065685,0.7104908842593431
BLOC1S4,0.33150976211098687,0.6684902378890132
BLOC1S5,0.3669621396277632,0.6330378603722369
BLOC1S6,0.29743685985782314,0.7025631401421768
BLVRA,0.35410850149180206,0.6458914985081979
BLVRB,0.4061961650316204,0.5938038349683796
BLZF1,0.31628355077867,0.68371644922133
BMF,0.5012534074485302,0.4987465925514698
BMI1,0.3828952317791326,0.6171047682208675
BMP1,0.2890992927631097,0.7109007072368903
BMP2,0.48377797699400354,0.5162220230059964
BMP2K,0.38504361228219103,0.614956387717809
BMP7,0.5869742365820068,0.41302576341799324
BMP8A,0.347481584326098,0.652518415673902
BMPR1A,0.41955925870154587,0.5804407412984541
BMPR2,0.28222673988368896,0.717773260116311
BMS1,0.33066213011209455,0.6693378698879054
BNC1,0.40054471185430884,0.5994552881456912
BNIP1,0.3920511430395501,0.6079488569604499
BNIP2,0.2624090331373736,0.7375909668626264
BNIP3,0.3759547091820942,0.6240452908179057
BNIP3L,0.33633211467947277,0.6636678853205272
BNIPL,0.4837883234556232,0.5162116765443767
BOD1,0.3657022938132286,0.6342977061867714
BOD1L1,0.4080637688083308,0.5919362311916692
BOLA1,0.529793594032526,0.470206405967474
BOLA2B,0.4949584025889635,0.5050415974110365
BOLA3,0.3848570582589933,0.6151429417410067
BOP1,0.35786345940349357,0.6421365405965065
BORCS5,0.34235384448298384,0.6576461555170161
BORCS6,0.35322160992239204,0.646778390077608
BORCS7,0.3887335328119142,0.6112664671880859
BORCS8,0.4062569615031992,0.5937430384968008
BPGM,0.44866691689406124,0.5513330831059388
BPHL,0.421348035734679,0.578651964265321
BPIFC,0.6210770394120898,0.3789229605879102
BPNT1,0.3236566619681461,0.676343338031854
BPNT2,0.3092660966794938,0.6907339033205062
BPTF,0.3949305335325854,0.6050694664674146
BRAF,0.32933935636122313,0.6706606436387769
BRAP,0.3084349823849542,0.6915650176150459
BRAT1,0.3510083943339331,0.648991605666067
BRCA2,0.4909534268081188,0.5090465731918812
BRCC3,0.35459148032324656,0.6454085196767534
BRD1,0.4083438084593841,0.5916561915406159
BRD2,0.3836149200797081,0.6163850799202919
BRD3,0.4499768622751747,0.5500231377248253
BRD3OS,0.353677292487451,0.646322707512549
BRD4,0.32977571950427126,0.6702242804957288
BRD7,0.30375011917203665,0.6962498808279634
BRD8,0.4603881050965616,0.5396118949034384
BRD9,0.3472458031028509,0.6527541968971491
BRF1,0.30877798130469664,0.6912220186953033
BRI3,0.32218921557068825,0.6778107844293118
BRI3BP,0.37362177670001984,0.6263782232999802
BRICD5,0.6508305871060917,0.34916941289390835
BRIX1,0.3709210826283587,0.6290789173716413
BRK1,0.3178276534059218,0.6821723465940782
BRMS1,0.34834943764976095,0.6516505623502391
BRMS1L,0.36270750207560404,0.6372924979243959
BROX,0.313777083397976,0.686222916602024
BRPF1,0.38388910703361034,0.6161108929663897
BRPF3,0.4384628976030009,0.561537102396999
BRWD1,0.3570533426744597,0.6429466573255402
BRWD3,0.3800592570166503,0.6199407429833497
BSCL2,0.5028161938701358,0.49718380612986424
BSDC1,0.3119171517235892,0.6880828482764108
BSG,0.33802388502018793,0.661976114979812
BSN,0.6278457737394741,0.37215422626052586
BSPRY,0.5596613990409034,0.4403386009590966
BST1,0.442703844314175,0.557296155685825
BST2,0.6858641452022961,0.3141358547977039
BTAF1,0.4205844718962908,0.5794155281037092
BTBD1,0.3105280370052372,0.6894719629947628
BTBD10,0.29206143798572676,0.7079385620142733
BTBD19,0.5046578108200005,0.4953421891799995
BTBD2,0.3212730823350804,0.6787269176649195
BTBD3,0.371688114213092,0.628311885786908
BTBD6,0.2734776273635881,0.7265223726364118
BTBD7,0.2863159890153578,0.7136840109846422
BTBD9,0.36677370632865597,0.633226293671344
BTD,0.3221055112246956,0.6778944887753044
BTF3,0.3530923647007772,0.6469076352992228
BTF3L4,0.35726429309163776,0.6427357069083622
BTG1,0.4662730542144605,0.5337269457855395
BTG2,0.5245360668216433,0.47546393317835667
BTG3,0.4352800079754421,0.5647199920245579
BTK,0.5041068430457797,0.4958931569542203
BTN1A1,0.5962673697088446,0.40373263029115536
BTN2A1,0.3713398873806,0.6286601126194
BTN2A2,0.49614077167851584,0.5038592283214842
BTN3A1,0.5544975325465202,0.44550246745347977
BTN3A2,0.5131983650582177,0.4868016349417823
BTN3A3,0.5573973512010915,0.44260264879890854
BTRC,0.286033909568297,0.713966090431703
BUB1,0.4475257375410625,0.5524742624589375
BUB3,0.31331474548538346,0.6866852545146165
BUD13,0.354964486323297,0.645035513676703
BUD23,0.3690251765240516,0.6309748234759485
BUD31,0.34787621907889843,0.6521237809211016
BYSL,0.35677170992961954,0.6432282900703805
BZW1,0.2955530375142449,0.7044469624857551
BZW2,0.33350879406290396,0.666491205937096
C10orf71,0.8371901001249041,0.16280989987509586
C11orf21,0.7012701800891331,0.2987298199108669
C11orf24,0.2621945413827364,0.7378054586172635
C11orf54,0.4191875101200172,0.5808124898799828
C11orf58,0.28001104202121496,0.719988957978785
C11orf68,0.32493946993989603,0.675060530060104
C11orf71,0.4952619754310165,0.5047380245689834
C11orf96,0.5044118831200259,0.49558811687997406
C12orf43,0.33845898868249996,0.6615410113175
C12orf57,0.5306664024080548,0.46933359759194515
C12orf75,0.5376794072134155,0.46232059278658455
C12orf76,0.46141153307897703,0.538588466921023
C14orf119,0.27663012500852346,0.7233698749914765
C14orf28,0.3906322725649391,0.6093677274350608
C14orf93,0.4133834237498896,0.5866165762501103
C15orf39,0.3280163029308564,0.6719836970691436
C15orf40,0.3355792621150613,0.6644207378849387
C15orf48,0.6019591603960309,0.3980408396039691
C15orf61,0.4226524547806808,0.5773475452193192
C16orf54,0.535339147916862,0.464660852083138
C16orf86,0.5554670744708606,0.44453292552913937
C16orf87,0.30812489442593816,0.6918751055740618
C17orf100,0.47394738772085737,0.5260526122791427
C17orf49,0.5740634256175586,0.42593657438244137
C17orf58,0.41824865580669474,0.5817513441933053
C17orf67,0.43336903430255397,0.566630965697446
C17orf75,0.44051599715437206,0.5594840028456279
C18orf21,0.44404314192278044,0.5559568580772196
C18orf32,0.5778954412255969,0.4221045587744031
C19orf12,0.3541400943483625,0.6458599056516374
C19orf18,0.668613504086222,0.331386495913778
C19orf25,0.4198789444885084,0.5801210555114916
C19orf47,0.34223360541675774,0.6577663945832423
C19orf53,0.32619332309280125,0.6738066769071988
C1D,0.3034260464566095,0.6965739535433906
C1GALT1,0.3072878375449883,0.6927121624550117
C1GALT1C1,0.37486987880298067,0.6251301211970193
C1QA,0.4071163468595062,0.5928836531404937
C1QB,0.4440369177609682,0.5559630822390318
C1QBP,0.34355979583259405,0.656440204167406
C1QC,0.4114964199917657,0.5885035800082343
C1RL,0.42032815595822676,0.5796718440417732
C1RL-AS1,0.5906626039317676,0.4093373960682324
C1orf115,0.5833959696548325,0.41660403034516746
C1orf116,0.3741368651556383,0.6258631348443617
C1orf122,0.3539356996438333,0.6460643003561667
C1orf131,0.4170601059283529,0.582939894071647
C1orf159,0.39930148369499613,0.6006985163050038
C1orf162,0.36197637154587675,0.6380236284541232
C1orf174,0.3478294581707035,0.6521705418292965
C1orf21,0.3647588873282075,0.6352411126717925
C1orf216,0.36234242043324877,0.6376575795667512
C1orf226,0.5090801428471293,0.4909198571528707
C1orf35,0.4174241466181619,0.5825758533818381
C1orf43,0.3339132767702852,0.6660867232297147
C1orf50,0.4917742466287954,0.5082257533712047
C1orf52,0.31544599189822164,0.6845540081017784
C1orf56,0.3675691041031054,0.6324308958968946
C2,0.4641827733388969,0.5358172266611031
C20orf202,0.427721205400303,0.572278794599697
C20orf96,0.5666091830602714,0.4333908169397286
C21orf58,0.5923943296074867,0.4076056703925133
C21orf91,0.465651735663414,0.534348264336586
C22orf23,0.36791008140841897,0.632089918591581
C22orf39,0.3935961853712797,0.6064038146287203
C2CD2L,0.33445838652551174,0.6655416134744883
C2CD3,0.39053599829120295,0.6094640017087971
C2CD4D-AS1,0.6565673755747932,0.34343262442520683
C2CD5,0.43213873489626814,0.5678612651037318
C2orf42,0.3784443025610277,0.6215556974389723
C2orf49,0.33619159885815214,0.6638084011418479
C2orf68,0.42988209186920096,0.570117908130799
C2orf69,0.3805797169251101,0.6194202830748898
C2orf74,0.4409533241497619,0.5590466758502382
C2orf76,0.37799532019666265,0.6220046798033374
C3AR1,0.3630051459518394,0.6369948540481606
C3orf18,0.4333416904721941,0.5666583095278059
C3orf33,0.5222544478518623,0.47774555214813774
C3orf38,0.4017875093434538,0.5982124906565462
C3orf62,0.48315905247415813,0.5168409475258419
C4A,0.7166475068245616,0.2833524931754384
C4orf3,0.2956483627536467,0.7043516372463533
C4orf33,0.40350188181868624,0.5964981181813138
C4orf46,0.45719025496925625,0.5428097450307438
C4orf50,0.5412864466863019,0.4587135533136981
C5,0.6246427755270686,0.3753572244729314
C5AR1,0.452442337492747,0.547557662507253
C5orf15,0.36528900718050344,0.6347109928194965
C5orf22,0.36468223615416456,0.6353177638458354
C5orf24,0.38513046050710337,0.6148695394928967
C5orf34,0.5678839949624879,0.43211600503751213
C5orf34-AS1,0.4544891175547881,0.545510882445212
C5orf63,0.48036313908440725,0.5196368609155928
C6orf120,0.3749141748994589,0.6250858251005411
C6orf132,0.41443053712802275,0.5855694628719772
C6orf136,0.4040729100150721,0.5959270899849278
C6orf15,0.7084490688783782,0.2915509311216218
C6orf226,0.4492653714759009,0.550734628524099
C6orf47,0.3182427260492529,0.6817572739507471
C6orf62,0.3273252480264221,0.6726747519735778
C6orf89,0.25252596594925436,0.7474740340507456
C7orf25,0.37709091124790056,0.6229090887520994
C7orf50,0.3669171186962298,0.6330828813037702
C8G,0.8355386235884258,0.1644613764115742
C8orf33,0.30036196604903254,0.6996380339509675
C8orf76,0.41040670146633473,0.5895932985336653
C8orf82,0.39887360643063274,0.6011263935693673
C9orf40,0.45431056671908926,0.5456894332809108
C9orf72,0.48468450563294546,0.5153154943670546
C9orf78,0.2994909060320684,0.7005090939679316
C9orf85,0.33381202178342,0.66618797821658
CA11,0.5669651105999947,0.43303488940000534
CA12,0.4519150432731424,0.5480849567268575
CA3,0.7767288514545986,0.22327114854540142
CA5B,0.4826139419206551,0.5173860580793449
CA8,0.7440924601895469,0.2559075398104531
CA9,0.6016253679990768,0.39837463200092316
CAAP1,0.4266409094312361,0.5733590905687639
CAB39,0.3490814215661625,0.6509185784338375
CABIN1,0.374049611389637,0.625950388610363
CABLES2,0.4795850398285048,0.5204149601714951
CACFD1,0.4010766255004065,0.5989233744995934
CACNA1A,0.6495158970355988,0.35048410296440125
CACNA1F,0.676669143140316,0.323330856859684
CACNA1G,0.5313971915415355,0.46860280845846447
CACNA1H,0.5453394832355636,0.4546605167644364
CACNA1I,0.6393220339502607,0.36067796604973934
CACNA2D1,0.6157951621072633,0.38420483789273674
CACNA2D2,0.6301344217998641,0.3698655782001359
CACNA2D4,0.496188897639513,0.503811102360487
CACNB1,0.5659758805164269,0.4340241194835731
CACNB3,0.38414598495832514,0.6158540150416749
CACNB4,0.7438198913420949,0.2561801086579051
CACNG4,0.6043943603123937,0.3956056396876063
CACTIN,0.3784477724028485,0.6215522275971515
CACUL1,0.31906437235219137,0.6809356276478087
CACYBP,0.3493648722900876,0.6506351277099124
CAD,0.3949489343379225,0.6050510656620776
CAHM,0.46780121326446533,0.5321987867355347
CALCOCO1,0.3913584681493895,0.6086415318506104
CALCOCO2,0.33473747303443296,0.665262526965567
CALHM2,0.46729302565966335,0.5327069743403366
CALHM6,0.7393998067293849,0.2606001932706151
CALM1,0.3588334896734783,0.6411665103265217
CALM2,0.32136316820313887,0.6786368317968612
CALM3,0.31326271389843896,0.686737286101561
CALML3,0.4037831464250173,0.5962168535749828
CALML3-AS1,0.4055117433391778,0.5944882566608223
CALR,0.42311922274529934,0.5768807772547007
CALU,0.27997515683195423,0.7200248431680458
CAMK1D,0.5022598675319127,0.49774013246808735
CAMK2A,0.6249946941222463,0.3750053058777537
CAMK2G,0.3395144098571369,0.6604855901428631
CAMK4,0.6210607854383332,0.3789392145616668
CAMKK1,0.42943183545555386,0.5705681645444461
CAMKK2,0.33380880958533715,0.6661911904146629
CAMKMT,0.3774431991790022,0.6225568008209978
CAMLG,0.31707649917474817,0.6829235008252519
CAMSAP1,0.41110300538795336,0.5888969946120466
CAMSAP2,0.3139868461460407,0.6860131538539593
CAMTA1,0.3755131080480559,0.6244868919519442
CAMTA2,0.33080506324768066,0.6691949367523193
CAND1,0.3802593983709812,0.6197406016290188
CAND2,0.6901336259075573,0.30986637409244266
CANT1,0.2217604535814774,0.7782395464185226
CANX,0.4872310778924397,0.5127689221075603
CAP1,0.4186348180519417,0.5813651819480583
CAPG,0.476342432733093,0.523657567266907
CAPN1,0.35199159721378237,0.6480084027862176
CAPN10,0.4288424365222454,0.5711575634777546
CAPN12,0.5453851302819592,0.45461486971804077
CAPN14,0.6090231825198446,0.39097681748015545
CAPN15,0.3349308172806299,0.6650691827193701
CAPN2,0.2936500482527273,0.7063499517472727
CAPN5,0.5407952155385699,0.4592047844614301
CAPN7,0.37393235734530855,0.6260676426546914
CAPNS1,0.30435133625620175,0.6956486637437982
CAPRIN1,0.38024419599345755,0.6197558040065425
CAPRIN2,0.4167801280106817,0.5832198719893182
CAPS,0.6657637570585523,0.3342362429414477
CAPS2,0.5890990197658539,0.4109009802341461
CAPZA1,0.3527162227879411,0.6472837772120589
CAPZA2,0.2895383784281356,0.7104616215718644
CAPZB,0.24624250875785947,0.7537574912421405
CARD10,0.3664831763931683,0.6335168236068317
CARD11,0.587947744343962,0.412052255656038
CARD16,0.46582744855965885,0.5341725514403411
CARD19,0.3520442010568721,0.6479557989431279
CARD6,0.4550844798130648,0.5449155201869351
CARD8,0.42465150063591345,0.5753484993640865
CARD8-AS1,0.42134204347218784,0.5786579565278122
CARD9,0.5840296042816979,0.4159703957183021
CARF,0.5342232776539666,0.4657767223460334
CARHSP1,0.3467696146773441,0.653230385322656
CARM1,0.36109841002949644,0.6389015899705035
CARMIL1,0.36873170972934793,0.6312682902706521
CARMIL2,0.6567938508731979,0.34320614912680214
CARNMT1,0.361505692292537,0.638494307707463
CARNS1,0.5475342486585889,0.4524657513414111
CARS1,0.32180484011769295,0.678195159882307
CARS2,0.2834468223154545,0.7165531776845455
CASC3,0.35321639105677605,0.646783608943224
CASD1,0.40001110253589495,0.599988897464105
CASK,0.420661956604038,0.5793380433959621
CASP1,0.43922414630651474,0.5607758536934853
CASP10,0.4434739761054516,0.5565260238945484
CASP14,0.7022787215454238,0.2977212784545762
CASP2,0.40558430712137905,0.594415692878621
CASP3,0.3766019282463406,0.6233980717536594
CASP4,0.4307103987251009,0.5692896012748991
CASP6,0.4380768502929381,0.5619231497070619
CASP7,0.42326571100524496,0.5767342889947551
CASP8,0.40120112523436546,0.5987988747656345
CASP8AP2,0.4732362755707332,0.5267637244292668
CASQ1,0.8275616850171771,0.17243831498282292
CASS4,0.45339149848691057,0.5466085015130895
CAST,0.3433874850826604,0.6566125149173396
CASTOR1,0.4256499372422695,0.5743500627577305
CASTOR2,0.4495570904442242,0.5504429095557758
CASZ1,0.4774604918701308,0.5225395081298692
CAT,0.3898478773023401,0.6101521226976598
CATSPER1,0.37868678104132414,0.6213132189586759
CATSPER2,0.5699736475944519,0.4300263524055481
CATSPERG,0.6282027853386742,0.37179721466132576
CAVIN1,0.31332616755805376,0.6866738324419462
CAVIN2,0.6311078955020223,0.3688921044979777
CAVIN3,0.4456516535220934,0.5543483464779067
CBARP,0.40553830856723444,0.5944616914327656
CBFA2T2,0.48815703125936644,0.5118429687406336
CBFA2T3,0.5005199733589377,0.4994800266410623
CBFB,0.2753755935866918,0.7246244064133083
CBL,0.3721905280170696,0.6278094719829304
CBLB,0.3182329410420997,0.6817670589579004
CBLL1,0.3944217206111976,0.6055782793888024
CBR1,0.4188524218542235,0.5811475781457764
CBR3-AS1,0.48365139429058346,0.5163486057094165
CBR4,0.42447770280497416,0.5755222971950258
CBX1,0.36860718285398825,0.6313928171460117
CBX3,0.34914342693186234,0.6508565730681377
CBX4,0.3446921349636146,0.6553078650363854
CBX5,0.47960860122527393,0.5203913987747261
CBX6,0.533482336040054,0.466517663959946
CBX7,0.5552965019430433,0.44470349805695675
CBY1,0.3959280686519508,0.6040719313480492
CC2D1A,0.3635705666882651,0.6364294333117348
CC2D1B,0.2792782633166228,0.7207217366833771
CCAR1,0.3281965968864305,0.6718034031135696
CCAR2,0.34813272793378147,0.6518672720662185
CCDC102A,0.4369468337723187,0.5630531662276813
CCDC102B,0.4724140145948955,0.5275859854051045
CCDC106,0.5363222222243037,0.4636777777756963
CCDC107,0.4727523390735899,0.5272476609264101
CCDC112,0.4163870925882033,0.5836129074117967
CCDC115,0.32833395020237993,0.6716660497976201
CCDC117,0.3665002095513046,0.6334997904486954
CCDC12,0.36612855257200344,0.6338714474279965
CCDC120,0.3410602387573038,0.6589397612426962
CCDC121,0.5006973780691624,0.49930262193083763
CCDC122,0.4662736819258758,0.5337263180741242
CCDC124,0.287400788760611,0.7125992112393891
CCDC125,0.490740173629352,0.509259826370648
CCDC126,0.3863741675657885,0.6136258324342114
CCDC127,0.37560571623700006,0.6243942837629999
CCDC13,0.519604528588908,0.48039547141109196
CCDC134,0.4153196437816535,0.5846803562183465
CCDC136,0.6867788551109177,0.31322114488908226
CCDC137,0.34945038832458003,0.6505496116754199
CCDC138,0.45135766374213354,0.5486423362578665
CCDC14,0.47066174713628633,0.5293382528637136
CCDC142,0.42141364900661366,0.5785863509933864
CCDC144A,0.6968797264354569,0.3031202735645431
CCDC146,0.654499277472496,0.34550072252750397
CCDC152,0.637572916490691,0.36242708350930897
CCDC157,0.4982017693775041,0.501798230622496
CCDC159,0.41214664253805366,0.5878533574619463
CCDC163,0.5345963346106666,0.4654036653893334
CCDC167,0.38480603641697336,0.6151939635830266
CCDC168,0.5877083710261753,0.41229162897382465
CCDC174,0.3504667059917535,0.6495332940082466
CCDC18,0.5228869968226978,0.4771130031773022
CCDC18-AS1,0.41480408662131857,0.5851959133786815
CCDC183,0.4636852225022657,0.5363147774977344
CCDC183-AS1,0.4549150113016367,0.5450849886983633
CCDC184,0.5872490640197482,0.4127509359802518
CCDC186,0.3923578230398042,0.6076421769601958
CCDC191,0.5275242775678635,0.47247572243213654
CCDC22,0.34784321007984026,0.6521567899201597
CCDC25,0.37045404341604027,0.6295459565839597
CCDC28A,0.41613216591732843,0.5838678340826715
CCDC28B,0.6409062668681145,0.35909373313188553
CCDC30,0.6240535452961922,0.37594645470380783
CCDC32,0.3250200886811529,0.674979911318847
CCDC34,0.556687630712986,0.443312369287014
CCDC40,0.5609015939491135,0.43909840605088646
CCDC43,0.25985941472130697,0.7401405852786931
CCDC47,0.2999366009607911,0.7000633990392089
CCDC50,0.35931655525096823,0.6406834447490317
CCDC51,0.39926312517906937,0.6007368748209306
CCDC57,0.48314231634140015,0.5168576836585999
CCDC59,0.35754524038306307,0.642454759616937
CCDC6,0.34017834067344666,0.6598216593265533
CCDC61,0.3788722488763077,0.6211277511236923
CCDC66,0.5049731209874153,0.4950268790125847
CCDC69,0.5191848826195512,0.4808151173804488
CCDC7,0.5271545611321926,0.4728454388678074
CCDC71,0.3276068903173187,0.6723931096826813
CCDC71L,0.45636625375066486,0.5436337462493351
CCDC77,0.4532869822744812,0.5467130177255188
CCDC80,0.6014473938516208,0.3985526061483792
CCDC82,0.37044008022972513,0.6295599197702748
CCDC85B,0.42867370947663275,0.5713262905233673
CCDC85C,0.33246853328975184,0.6675314667102481
CCDC86,0.3598811573881124,0.6401188426118876
CCDC87,0.4912106969526836,0.5087893030473164
CCDC88A,0.39409511988716467,0.6059048801128353
CCDC88B,0.5475245123463017,0.45247548765369827
CCDC88C,0.49145907376493725,0.5085409262350628
CCDC9,0.27346338012388777,0.7265366198761123
CCDC90B,0.3076967058171119,0.6923032941828882
CCDC91,0.36241840065589975,0.6375815993441003
CCDC92,0.3758419861218759,0.6241580138781241
CCDC93,0.33537158742547035,0.6646284125745296
CCDC97,0.38499387074261904,0.615006129257381
CCHCR1,0.48949907294341494,0.510500927056585
CCL18,0.558304491852011,0.44169550814798897
CCL19,0.7642620929649898,0.23573790703501019
CCL2,0.6551520377397537,0.3448479622602463
CCL20,0.6630863174796104,0.33691368252038956
CCL24,0.5565992764064244,0.44340072359357563
CCL28,0.6022624958838735,0.3977375041161265
CCL3L3,0.5052425121622426,0.4947574878377574
CCL4,0.4321174477892263,0.5678825522107738
CCL4L2,0.4996736986296518,0.5003263013703483
CCL5,0.6540467930691582,0.34595320693084175
CCM2,0.3550354707320886,0.6449645292679114
CCN1,0.44890329827155384,0.5510967017284462
CCNB1,0.4571610226162842,0.5428389773837158
CCNB1IP1,0.4324322273688657,0.5675677726311343
CCNB2,0.4548699807907854,0.5451300192092146
CCNC,0.3175573189343725,0.6824426810656274
CCND1,0.5060117558709213,0.4939882441290787
CCND2,0.6525654984372002,0.34743450156279976
CCND3,0.37150872951107367,0.6284912704889263
CCNDBP1,0.34805585723370314,0.6519441427662969
CCNE1,0.40943293140402864,0.5905670685959714
CCNE2,0.5865603227700505,0.41343967722994945
CCNF,0.4543914113725935,0.5456085886274065
CCNG1,0.435544808528253,0.564455191471747
CCNG2,0.3745205520452665,0.6254794479547334
CCNH,0.3077819461801222,0.6922180538198778
CCNI,0.3511487359979323,0.6488512640020677
CCNJ,0.4767699683351176,0.5232300316648824
CCNK,0.42637852632573675,0.5736214736742633
CCNL1,0.4231290694858347,0.5768709305141653
CCNL2,0.4515666791370937,0.5484333208629063
CCNQ,0.34511170057313784,0.6548882994268621
CCNT1,0.3710640161963446,0.6289359838036555
CCNT2,0.3456736768462828,0.6543263231537172
CCNY,0.31078390856938704,0.6892160914306129
CCNYL1,0.3306648801746113,0.6693351198253887
CCP110,0.4516843238047191,0.5483156761952809
CCPG1,0.4301411807537079,0.5698588192462921
CCR2,0.5203565204782146,0.47964347952178543
CCR3,0.47305318287440706,0.5269468171255929
CCR4,0.6631030142307281,0.33689698576927185
CCR5,0.47572892451924936,0.5242710754807507
CCR7,0.5876802259257862,0.41231977407421383
CCR8,0.6299552928124156,0.3700447071875844
CCS,0.3799578345247677,0.6200421654752323
CCSAP,0.41216169776661055,0.5878383022333895
CCSER1,0.6488840899297169,0.3511159100702831
CCSER2,0.33166494739374947,0.6683350526062506
CCT2,0.3893267765109028,0.6106732234890972
CCT3,0.30403583363762926,0.6959641663623708
CCT4,0.2999822843952903,0.7000177156047097
CCT5,0.3380614118401094,0.6619385881598906
CCT6A,0.3881202744586127,0.6118797255413873
CCT6B,0.5812259486743382,0.4187740513256618
CCT7,0.3010311680097532,0.6989688319902467
CCT8,0.29725396017810063,0.7027460398218994
CCZ1,0.4196994727743523,0.5803005272256476
CCZ1B,0.3980375070657049,0.601962492934295
CD109,0.3463160999651466,0.6536839000348533
CD14,0.38493807267929825,0.6150619273207018
CD151,0.3024703176426036,0.6975296823573964
CD164,0.3478879163573895,0.6521120836426104
CD180,0.3545107305315988,0.6454892694684011
CD2,0.5905842972653252,0.40941570273467476
CD200R1,0.5741426604134696,0.4258573395865304
CD207,0.4314768442085811,0.5685231557914189
CD209,0.4177339095622301,0.5822660904377699
CD22,0.5770198990191732,0.42298010098082683
CD226,0.6393475489956992,0.36065245100430077
CD24,0.48149265136037556,0.5185073486396244
CD244,0.4058774209448269,0.5941225790551731
CD27-AS1,0.5445300090525832,0.4554699909474168
CD274,0.6206419553075518,0.37935804469244816
CD276,0.3213976996817759,0.6786023003182241
CD28,0.5449401885271072,0.45505981147289276
CD2AP,0.2920259055016296,0.7079740944983703
CD2BP2,0.30522823998970644,0.6947717600102936
CD2BP2-DT,0.42701512042965206,0.5729848795703479
CD300A,0.3588695977149265,0.6411304022850735
CD300C,0.3384724544427757,0.6615275455572243
CD300LB,0.4544927857205039,0.5455072142794961
CD300LF,0.37276633083820343,0.6272336691617966
CD302,0.625768108027322,0.37423189197267803
CD320,0.48166435797299656,0.5183356420270034
CD33,0.40733323459114346,0.5926667654088565
CD36,0.5627745435174022,0.4372254564825978
CD37,0.4750695047633989,0.5249304952366012
CD38,0.6075920643551009,0.39240793564489906
CD3D,0.5816829694168908,0.4183170305831092
CD3E,0.5157597049006394,0.4842402950993606
CD4,0.5290265104600361,0.4709734895399639
CD40,0.4762948245874473,0.5237051754125527
CD44,0.6291869272078786,0.3708130727921214
CD44-AS1,0.44655233195849825,0.5534476680415017
CD46,0.4198461648608957,0.5801538351391042
CD47,0.3956786351544516,0.6043213648455483
CD48,0.4955379696828978,0.5044620303171021
CD5,0.5997811736805099,0.40021882631949013
CD52,0.4828360176512173,0.5171639823487827
CD53,0.45332192310265135,0.5466780768973487
CD55,0.4290847086480686,0.5709152913519314
CD58,0.2654866940075798,0.7345133059924203
CD59,0.3223328873448606,0.6776671126551395
CD6,0.5049972188259874,0.49500278117401264
CD63,0.40374316461384296,0.596256835386157
CD69,0.558139731841428,0.44186026815857204
CD7,0.606423696236951,0.393576303763049
CD72,0.5557449513248035,0.4442550486751965
CD74,0.7453312905771392,0.2546687094228608
CD79B,0.5918704037155423,0.40812959628445766
CD81,0.35359594372234177,0.6464040562776583
CD82,0.4375242723950318,0.5624757276049682
CD83,0.4086391404271126,0.5913608595728874
CD84,0.518069210329226,0.48193078967077396
CD8A,0.5682530608028173,0.43174693919718266
CD9,0.48223777008908136,0.5177622299109186
CD99,0.3925083383385624,0.6074916616614376
CD99L2,0.43453334857310566,0.5654666514268943
CDADC1,0.32508743966796566,0.6749125603320343
CDAN1,0.3582310266792774,0.6417689733207226
CDC123,0.32402977746512207,0.6759702225348779
CDC14A,0.5214528696877616,0.4785471303122384
CDC14B,0.447735886488642,0.552264113511358
CDC16,0.33022378930555923,0.6697762106944407
CDC20,0.4346144452158894,0.5653855547841107
CDC23,0.4091105346700975,0.5908894653299025
CDC25B,0.39126484947545187,0.6087351505245482
CDC26,0.34933792733188185,0.6506620726681182
CDC27,0.2529690047459943,0.7470309952540057
CDC34,0.3402456936559507,0.6597543063440493
CDC37,0.28446714147659286,0.7155328585234071
CDC37L1,0.43415432210479465,0.5658456778952053
CDC37L1-DT,0.6001189047736781,0.39988109522632187
CDC40,0.3840089961886406,0.6159910038113594
CDC42,0.31410074247313396,0.6858992575268661
CDC42-IT1,0.5266189426183701,0.47338105738162994
CDC42BPA,0.41446545214525293,0.5855345478547471
CDC42BPB,0.36578658355366706,0.6342134164463329
CDC42BPG,0.39239305603717056,0.6076069439628294
CDC42EP3,0.3110605523439257,0.6889394476560743
CDC42EP4,0.5218372579131808,0.4781627420868192
CDC42SE1,0.3488447446642177,0.6511552553357822
CDC42SE2,0.3486025759152004,0.6513974240847996
CDC5L,0.32269207960260765,0.6773079203973924
CDC73,0.3060420537367463,0.6939579462632537
CDCA2,0.4415470688005111,0.5584529311994889
CDCA4,0.3340609746852091,0.6659390253147909
CDCA7L,0.4899651961667197,0.5100348038332803
CDCP1,0.38880043423601557,0.6111995657639844
CDH1,0.4043054524809122,0.5956945475190878
CDH3,0.40706523401396616,0.5929347659860338
CDH4,0.6095672750047275,0.3904327249952725
CDH6,0.490265952556261,0.5097340474437391
CDHR1,0.5380494988390377,0.46195050116096226
CDHR2,0.46219083280967815,0.5378091671903218
CDIP1,0.4384295043668577,0.5615704956331423
CDIPT,0.26006354817322325,0.7399364518267768
CDK10,0.4028578523014273,0.5971421476985728
CDK11A,0.5354656188615731,0.46453438113842693
CDK11B,0.29741767501192434,0.7025823249880756
CDK12,0.37424098966377123,0.6257590103362287
CDK13,0.3347740468702146,0.6652259531297854
CDK15,0.5419595715190683,0.45804042848093174
CDK16,0.336441789620689,0.663558210379311
CDK17,0.3165620639753927,0.6834379360246072
CDK18,0.4584385374827044,0.5415614625172955
CDK19,0.39657068412218777,0.6034293158778122
CDK2,0.3796476147004536,0.6203523852995464
CDK20,0.5556274099009377,0.44437259009906227
CDK2AP1,0.3185279042060886,0.6814720957939113
CDK2AP2,0.3439125626214913,0.6560874373785087
CDK4,0.42154954746365547,0.5784504525363445
CDK5,0.3404216113101159,0.659578388689884
CDK5RAP1,0.3729846976431353,0.6270153023568648
CDK5RAP2,0.39431705485497204,0.605682945145028
CDK5RAP3,0.6284773796796799,0.37152262032032013
CDK6,0.43942998190011295,0.560570018099887
CDK7,0.31290878262370825,0.6870912173762918
CDK8,0.2856302728344287,0.7143697271655713
CDK9,0.27177856204798445,0.7282214379520155
CDKAL1,0.4539285557610648,0.5460714442389352
CDKL1,0.35543483974678175,0.6445651602532183
CDKL3,0.5123596244624683,0.4876403755375317
CDKN1A,0.4747801407107285,0.5252198592892715
CDKN1B,0.4236014691580619,0.5763985308419382
CDKN1C,0.5865055386509214,0.41349446134907863
CDKN2A,0.6945000812411308,0.30549991875886917
CDKN2AIP,0.40404963466737953,0.5959503653326205
CDKN2AIPNL,0.39403677731752396,0.605963222682476
CDKN2B-AS1,0.6580576854092735,0.34194231459072655
CDKN2C,0.6268378677112716,0.3731621322887284
CDKN2D,0.3795426008956773,0.6204573991043227
CDKN3,0.43546973168849945,0.5645302683115005
CDNF,0.5771319344639778,0.4228680655360222
CDPF1,0.43704203941992353,0.5629579605800765
CDR2,0.38859555484460934,0.6114044451553906
CDRT4,0.6530420737607139,0.3469579262392861
CDS2,0.29891590364942594,0.701084096350574
CDT1,0.4921489286103419,0.5078510713896581
CDV3,0.3095163222668426,0.6904836777331573
CDYL,0.26626636932737063,0.7337336306726294
CDYL2,0.42448413079338415,0.5755158692066158
CEACAM1,0.6770804386053767,0.3229195613946233
CEACAM19,0.3716735273732671,0.6283264726267329
CEACAM6,0.5639820607112986,0.43601793928870136
CEBPB,0.3491324753101383,0.6508675246898616
CEBPD,0.5217577032744884,0.47824229672551155
CEBPG,0.33495363912412096,0.665046360875879
CEBPZ,0.42801143202398506,0.5719885679760149
CEBPZOS,0.3819351422467402,0.6180648577532598
CELF1,0.2995351717940399,0.7004648282059601
CELF2,0.6009289334927287,0.3990710665072713
CELSR1,0.33078559468101176,0.6692144053189882
CELSR2,0.4384480390165533,0.5615519609834467
CEMIP,0.5231742395886353,0.4768257604113647
CEMIP2,0.3865737108779805,0.6134262891220195
CENATAC,0.456480615905353,0.5435193840946471
CENATAC-DT,0.4866566958704165,0.5133433041295835
CENPB,0.33557310035186155,0.6644268996481384
CENPC,0.44919064587780405,0.5508093541221959
CENPE,0.43905156584722654,0.5609484341527735
CENPF,0.5198575710611684,0.48014242893883163
CENPH,0.5594768768974713,0.4405231231025287
CENPJ,0.5128960045320647,0.48710399546793526
CENPL,0.4656745913837637,0.5343254086162363
CENPN,0.43459682326231686,0.5654031767376831
CENPP,0.48560821105326923,0.5143917889467308
CENPQ,0.42842884521399227,0.5715711547860077
CENPS,0.4052947876043618,0.5947052123956382
CENPT,0.3682209237345627,0.6317790762654373
CENPU,0.4967897874968393,0.5032102125031608
CENPV,0.5728984491101333,0.4271015508898667
CENPW,0.5025986374488899,0.4974013625511101
CENPX,0.38756475624229225,0.6124352437577077
CEP104,0.3034296905887978,0.6965703094112021
CEP120,0.4332802410104445,0.5667197589895555
CEP126,0.5273552904171603,0.47264470958283966
CEP128,0.40486830732386025,0.5951316926761397
CEP131,0.39855697591389927,0.6014430240861007
CEP135,0.4893036905143942,0.5106963094856058
CEP152,0.494237341518913,0.505762658481087
CEP162,0.5025268409933362,0.4974731590066638
CEP164,0.3338830436446837,0.6661169563553163
CEP170,0.373451170910682,0.626548829089318
CEP170B,0.29287964987036375,0.7071203501296363
CEP19,0.545127525393452,0.454872474606548
CEP192,0.475843292261873,0.5241567077381271
CEP20,0.3729878890195063,0.6270121109804937
CEP250,0.4071139938064984,0.5928860061935016
CEP250-AS1,0.5155304787414414,0.4844695212585586
CEP290,0.48058535744036945,0.5194146425596305
CEP295,0.5336295004401889,0.46637049955981114
CEP350,0.3981201244252069,0.6018798755747932
CEP41,0.37194637209177017,0.6280536279082298
CEP43,0.47779260841863497,0.522207391581365
CEP44,0.4299378480230059,0.5700621519769942
CEP57,0.38071153818496634,0.6192884618150336
CEP57L1,0.4231968836060592,0.5768031163939408
CEP63,0.4107163814561708,0.5892836185438293
CEP68,0.42318305373191833,0.5768169462680817
CEP70,0.569136561027595,0.430863438972405
CEP72,0.4582826739975384,0.5417173260024616
CEP76,0.4709307923913002,0.5290692076086998
CEP78,0.4664724437253816,0.5335275562746185
CEP83,0.4365886662687574,0.5634113337312425
CEP85,0.44944313168525696,0.550556868314743
CEP85L,0.48772138357162476,0.5122786164283752
CEP89,0.3522686819945063,0.6477313180054938
CEP95,0.42175737555537907,0.5782426244446209
CEP97,0.44970069133809637,0.5502993086619037
CEPT1,0.37440345250070095,0.625596547499299
CERK,0.39393909222313334,0.6060609077768666
CERS2,0.4154607430100441,0.5845392569899559
CERS3,0.3894889841654471,0.6105110158345529
CERS4,0.4295221396854946,0.5704778603145054
CERS5,0.29775089198457344,0.7022491080154265
CERS6,0.4883830339780876,0.5116169660219124
CERT1,0.35122049786150455,0.6487795021384954
CES1,0.7386809161731175,0.2613190838268825
CES2,0.4046769637082304,0.5953230362917696
CES4A,0.48803949089986937,0.5119605091001307
CETN2,0.28614327484475716,0.7138567251552428
CETN3,0.3940804305353335,0.6059195694646665
CFAP126,0.5165858609335763,0.4834141390664237
CFAP157,0.4236738471580403,0.5763261528419596
CFAP20,0.28445609831916435,0.7155439016808356
CFAP251,0.3979698196053505,0.6020301803946495
CFAP298,0.44585880104984554,0.5541411989501545
CFAP36,0.3694479940459132,0.6305520059540868
CFAP410,0.5499818729502814,0.45001812704971855
CFAP44,0.6417058386972972,0.35829416130270275
CFAP45,0.5574535216603961,0.4425464783396039
CFAP52,0.7063069865107536,0.29369301348924637
CFAP97,0.3973002252834184,0.6026997747165816
CFD,0.5882214845291206,0.4117785154708794
CFDP1,0.32057139949340907,0.6794286005065909
CFL1,0.4815808474086225,0.5184191525913775
CFL2,0.4742901346513203,0.5257098653486797
CFLAR,0.3826729580760002,0.6173270419239998
CGAS,0.4682115928402969,0.5317884071597031
CGGBP1,0.40206645083214554,0.5979335491678545
CGRRF1,0.39235873121236053,0.6076412687876395
CHAC2,0.4132621783230986,0.5867378216769015
CHAF1A,0.4553843912269388,0.5446156087730611
CHAF1B,0.47783451474138666,0.5221654852586133
CHAMP1,0.4301004745066166,0.5698995254933834
CHASERR,0.45590111187526156,0.5440988881247384
CHCHD1,0.3586847549304366,0.6413152450695634
CHCHD10,0.5242944370423045,0.4757055629576955
CHCHD2,0.43699514493346214,0.5630048550665379
CHCHD3,0.35656689134027275,0.6434331086597272
CHCHD4,0.4434886191572462,0.5565113808427538
CHCHD5,0.34247662579374655,0.6575233742062534
CHCHD6,0.4896805552499635,0.5103194447500365
CHCHD7,0.3842564118759973,0.6157435881240028
CHD1,0.35127202873783453,0.6487279712621654
CHD1L,0.579550428049905,0.420449571950095
CHD2,0.3465758017097999,0.6534241982902
CHD3,0.3977361417242459,0.6022638582757541
CHD4,0.39564453597579685,0.6043554640242031
CHD6,0.4536822608539036,0.5463177391460964
CHD7,0.4139081452574049,0.5860918547425951
CHD8,0.36510857354317394,0.6348914264568261
CHD9,0.3343320664550577,0.6656679335449422
CHDH,0.822650209069252,0.17734979093074799
CHEK1,0.42977853465293137,0.5702214653470686
CHEK2,0.4717056067394359,0.5282943932605642
CHERP,0.4136359220636742,0.5863640779363257
CHFR,0.41945670704756466,0.5805432929524353
CHI3L2,0.6704999133944511,0.32950008660554886
CHIC1,0.4206483481185777,0.5793516518814223
CHIC2,0.31999719315873726,0.6800028068412627
CHID1,0.3197909408648099,0.6802090591351901
CHKA,0.45768894095505985,0.5423110590449401
CHKB,0.5955481502626624,0.4044518497373376
CHKB-DT,0.47754271301840034,0.5224572869815997
CHM,0.37133572144167765,0.6286642785583223
CHML,0.43907799891063143,0.5609220010893685
CHMP1A,0.2521284785720387,0.7478715214279613
CHMP1B,0.3547932862171105,0.6452067137828895
CHMP2A,0.34448072420699255,0.6555192757930075
CHMP2B,0.30122556164860725,0.6987744383513927
CHMP3,0.2986024985854913,0.7013975014145086
CHMP4A,0.5505420129214015,0.4494579870785985
CHMP4B,0.34131545121116297,0.6586845487888371
CHMP4C,0.41014166282755987,0.5898583371724402
CHMP5,0.35625945031642914,0.6437405496835709
CHMP6,0.37122604304126333,0.6287739569587367
CHMP7,0.3632345034607819,0.6367654965392181
CHORDC1,0.3406402539195759,0.6593597460804241
CHP1,0.29984191838385804,0.7001580816161419
CHP2,0.616815767117909,0.383184232882091
CHPF,0.31842277332076,0.6815772266792399
CHPF2,0.26576045709329527,0.7342395429067048
CHPT1,0.6307932042649814,0.3692067957350186
CHRAC1,0.3125781226637108,0.6874218773362892
CHRNA1,0.6884211269872529,0.3115788730127471
CHRNA10,0.6408153367894036,0.3591846632105964
CHRNA6,0.6676700753825051,0.3323299246174949
CHRNB1,0.4378556156797068,0.5621443843202931
CHRNE,0.5916152016392776,0.4083847983607224
CHROMR,0.4073257047150816,0.5926742952849184
CHST1,0.5077962295285293,0.4922037704714707
CHST10,0.5704454353877476,0.4295545646122524
CHST11,0.42720894754997324,0.5727910524500268
CHST12,0.3529388912554298,0.6470611087445701
CHST13,0.4931281318089792,0.5068718681910208
CHST14,0.4526254561330591,0.5473745438669408
CHST15,0.3414811076862471,0.6585188923137528
CHST2,0.6039281051073756,0.3960718948926244
CHST3,0.4079347138426134,0.5920652861573866
CHSY1,0.2874062456456678,0.7125937543543321
CHTF8,0.4844772834330797,0.5155227165669203
CHTOP,0.371149372958046,0.628850627041954
CHUK,0.3678823362902871,0.6321176637097129
CHURC1,0.4379230812191963,0.5620769187808037
CIAO1,0.326804160539593,0.673195839460407
CIAO2A,0.3447752421987908,0.6552247578012091
CIAO2B,0.31690269455845865,0.6830973054415413
CIAPIN1,0.25247956898861695,0.747520431011383
CIB1,0.35829210387808935,0.6417078961219107
CIB2,0.46589662773268564,0.5341033722673143
CIBAR1,0.5213472821882793,0.4786527178117207
CIC,0.3719048255256244,0.6280951744743756
CIITA,0.6274583339691162,0.3725416660308838
CILK1,0.5412762883518424,0.4587237116481576
CILP,0.6397416219115257,0.3602583780884743
CINP,0.2501071239821613,0.7498928760178387
CIP2A,0.45677192376128267,0.5432280762387174
CIR1,0.30292224005929064,0.6970777599407094
CIRBP,0.4107350542076996,0.5892649457923004
CISD1,0.4234297829014914,0.5765702170985085
CISD2,0.3310375970655254,0.6689624029344746
CISD3,0.3385862902339016,0.6614137097660984
CISH,0.4577640337603433,0.5422359662396568
CIT,0.5302457122930458,0.46975428770695415
CITED2,0.43360922006624086,0.5663907799337591
CIZ1,0.30601261436407057,0.6939873856359294
CKAP2,0.3939034752547741,0.6060965247452259
CKAP2L,0.4649379945227078,0.5350620054772922
CKAP4,0.303331026142197,0.696668973857803
CKAP5,0.35332413323755774,0.6466758667624423
CKB,0.5235878282359668,0.47641217176403317
CKLF,0.6075762244207519,0.3924237755792481
CKM,0.7609346700566155,0.23906532994338447
CKMT1B,0.498446203236069,0.501553796763931
CKS1B,0.4469416407602174,0.5530583592397826
CKS2,0.40999691986611914,0.5900030801338809
CLASP1,0.33484610742224113,0.6651538925777589
CLASP2,0.3462237771600485,0.6537762228399515
CLASRP,0.3760307338088751,0.6239692661911249
CLCA2,0.41712852168296066,0.5828714783170393
CLCA4-AS1,0.4203872934116849,0.5796127065883151
CLCC1,0.3650392400366919,0.634960759963308
CLCF1,0.43630255652325495,0.563697443476745
CLCN2,0.5666026632700648,0.4333973367299352
CLCN3,0.39490610560668366,0.6050938943933164
CLCN4,0.6245733435664859,0.37542665643351414
CLCN5,0.3819416973274201,0.6180583026725799
CLCN6,0.3452595788985491,0.6547404211014509
CLCN7,0.3346888619874205,0.6653111380125796
CLDN1,0.5626652240753174,0.4373347759246826
CLDN15,0.5139510110020638,0.48604898899793625
CLDN20,0.6477282441088131,0.35227175589118687
CLDN23,0.5490666124969721,0.4509333875030279
CLDN4,0.5644116183476788,0.43558838165232117
CLDN7,0.6051219345203468,0.3948780654796532
CLDND1,0.3782312299257943,0.6217687700742057
CLDND2,0.6006858763950211,0.39931412360497887
CLEC11A,0.4465831637914692,0.5534168362085308
CLEC12A,0.5748252081019538,0.4251747918980462
CLEC12A-AS1,0.5444415131849902,0.45555848681500977
CLEC12B,0.5879210638148444,0.41207893618515556
CLEC16A,0.2970285274620567,0.7029714725379432
CLEC17A,0.6381886324712208,0.3618113675287792
CLEC2B,0.5386633894273213,0.4613366105726787
CLEC2D,0.5313540904649666,0.4686459095350334
CLEC3B,0.5560417989534991,0.44395820104650086
CLHC1,0.502082135528326,0.49791786447167397
CLIC1,0.41316058373610887,0.5868394162638911
CLIC2,0.6278739678008216,0.3721260321991784
CLIC3,0.6096243368727821,0.39037566312721794
CLIC4,0.27845026013840524,0.7215497398615948
CLINT1,0.45191833642976625,0.5480816635702337
CLIP1,0.40619381623608725,0.5938061837639128
CLIP2,0.40329330920108725,0.5967066907989127
CLIP4,0.3999631716204541,0.6000368283795459
CLK1,0.4369494832519974,0.5630505167480027
CLK2,0.3812587173389537,0.6187412826610463
CLK3,0.2740158793915595,0.7259841206084405
CLK4,0.48017298110893797,0.5198270188910621
CLMN,0.5300532483628818,0.4699467516371182
CLN3,0.6285377559917313,0.37146224400826866
CLN5,0.3466333108288901,0.6533666891711098
CLN6,0.4254736996122769,0.5745263003877231
CLN8,0.33003913547976743,0.6699608645202326
CLNK,0.5643646067806652,0.43563539321933475
CLNS1A,0.3746328835508653,0.6253671164491347
CLOCK,0.3769948812467711,0.6230051187532288
CLP1,0.31247134586530073,0.6875286541346992
CLPB,0.33959338148789747,0.6604066185121025
CLPP,0.35520627589098047,0.6447937241090196
CLPTM1,0.30056414008140564,0.6994358599185944
CLPTM1L,0.35166602179275025,0.6483339782072497
CLPX,0.34707592534167425,0.6529240746583258
CLSPN,0.4882983682411058,0.5117016317588943
CLSTN1,0.3906769635421889,0.609323036457811
CLSTN3,0.4846846903009074,0.5153153096990926
CLTA,0.39429810111011776,0.6057018988898822
CLTB,0.39711221493780613,0.6028877850621939
CLTC,0.3573942130564579,0.6426057869435421
CLUAP1,0.5087984560855797,0.4912015439144203
CLUH,0.37421837768384386,0.6257816223161561
CLYBL,0.4865120255521366,0.5134879744478634
CMA1,0.6803108070577893,0.31968919294221065
CMAS,0.3089297767728567,0.6910702232271433
CMBL,0.5782677233219147,0.4217322766780853
CMC1,0.40071167929896284,0.5992883207010371
CMC2,0.3839251630540405,0.6160748369459594
CMIP,0.2779633769366358,0.7220366230633641
CMPK1,0.3019138847344688,0.6980861152655312
CMPK2,0.6341355432357106,0.36586445676428936
CMSS1,0.3513056231396539,0.6486943768603461
CMTM1,0.43309584765561987,0.5669041523443801
CMTM3,0.31537987877215656,0.6846201212278434
CMTM4,0.4514736479946545,0.5485263520053455
CMTM6,0.35151105081396444,0.6484889491860355
CMTM7,0.5104479720549924,0.48955202794500763
CMTR1,0.3577974493216191,0.6422025506783808
CMTR2,0.3303276555878775,0.6696723444121224
CMYA5,0.7451578070010457,0.2548421929989543
CNBD2,0.657870773758207,0.342129226241793
CNBP,0.30006431894642965,0.6999356810535704
CNDP2,0.4307496310876949,0.5692503689123052
CNEP1R1,0.2949995320689465,0.7050004679310535
CNFN,0.6083358355930873,0.39166416440691265
CNGB1,0.6054440779345376,0.3945559220654624
CNIH1,0.2953456889704934,0.7046543110295066
CNIH4,0.2911987917364708,0.7088012082635292
CNKSR2,0.7114157091294017,0.28858429087059834
CNKSR3,0.4749969132244587,0.5250030867755413
CNN2,0.3664433059415647,0.6335566940584353
CNN3,0.4169337839952537,0.5830662160047463
CNNM2,0.40301678675626007,0.5969832132437399
CNNM3,0.4714358321258,0.5285641678742
CNNM4,0.36737787377621445,0.6326221262237856
CNOT1,0.5027882392917361,0.4972117607082639
CNOT10,0.3650677230076066,0.6349322769923934
CNOT11,0.3076920347022159,0.6923079652977842
CNOT2,0.3218603925779462,0.6781396074220538
CNOT3,0.3012753976508975,0.6987246023491025
CNOT4,0.325096638074943,0.6749033619250571
CNOT6,0.3739478489650147,0.6260521510349852
CNOT6L,0.3673621134034225,0.6326378865965775
CNOT7,0.3715376683643886,0.6284623316356114
CNOT8,0.3184125568451626,0.6815874431548374
CNOT9,0.31679005628185614,0.6832099437181438
CNP,0.36527839169970583,0.6347216083002942
CNPPD1,0.293378833681345,0.706621166318655
CNPY2,0.5063377397933176,0.49366226020668236
CNPY3,0.39832247979938984,0.6016775202006102
CNPY4,0.42834513554615633,0.5716548644538437
CNST,0.38168589611138615,0.6183141038886139
CNTLN,0.5803679206541607,0.41963207934583935
CNTRL,0.46076618507504463,0.5392338149249554
CNTROB,0.3203723719343543,0.6796276280656457
COA1,0.3803828893495457,0.6196171106504542
COA3,0.3652765774833305,0.6347234225166696
COA4,0.35367168698992046,0.6463283130100795
COA5,0.40050324904067175,0.5994967509593283
COA6,0.4283563465412174,0.5716436534587825
COA6-AS1,0.5484170839190483,0.4515829160809517
COA7,0.3546219675668648,0.6453780324331352
COA8,0.32609263501529184,0.6739073649847082
COASY,0.2895097208342382,0.7104902791657618
COBL,0.616981212581907,0.38301878741809303
COBLL1,0.4776397523071085,0.5223602476928915
COG1,0.33586006302253474,0.6641399369774652
COG2,0.42090792847531183,0.5790920715246881
COG3,0.29232036222570706,0.7076796377742929
COG4,0.2766851321128862,0.7233148678871137
COG5,0.3604852652975491,0.6395147347024509
COG6,0.3493716698139906,0.6506283301860094
COG7,0.36185401159205605,0.6381459884079439
COG8,0.37841998652688097,0.6215800134731191
COIL,0.3637307209095785,0.6362692790904215
COL12A1,0.43983842485717367,0.5601615751428264
COL14A1,0.6173565068415233,0.3826434931584767
COL16A1,0.42244466447404455,0.5775553355259555
COL17A1,0.5521917981760842,0.4478082018239158
COL18A1,0.4163657847259726,0.5836342152740275
COL1A2,0.41329572695706573,0.5867042730429343
COL22A1,0.633238567837647,0.366761432162353
COL27A1,0.4496521005140884,0.5503478994859117
COL3A1,0.45468831275190624,0.5453116872480938
COL4A2,0.2937462987444763,0.7062537012555237
COL4A4,0.8414848893880844,0.1585151106119156
COL4A5,0.4081978539803198,0.5918021460196802
COL4A6,0.49277673475444317,0.5072232652455568
COL5A1,0.3148313501317586,0.6851686498682414
COL5A2,0.37135895025650306,0.6286410497434969
COL6A1,0.3472510725259781,0.6527489274740219
COL6A2,0.388906522787043,0.611093477212957
COL6A3,0.4602740231369223,0.5397259768630778
COL7A1,0.3982216907066426,0.6017783092933574
COL8A1,0.5497730597853661,0.45022694021463394
COL8A2,0.44577797206979347,0.5542220279302066
COL9A2,0.6230026909283229,0.37699730907167706
COLGALT1,0.26145684559430393,0.7385431544056961
COMMD1,0.32867897355130743,0.6713210264486926
COMMD10,0.32929468660482336,0.6707053133951766
COMMD2,0.38469708604472025,0.6153029139552797
COMMD3,0.4915693077657904,0.5084306922342097
COMMD4,0.38697248697280884,0.6130275130271912
COMMD5,0.31158153153955936,0.6884184684604406
COMMD6,0.35113867319055964,0.6488613268094403
COMMD7,0.4166946983230965,0.5833053016769034
COMMD8,0.2678503289431059,0.7321496710568941
COMMD9,0.3530564539666687,0.6469435460333313
COMT,0.3497962849214673,0.6502037150785327
COMTD1,0.4662158356181213,0.5337841643818787
COP1,0.31048884402428356,0.6895111559757164
COPA,0.3425745421554893,0.6574254578445107
COPB1,0.3044158559226032,0.6955841440773969
COPB2,0.3174678971990943,0.6825321028009057
COPE,0.33024542233241455,0.6697545776675855
COPG1,0.28116218293351786,0.7188378170664822
COPG2,0.40954668128064703,0.590453318719353
COPRS,0.34388495263244423,0.6561150473675558
COPS2,0.2729993193809475,0.7270006806190525
COPS3,0.31060909759253263,0.6893909024074674
COPS4,0.32849303845848354,0.6715069615415165
COPS5,0.2970239569299987,0.7029760430700013
COPS6,0.3051810909528285,0.6948189090471715
COPS7A,0.2894737079207386,0.7105262920792614
COPS7B,0.3749492812369551,0.625050718763045
COPS8,0.300234816968441,0.699765183031559
COPS9,0.3885835749762399,0.6114164250237601
COPZ1,0.2744727089468922,0.7255272910531079
COPZ2,0.4294299576431513,0.5705700423568487
COQ10A,0.49262838278497967,0.5073716172150203
COQ10B,0.30068982592118637,0.6993101740788137
COQ2,0.37573130428791046,0.6242686957120895
COQ3,0.4073390769107001,0.5926609230892999
COQ4,0.3602417428046465,0.6397582571953535
COQ5,0.39776952458279474,0.6022304754172052
COQ6,0.41618277079292704,0.5838172292070729
COQ7,0.3608928006142378,0.6391071993857622
COQ8A,0.6971022337675095,0.30289776623249054
COQ8B,0.40780421825391905,0.592195781746081
COQ9,0.3622316409434591,0.6377683590565408
CORIN,0.41596922943634645,0.5840307705636536
CORO1A,0.4673945925065449,0.5326054074934551
CORO1B,0.34237697906792164,0.6576230209320784
CORO1C,0.31413463005862596,0.685865369941374
CORO2A,0.40249268360535745,0.5975073163946425
CORO6,0.6283474564552307,0.3716525435447693
CORO7,0.3923957816192082,0.6076042183807918
COTL1,0.4059744780617101,0.59402552193829
COX10,0.33402712483491215,0.6659728751650879
COX11,0.36885104461440016,0.6311489553855998
COX14,0.4473776263850076,0.5526223736149924
COX15,0.3492885407093646,0.6507114592906353
COX16,0.43065635460828033,0.5693436453917197
COX17,0.33434662234503776,0.6656533776549622
COX18,0.37394840323499273,0.6260515967650073
COX19,0.391071476574455,0.608928523425545
COX20,0.6145298645964691,0.3854701354035309
COX4I1,0.38510992138513495,0.614890078614865
COX5A,0.38900033490998404,0.610999665090016
COX5B,0.42863101458975245,0.5713689854102475
COX6A1,0.38364587005759987,0.6163541299424001
COX6B1,0.3788706340960094,0.6211293659039906
COX6C,0.41655719918864115,0.5834428008113588
COX7A2,0.3390671315469912,0.6609328684530088
COX7A2L,0.2550764487989779,0.7449235512010222
COX7B,0.37059657954211744,0.6294034204578826
COX7C,0.377484779804945,0.622515220195055
COX8A,0.35583035993788925,0.6441696400621107
CPA3,0.5213061555155686,0.4786938444844314
CPA4,0.5210001005658081,0.47899989943419186
CPD,0.36154815634446485,0.6384518436555351
CPEB2,0.40570804396910326,0.5942919560308968
CPEB3,0.5296203664370945,0.47037963356290546
CPEB4,0.42974318617156576,0.5702568138284343
CPLANE1,0.4300321973860264,0.5699678026139736
CPLANE2,0.3745795427156346,0.6254204572843653
CPM,0.5525060375886304,0.44749396241136963
CPNE1,0.4114216837499823,0.5885783162500178
CPNE3,0.35763781012168955,0.6423621898783105
CPNE5,0.5420611186751297,0.45793888132487026
CPNE7,0.5093917278572917,0.4906082721427083
CPNE8,0.451432751757758,0.548567248242242
CPOX,0.3372906137789999,0.6627093862210001
CPPED1,0.4337006386901651,0.5662993613098348
CPQ,0.4075746876852853,0.5924253123147147
CPSF1,0.3644759766757488,0.6355240233242512
CPSF2,0.282309764996171,0.717690235003829
CPSF3,0.30315653541038046,0.6968434645896195
CPSF4,0.391287180728146,0.608712819271854
CPSF6,0.35016224945762325,0.6498377505423767
CPSF7,0.3270123563706875,0.6729876436293125
CPT1A,0.4792212646986757,0.5207787353013242
CPT2,0.38332672975957394,0.6166732702404261
CPTP,0.29401156053479227,0.7059884394652077
CPVL,0.5761314428278378,0.4238685571721622
CR1,0.6473361764635358,0.3526638235364642
CRABP2,0.507503734103271,0.492496265896729
CRACDL,0.5922062588589532,0.40779374114104683
CRACR2A,0.4930550323000976,0.5069449676999024
CRADD,0.43708995676466394,0.562910043235336
CRAMP1,0.3629621456244162,0.6370378543755838
CRAT,0.5606146603822708,0.4393853396177292
CRBN,0.40376689923661097,0.596233100763389
CRCP,0.34056998044252396,0.659430019557476
CREB1,0.28081106634012293,0.7191889336598771
CREB3,0.4179453785930361,0.582054621406964
CREB3L1,0.6079158325280462,0.39208416747195385
CREB3L2,0.3412459672960852,0.6587540327039147
CREB3L3,0.6613465419837407,0.33865345801625935
CREB3L4,0.6108920936073575,0.3891079063926425
CREB5,0.4889326478753771,0.511067352124623
CREBBP,0.4159600966210876,0.5840399033789123
CREBL2,0.37069786552871975,0.6293021344712803
CREBRF,0.45237345354897635,0.5476265464510237
CREBZF,0.4185405932366848,0.5814594067633152
CREG1,0.4509857174541269,0.549014282545873
CRELD1,0.5138355674488204,0.4861644325511796
CRELD2,0.35875430250806467,0.6412456974919354
CREM,0.36845223046839237,0.6315477695316076
CRIP1,0.5671924214277949,0.4328075785722051
CRIPT,0.328721837539758,0.671278162460242
CRISPLD2,0.42207206679242,0.57792793320758
CRK,0.214420167280228,0.785579832719772
CRKL,0.37378155812621117,0.6262184418737888
CRLF2,0.6080408873302596,0.3919591126697404
CRLF3,0.3391164767422846,0.6608835232577154
CRLS1,0.4254001985703196,0.5745998014296805
CRMP1,0.5212799912052495,0.4787200087947505
CRNDE,0.5569327766341823,0.4430672233658177
CRNKL1,0.3342444331252149,0.6657555668747851
CROCC,0.5322784552616733,0.4677215447383267
CROT,0.4749549382499286,0.5250450617500714
CRPPA,0.4926111857805933,0.5073888142194067
CRTAP,0.29950045408414944,0.7004995459158505
CRTC1,0.42796596831509043,0.5720340316849095
CRTC2,0.3112843648663589,0.6887156351336411
CRTC3,0.3916503342666796,0.6083496657333204
CRY1,0.4088393449783325,0.5911606550216675
CRY2,0.36675661110452246,0.6332433888954776
CRYBG1,0.4498438153948103,0.5501561846051897
CRYBG2,0.3900496768099921,0.6099503231900079
CRYBG3,0.5095600464514324,0.4904399535485676
CRYL1,0.4005287441291979,0.5994712558708021
CRYZ,0.4239051730505058,0.5760948269494942
CRYZL1,0.3281667066205825,0.6718332933794176
CS,0.32781117419446154,0.6721888258055384
CSAD,0.5594501516648701,0.4405498483351299
CSAG3,0.6830923195396151,0.31690768046038487
CSDC2,0.6557752713561058,0.3442247286438942
CSDE1,0.3483976663223335,0.6516023336776665
CSE1L,0.3052245885399835,0.6947754114600164
CSF1,0.5342964455485344,0.4657035544514656
CSF1R,0.3594198252893485,0.6405801747106514
CSF2RB,0.6304453558155468,0.36955464418445316
CSGALNACT2,0.30690006700543954,0.6930999329945604
CSK,0.37391448739383903,0.626085512606161
CSKMT,0.4561257298503603,0.5438742701496397
CSNK1A1,0.38661729863711763,0.6133827013628823
CSNK1D,0.27698517630675007,0.7230148236932499
CSNK1E,0.27575645140106125,0.7242435485989387
CSNK1G1,0.36377872473427225,0.6362212752657277
CSNK1G2,0.37909015401133467,0.6209098459886653
CSNK1G3,0.3457693489534514,0.6542306510465485
CSNK2A1,0.3085083658141749,0.691491634185825
CSNK2A2,0.26720321557617616,0.7327967844238239
CSNK2B,0.3622876639877047,0.6377123360122954
CSPG4,0.4980332776904106,0.5019667223095894
CSPP1,0.3863988047731774,0.6136011952268225
CSRNP1,0.393244542447584,0.606755457552416
CSRNP2,0.3698594689901386,0.6301405310098613
CSRNP3,0.6238785896982465,0.3761214103017535
CSRP1,0.30542208307555746,0.6945779169244426
CSRP2,0.4726634217160089,0.5273365782839912
CST3,0.43483383847134455,0.5651661615286554
CST6,0.5374169511986631,0.46258304880133694
CST7,0.5154961193246501,0.4845038806753499
CSTA,0.5184323862195015,0.4815676137804985
CSTB,0.47023431797112736,0.5297656820288726
CSTF1,0.30949948308989406,0.6905005169101059
CSTF2,0.37156206981412004,0.62843793018588
CSTF2T,0.38711399691445486,0.6128860030855452
CSTF3,0.3806784778301205,0.6193215221698796
CT62,0.6870382704905101,0.31296172950948986
CTAGE8,0.4789024463721684,0.5210975536278316
CTBP1,0.3035909834184817,0.6964090165815183
CTBP1-AS,0.5905175123895917,0.4094824876104083
CTBP1-DT,0.4017764723726681,0.5982235276273319
CTBP2,0.32151083342198816,0.6784891665780118
CTBS,0.36218355250145706,0.6378164474985429
CTC1,0.3295836372833167,0.6704163627166833
CTCF,0.3108720074939941,0.6891279925060059
CTDNEP1,0.2794247634176697,0.7205752365823304
CTDP1,0.35107994239245144,0.6489200576075486
CTDSP1,0.30837940444637624,0.6916205955536238
CTDSP2,0.35283172050757067,0.6471682794924294
CTDSPL,0.4294778050056526,0.5705221949943474
CTDSPL2,0.3909545322614057,0.6090454677385944
CTH,0.4370875172317028,0.5629124827682972
CTHRC1,0.430194728076458,0.569805271923542
CTIF,0.2783433284743556,0.7216566715256444
CTNNA1,0.3189966334030032,0.6810033665969968
CTNNAL1,0.44255530514887403,0.557444694851126
CTNNB1,0.35330745444766115,0.6466925455523389
CTNNBIP1,0.30616402679256033,0.6938359732074397
CTNNBL1,0.3322604133973073,0.6677395866026927
CTNND1,0.3851018651787724,0.6148981348212277
CTNS,0.2884282827310796,0.7115717172689204
CTPS1,0.3214100237403597,0.6785899762596403
CTPS2,0.47244044286864145,0.5275595571313585
CTR9,0.3356810315911259,0.6643189684088742
CTSA,0.30149318663669483,0.6985068133633052
CTSB,0.5241040398499796,0.47589596015002045
CTSC,0.48861357463257654,0.5113864253674234
CTSD,0.47847749133195194,0.5215225086680481
CTSF,0.5398705665554319,0.46012943344456814
CTSG,0.5585824283105987,0.4414175716894013
CTSH,0.4772626150931631,0.5227373849068369
CTSK,0.4811082306717123,0.5188917693282877
CTSL,0.42454987168977304,0.5754501283102269
CTSO,0.5153232818203313,0.48467671817966873
CTSS,0.5483535155653954,0.45164648443460464
CTSW,0.6094653361610004,0.3905346638389996
CTSZ,0.3808514974412641,0.6191485025587359
CTTN,0.4205651879310608,0.5794348120689392
CTTNBP2NL,0.34489211945661474,0.6551078805433852
CTU1,0.45313484301524504,0.5468651569847549
CTU2,0.3306241872321282,0.6693758127678717
CUBN,0.42058009414800573,0.5794199058519942
CUEDC1,0.4771180200789656,0.5228819799210345
CUEDC2,0.42146904500467436,0.5785309549953257
CUL1,0.30841924250125885,0.6915807574987411
CUL2,0.35763353056141306,0.6423664694385869
CUL3,0.38954994215496946,0.6104500578450305
CUL4A,0.29242852543081554,0.7075714745691845
CUL4B,0.29731478708397063,0.7026852129160294
CUL5,0.34622812058244434,0.6537718794175557
CUL7,0.3133865180425346,0.6866134819574654
CUL9,0.4621587848024709,0.5378412151975291
CUTA,0.3406851618949856,0.6593148381050145
CUTC,0.3773166686296463,0.6226833313703537
CUX1,0.35387634619006086,0.6461236538099391
CWC15,0.3106238919842456,0.6893761080157543
CWC22,0.32483270950615406,0.6751672904938459
CWC25,0.33374589468751636,0.6662541053124836
CWC27,0.32286742622298853,0.6771325737770115
CWF19L1,0.34974128526768516,0.6502587147323149
CWF19L2,0.3435635186199631,0.656436481380037
CXADR,0.49033053911158014,0.5096694608884198
CXCL1,0.6070095971226692,0.3929904028773308
CXCL10,0.7740352196352822,0.2259647803647178
CXCL14,0.566300460270473,0.433699539729527
CXCL16,0.410889952310494,0.5891100476895059
CXCL2,0.5648938678205013,0.4351061321794987
CXCL3,0.5307900559689317,0.4692099440310683
CXCL8,0.5990005151501724,0.4009994848498276
CXCL9,0.7394903898239136,0.2605096101760864
CXCR4,0.6335786719407354,0.36642132805926464
CXCR6,0.48843275143631865,0.5115672485636813
CXXC1,0.3896816016307899,0.6103183983692101
CXXC5,0.43396603741816114,0.5660339625818389
CXorf38,0.40052997320890427,0.5994700267910957
CYB561,0.33662708822105614,0.6633729117789439
CYB561A3,0.305965165275016,0.6940348347249841
CYB561D2,0.3857107356722866,0.6142892643277134
CYB5A,0.5667652232306344,0.4332347767693656
CYB5B,0.2762538139442248,0.7237461860557752
CYB5D2,0.37469207628497053,0.6253079237150294
CYB5R1,0.38402100812111584,0.6159789918788842
CYB5R2,0.399024267828541,0.600975732171459
CYB5R3,0.2536416177504829,0.7463583822495171
CYB5R4,0.3439243957400322,0.6560756042599678
CYBA,0.46998791822365354,0.5300120817763465
CYBB,0.44809727310868247,0.5519027268913175
CYBC1,0.33937190898827146,0.6606280910117286
CYC1,0.3815341501363686,0.6184658498636314
CYCS,0.3290508288357939,0.6709491711642062
CYFIP1,0.29306903414960417,0.7069309658503958
CYFIP2,0.573343810226236,0.42665618977376396
CYLD,0.37218201878879753,0.6278179812112025
CYP20A1,0.38535856389041456,0.6146414361095854
CYP27C1,0.4219502790697983,0.5780497209302017
CYP2R1,0.48484866533960613,0.5151513346603939
CYP2U1,0.5151333010622433,0.4848666989377567
CYP4F11,0.5929482909185546,0.4070517090814454
CYP4F22,0.6356604088629995,0.36433959113700054
CYP51A1,0.5287291732217584,0.4712708267782416
CYP7B1,0.6648367952023234,0.3351632047976766
CYREN,0.40879468034420696,0.591205319655793
CYRIA,0.42481542006134987,0.5751845799386501
CYRIB,0.29694724176079035,0.7030527582392097
CYSLTR1,0.5888981819152832,0.4111018180847168
CYSTM1,0.4348629132977554,0.5651370867022446
CYTH1,0.3625062790566257,0.6374937209433743
CYTH2,0.31902263978762285,0.6809773602123772
CYTH3,0.28010520874522626,0.7198947912547737
CYTH4,0.4130116134349789,0.5869883865650212
CYTIP,0.4390102209789412,0.5609897790210587
CYTOR,0.36010463083428995,0.6398953691657101
CZIB,0.3396900261619261,0.6603099738380739
D2HGDH,0.4742608554661274,0.5257391445338726
DAAM1,0.34610795070018086,0.6538920492998191
DAAM2,0.4874795398541859,0.5125204601458141
DAB2,0.44054905644484926,0.5594509435551507
DAB2IP,0.3796534091234207,0.6203465908765793
DACT1,0.5170907207897731,0.48290927921022686
DAD1,0.23378436919301748,0.7662156308069825
DAG1,0.38944131694734097,0.610558683052659
DAGLB,0.27115296680546763,0.7288470331945324
DALRD3,0.33296786887305124,0.6670321311269487
DANCR,0.5046646626932281,0.49533533730677193
DAP,0.343108986637422,0.656891013362578
DAPK1,0.4977517825152193,0.5022482174847807
DAPK2,0.534796131508691,0.465203868491309
DAPK3,0.3187237734507237,0.6812762265492762
DAPL1,0.6790690741368702,0.32093092586312977
DAPP1,0.42033192914511475,0.5796680708548853
DARS1,0.2973498489175524,0.7026501510824477
DARS2,0.3989418110411082,0.6010581889588917
DAXX,0.3005783301112907,0.6994216698887092
DAZAP1,0.27404950293047087,0.7259504970695292
DAZAP2,0.37800872166241917,0.6219912783375808
DBF4,0.4276058366522193,0.5723941633477807
DBH,0.6720339496220861,0.32796605037791393
DBH-AS1,0.5669437503176076,0.4330562496823924
DBI,0.3976521779383932,0.6023478220616068
DBN1,0.3795959212043921,0.6204040787956079
DBNDD1,0.5894516855478287,0.4105483144521713
DBNDD2,0.5259264510657106,0.47407354893428943
DBNL,0.28211382219368325,0.7178861778063168
DBP,0.5508446874363082,0.4491553125636918
DBR1,0.39560152537056376,0.6043984746294362
DBT,0.364161274262837,0.6358387257371629
DCAF1,0.42586912534066607,0.5741308746593339
DCAF10,0.3793741406074592,0.6206258593925408
DCAF11,0.3352662950221981,0.6647337049778019
DCAF12,0.40305917390755247,0.5969408260924476
DCAF13,0.30439281184226274,0.6956071881577373
DCAF15,0.31152578313568874,0.6884742168643112
DCAF16,0.42719058745673727,0.5728094125432628
DCAF17,0.3699774585132088,0.6300225414867913
DCAF4,0.39308462185519083,0.6069153781448091
DCAF5,0.2714481683381434,0.7285518316618567
DCAF6,0.3532377417598452,0.6467622582401549
DCAF7,0.38046305999159813,0.6195369400084019
DCAF8,0.39447274138884886,0.6055272586111511
DCAKD,0.46160747430154253,0.5383925256984574
DCBLD1,0.4143649729833539,0.5856350270166462
DCBLD2,0.4870041768465723,0.5129958231534277
DCK,0.41835656203329563,0.5816434379667044
DCLK2,0.5442282695855413,0.45577173041445873
DCLK3,0.3727939087631447,0.6272060912368553
DCLRE1B,0.3843861453767334,0.6156138546232666
DCLRE1C,0.4541438413517816,0.5458561586482185
DCN,0.5350861171526569,0.46491388284734314
DCP1A,0.37122305376189096,0.628776946238109
DCP1B,0.5333043789224965,0.4666956210775035
DCP2,0.3785305273319994,0.6214694726680006
DCPS,0.3547200390270778,0.6452799609729222
DCST1,0.45548204079802546,0.5445179592019745
DCTD,0.28348586934485603,0.7165141306551439
DCTN1,0.3248237174536501,0.6751762825463499
DCTN2,0.2411363531677385,0.7588636468322615
DCTN3,0.37999183631369043,0.6200081636863095
DCTN4,0.36599958315491676,0.6340004168450832
DCTN5,0.27608101775071453,0.7239189822492855
DCTN6,0.36552860627749134,0.6344713937225086
DCTPP1,0.4080603096101965,0.5919396903898035
DCUN1D1,0.359143149639879,0.6408568503601211
DCUN1D2,0.44634036294051577,0.5536596370594842
DCUN1D3,0.3133654981585486,0.6866345018414515
DCUN1D4,0.35035702639392446,0.6496429736060756
DCUN1D5,0.44501711268510136,0.5549828873148986
DCXR,0.42643313642059055,0.5735668635794094
DDA1,0.30041015341079663,0.6995898465892034
DDAH2,0.43246965163520407,0.567530348364796
DDB1,0.3285356203892401,0.6714643796107599
DDB2,0.42530446339930805,0.574695536600692
DDHD1,0.40769374264138086,0.5923062573586191
DDHD2,0.46583216584154535,0.5341678341584546
DDI2,0.3638811989554337,0.6361188010445663
DDIT3,0.5034680393125329,0.4965319606874671
DDIT4,0.5689171903899738,0.4310828096100262
DDN,0.7538031786680222,0.24619682133197784
DDOST,0.3392628553722586,0.6607371446277415
DDR1,0.39962371797966106,0.6003762820203389
DDRGK1,0.37393305796597687,0.6260669420340231
DDX1,0.2709600336051413,0.7290399663948587
DDX10,0.34385871833988596,0.656141281660114
DDX11,0.48994531269584385,0.5100546873041562
DDX17,0.3910978234239987,0.6089021765760013
DDX18,0.32815788513315575,0.6718421148668443
DDX19A,0.3002504014543125,0.6997495985456875
DDX19B,0.315747999719211,0.684252000280789
DDX20,0.3753119723073074,0.6246880276926926
DDX21,0.43187024870089125,0.5681297512991088
DDX23,0.3291996440717152,0.6708003559282848
DDX24,0.3200716804713011,0.6799283195286989
DDX27,0.2923103884926864,0.7076896115073136
DDX28,0.33045528429959503,0.669544715700405
DDX31,0.33507177606225014,0.6649282239377499
DDX39A,0.3865044258002724,0.6134955741997277
DDX39B,0.4848771835012095,0.5151228164987904
DDX3X,0.4556697620345013,0.5443302379654986
DDX3Y,0.7873596123286656,0.21264038767133442
DDX41,0.27078145635979517,0.7292185436402048
DDX42,0.2992800987724747,0.7007199012275254
DDX43,0.7439074388572148,0.2560925611427852
DDX46,0.38082088343799114,0.6191791165620089
DDX47,0.5268747833158288,0.4731252166841712
DDX49,0.35438599064946175,0.6456140093505383
DDX5,0.4788472782820463,0.5211527217179537
DDX50,0.27975278277881444,0.7202472172211856
DDX51,0.37786452897957395,0.6221354710204261
DDX52,0.31777779471927453,0.6822222052807254
DDX54,0.3043954106979072,0.6956045893020928
DDX55,0.3614369902227606,0.6385630097772395
DDX56,0.2769554271362722,0.7230445728637278
DDX59,0.38993966446391176,0.6100603355360883
DDX6,0.3649437076279095,0.6350562923720905
DDX60,0.5721958284931523,0.4278041715068477
DDX60L,0.49340663105249405,0.506593368947506
DEAF1,0.4308025097208364,0.5691974902791637
DECR1,0.377489061893097,0.622510938106903
DECR2,0.471541166305542,0.528458833694458
DEDD,0.29227359034121037,0.7077264096587896
DEDD2,0.27777221745678354,0.7222277825432164
DEF6,0.34375152524028507,0.6562484747597149
DEF8,0.2751094509315278,0.7248905490684723
DEGS1,0.39284341782331467,0.6071565821766853
DEGS2,0.6130063938243049,0.3869936061756951
DEK,0.4153104993913855,0.5846895006086146
DELE1,0.33505149129112916,0.6649485087088709
DENND10,0.31315655088318245,0.6868434491168176
DENND11,0.45659523031541277,0.5434047696845872
DENND1A,0.3328790691282068,0.6671209308717931
DENND1B,0.3688884310956512,0.6311115689043487
DENND1C,0.43508866083409103,0.564911339165909
DENND2C,0.4296693961535181,0.5703306038464819
DENND2D,0.436370598418372,0.563629401581628
DENND3,0.4319041951426438,0.5680958048573562
DENND4A,0.3918589425406286,0.6081410574593714
DENND4B,0.3911056364221232,0.6088943635778767
DENND4C,0.43496541678905487,0.5650345832109451
DENND5A,0.37647248418735607,0.6235275158126439
DENND6A,0.36990016672228065,0.6300998332777193
DENND6B,0.335193881765008,0.664806118234992
DENR,0.2404241141188582,0.7595758858811418
DEPDC1B,0.45461692714265417,0.5453830728573459
DEPDC5,0.4488617293536663,0.5511382706463337
DEPDC7,0.5084912851452827,0.49150871485471725
DEPTOR,0.7060405196888107,0.29395948031118935
DERA,0.30863040985007373,0.6913695901499263
DERL1,0.26505439236227957,0.7349456076377204
DERL2,0.32291084634406225,0.6770891536559378
DERL3,0.5719129789088454,0.4280870210911546
DES,0.7374323798077447,0.2625676201922553
DESI1,0.3331061950219529,0.6668938049780471
DESI2,0.3567010177565472,0.6432989822434527
DEXI,0.5976310095616749,0.4023689904383251
DFFA,0.260264034516045,0.739735965483955
DFFB,0.45153492795569555,0.5484650720443045
DGAT1,0.28924533711480244,0.7107546628851975
DGCR2,0.2693720159586519,0.7306279840413481
DGCR5,0.5697099582425186,0.4302900417574814
DGCR6,0.6143466840897288,0.3856533159102712
DGCR6L,0.39456314127892256,0.6054368587210774
DGCR8,0.3975212587309735,0.6024787412690265
DGKA,0.34220380149781704,0.657796198502183
DGKD,0.38544204937560217,0.6145579506243979
DGKE,0.53426190625344,0.46573809374655994
DGKG,0.5065324961074761,0.4934675038925239
DGKH,0.3235459671621876,0.6764540328378124
DGKQ,0.3658328146806785,0.6341671853193215
DGKZ,0.31608425213822294,0.683915747861777
DGLUCY,0.424336383917502,0.5756636160824979
DGUOK,0.32307697859193596,0.676923021408064
DHCR24,0.40495313863669125,0.5950468613633088
DHCR7,0.4808259313660009,0.5191740686339992
DHDDS,0.2683621990893568,0.7316378009106432
DHFR,0.5461425116019589,0.4538574883980411
DHODH,0.35923994199505876,0.6407600580049413
DHPS,0.6096294777733939,0.39037052222660606
DHRS1,0.36667365793670925,0.6333263420632907
DHRS11,0.4695124016808612,0.5304875983191388
DHRS12,0.43391624172883375,0.5660837582711662
DHRS4,0.3994259985962084,0.6005740014037916
DHRS4-AS1,0.4880852145808084,0.5119147854191917
DHRS4L2,0.39135566140924183,0.6086443385907582
DHRS7,0.3428909046841519,0.657109095315848
DHRS7B,0.37060314965700464,0.6293968503429954
DHRS9,0.5631329199033124,0.4368670800966876
DHRSX,0.43390353662627085,0.5660964633737291
DHRSX-IT1,0.5576523106013026,0.4423476893986974
DHTKD1,0.4129000087933881,0.5870999912066119
DHX15,0.32206880261323284,0.6779311973867672
DHX16,0.2976474061475268,0.7023525938524732
DHX29,0.32917420619300436,0.6708257938069957
DHX30,0.36206481685595854,0.6379351831440414
DHX32,0.28750248346477747,0.7124975165352225
DHX33,0.3495024155293192,0.6504975844706808
DHX34,0.38525403503860745,0.6147459649613926
DHX36,0.3962884223354714,0.6037115776645285
DHX37,0.34543985447713305,0.6545601455228669
DHX38,0.2814749331945287,0.7185250668054712
DHX40,0.39079861449343817,0.6092013855065619
DHX8,0.2987086707726121,0.7012913292273879
DHX9,0.3738723570214851,0.626127642978515
DIABLO,0.5449992482151303,0.45500075178486965
DIAPH1,0.3662978003599814,0.6337021996400186
DIAPH2,0.5346793617521014,0.4653206382478986
DICER1,0.3801565481615918,0.6198434518384082
DIDO1,0.36215807124972343,0.6378419287502766
DIMT1,0.4368877751486642,0.5631122248513358
DIP2A,0.36116509086319376,0.6388349091368062
DIP2B,0.3963389029460294,0.6036610970539706
DIP2C,0.3887398071320994,0.6112601928679007
DIPK1A,0.27416687646681176,0.7258331235331883
DIPK2A,0.5313067553298814,0.46869324467011864
DIRAS1,0.6266439046178546,0.3733560953821454
DIRC3,0.5979572295078209,0.40204277049217907
DIS3,0.33910276527915684,0.6608972347208432
DIS3L,0.46401076497776167,0.5359892350222384
DIS3L2,0.3915771534666419,0.6084228465333581
DISC1,0.5762592596667153,0.4237407403332847
DISP1,0.4609419804598604,0.5390580195401395
DKC1,0.35753858408757616,0.6424614159124238
DLAT,0.3868703160967146,0.6131296839032854
DLD,0.38237380316214903,0.6176261968378509
DLEU1,0.3998290856501886,0.6001709143498114
DLEU2,0.4841037445834705,0.5158962554165295
DLG1,0.38373596913048197,0.616264030869518
DLG3,0.46524568434272495,0.534754315657275
DLG4,0.47219713112073286,0.5278028688792671
DLG5,0.518340492354972,0.48165950764502796
DLGAP1-AS1,0.4323002068059785,0.5676997931940215
DLGAP4,0.2534233432296397,0.7465766567703602
DLL1,0.4786325804889202,0.5213674195110798
DLST,0.265173776973305,0.734826223026695
DLX3,0.4407639564680202,0.5592360435319799
DM1-AS,0.48233504433717045,0.5176649556628296
DMAC1,0.4223229783986296,0.5776770216013705
DMAC2,0.3448195078277162,0.6551804921722838
DMAC2L,0.36726807935961653,0.6327319206403834
DMAP1,0.40670565515756607,0.5932943448424339
DMD,0.6342601169432912,0.3657398830567088
DMKN,0.5708775381956782,0.4291224618043218
DMPK,0.5428236446210316,0.4571763553789684
DMTF1,0.42981924223048346,0.5701807577695166
DMWD,0.3181141653497304,0.6818858346502696
DMXL1,0.4088909224207912,0.5911090775792087
DMXL2,0.42682069380368504,0.573179306196315
DNAAF2,0.36957791154938086,0.6304220884506191
DNAAF5,0.3505375207667904,0.6494624792332095
DNAH10OS,0.5856860056519508,0.41431399434804916
DNAH17,0.5816437947962966,0.4183562052037034
DNAH2,0.6750674535121236,0.3249325464878764
DNAH3,0.5181101507374218,0.48188984926257816
DNAH9,0.6418740493910653,0.3581259506089347
DNAI2,0.7545965367129871,0.2454034632870129
DNAJA1,0.4650498128363064,0.5349501871636936
DNAJA2,0.2598128615146769,0.7401871384853231
DNAJA3,0.31858205502586706,0.6814179449741329
DNAJA4,0.4450831836355584,0.5549168163644416
DNAJB1,0.40263623584594044,0.5973637641540596
DNAJB11,0.33829027760241714,0.6617097223975829
DNAJB12,0.2945961414703301,0.7054038585296699
DNAJB14,0.3115034098071711,0.6884965901928288
DNAJB2,0.35997590529067175,0.6400240947093283
DNAJB4,0.36290152637021883,0.6370984736297811
DNAJB5,0.4178314067955528,0.5821685932044471
DNAJB6,0.3135880032288177,0.6864119967711824
DNAJB9,0.3492449889225619,0.650755011077438
DNAJC1,0.3762935549020767,0.6237064450979233
DNAJC10,0.32770155609718393,0.6722984439028161
DNAJC11,0.36416245172066347,0.6358375482793366
DNAJC12,0.5280383407537427,0.4719616592462573
DNAJC13,0.3712434127394642,0.6287565872605358
DNAJC14,0.42469342425465584,0.5753065757453442
DNAJC15,0.43353543244302273,0.5664645675569773
DNAJC16,0.3806456519024713,0.6193543480975288
DNAJC17,0.3888436731483255,0.6111563268516744
DNAJC19,0.4051442944577762,0.5948557055422238
DNAJC2,0.4173555922295366,0.5826444077704633
DNAJC21,0.33126310987531077,0.6687368901246893
DNAJC24,0.35289922675916124,0.6471007732408387
DNAJC25,0.35495035350322723,0.6450496464967728
DNAJC27,0.47071288685713497,0.529287113142865
DNAJC27-AS1,0.5483338295349053,0.4516661704650947
DNAJC3,0.2898115193571097,0.7101884806428903
DNAJC3-DT,0.48672820734126226,0.5132717926587378
DNAJC30,0.38680787331291605,0.6131921266870839
DNAJC4,0.3749410624482802,0.6250589375517198
DNAJC5,0.3096636216255969,0.6903363783744031
DNAJC7,0.27155452106879757,0.7284454789312025
DNAJC8,0.26019654494510697,0.7398034550548931
DNAJC9,0.4247483467417104,0.5752516532582896
DNAL1,0.394777543044516,0.605222456955484
DNAL4,0.4221420442419393,0.5778579557580608
DNASE1,0.46992457498397144,0.5300754250160286
DNASE1L1,0.3156598825007677,0.6843401174992323
DNASE2,0.4023206452173846,0.5976793547826154
DNHD1,0.5286046245268413,0.4713953754731587
DNM1,0.5307761116751603,0.46922388832483974
DNM1L,0.3012188929133117,0.6987811070866883
DNM2,0.310218358412385,0.689781641587615
DNMBP,0.36978691683283876,0.6302130831671613
DNMT1,0.45992738540683475,0.5400726145931652
DNMT3A,0.4504510334559849,0.5495489665440151
DNMT3B,0.4428088500031403,0.5571911499968597
DNPEP,0.3552989951734032,0.6447010048265969
DNPH1,0.3798979888004916,0.6201020111995084
DNTTIP1,0.32551684230566025,0.6744831576943398
DNTTIP2,0.24243340247111128,0.7575665975288888
DOCK10,0.5271193113710199,0.47288068862898014
DOCK11,0.49011418915220667,0.5098858108477933
DOCK2,0.5726425786103521,0.42735742138964794
DOCK5,0.3624936853801565,0.6375063146198434
DOCK6,0.3043493443235223,0.6956506556764777
DOCK7,0.4125048398439373,0.5874951601560627
DOCK8,0.5091778348599162,0.4908221651400838
DOCK9,0.35431052930653095,0.645689470693469
DOHH,0.3926666509360075,0.6073333490639925
DOK1,0.47580668702721596,0.524193312972784
DOK2,0.5632995505418096,0.4367004494581904
DOK3,0.4795753758932863,0.5204246241067136
DOK4,0.2938686054964949,0.706131394503505
DOLK,0.29413969814777374,0.7058603018522263
DOLPP1,0.34356907196342945,0.6564309280365705
DONSON,0.49360761951122967,0.5063923804887703
DOP1A,0.4711076058447361,0.5288923941552639
DOP1B,0.4427815100976399,0.5572184899023601
DOT1L,0.3392290097877516,0.6607709902122484
DPAGT1,0.29271432065538,0.70728567934462
DPCD,0.4221985803118774,0.5778014196881226
DPEP2,0.4858092745499952,0.5141907254500049
DPF2,0.3026404779936586,0.6973595220063413
DPH1,0.34280044505638735,0.6571995549436127
DPH2,0.3754382242581674,0.6245617757418326
DPH3,0.32476372085511684,0.6752362791448832
DPH5,0.3630626680595534,0.6369373319404465
DPH6,0.34441178797611166,0.6555882120238883
DPH7,0.4313990617437022,0.5686009382562978
DPM1,0.28839524456166793,0.711604755438332
DPM2,0.3223616619195257,0.6776383380804742
DPM3,0.45256765080349787,0.5474323491965021
DPP3,0.3097730784543923,0.6902269215456077
DPP4,0.6562981233000755,0.34370187669992447
DPP7,0.4637264497578144,0.5362735502421856
DPP8,0.3425834985183818,0.6574165014816182
DPP9,0.30545189923473764,0.6945481007652623
DPY19L1,0.4076136914747102,0.5923863085252898
DPY19L2,0.5741847977042198,0.4258152022957802
DPY19L3,0.4069360872464521,0.593063912753548
DPY19L4,0.3846414270145552,0.6153585729854447
DPY30,0.2995976313416447,0.7004023686583554
DPYD,0.4935984866959708,0.5064015133040292
DPYSL2,0.4298950931323426,0.5701049068676574
DR1,0.29952148215046953,0.7004785178495305
DRAM1,0.5055233266736779,0.49447667332632206
DRAM2,0.3532896778945412,0.6467103221054589
DRAP1,0.33905989384012564,0.6609401061598743
DRC3,0.5632274906550135,0.43677250934498646
DRG1,0.2957024393337114,0.7042975606662887
DRG2,0.2932091775749411,0.706790822425059
DROSHA,0.32831383044166224,0.6716861695583378
DSC1,0.6505966473902974,0.34940335260970257
DSC3,0.41679031614746365,0.5832096838525364
DSCC1,0.4329713503164904,0.5670286496835095
DSE,0.3705879686666386,0.6294120313333613
DSG1,0.588109163833516,0.41189083616648403
DSG2,0.5014513677784375,0.49854863222156254
DSG2-AS1,0.5379658370677914,0.46203416293220856
DSG3,0.47102736841355053,0.5289726315864495
DSN1,0.41074610368481707,0.589253896315183
DSP,0.4813190501715456,0.5186809498284544
DST,0.45276070332952906,0.5472392966704709
DSTN,0.24754556807290232,0.7524544319270977
DSTYK,0.34643527639231514,0.6535647236076849
DTD1,0.3655400433178459,0.634459956682154
DTD2,0.42948394854153904,0.570516051458461
DTNA,0.6392100783331054,0.3607899216668946
DTNBP1,0.38834997013743433,0.6116500298625657
DTWD1,0.3937879532043423,0.6062120467956578
DTWD2,0.41341371461749077,0.5865862853825092
DTX2,0.43151557285870823,0.5684844271412918
DTX3,0.534448640687125,0.46555135931287495
DTX3L,0.4568292477301189,0.5431707522698811
DTX4,0.4369233782968617,0.5630766217031383
DTYMK,0.3988851213029453,0.6011148786970547
DUBR,0.4096591155976057,0.5903408844023943
DUOX1,0.4071914728597871,0.5928085271402129
DUS1L,0.36500853865540456,0.6349914613445955
DUS2,0.2755259115781103,0.7244740884218897
DUS3L,0.42073214054107666,0.5792678594589233
DUSP1,0.5552241046513829,0.44477589534861706
DUSP10,0.4381151188697134,0.5618848811302866
DUSP11,0.27113755286388497,0.728862447136115
DUSP12,0.3819930191550936,0.6180069808449065
DUSP14,0.3619877298229507,0.6380122701770493
DUSP16,0.4285812991272126,0.5714187008727873
DUSP18,0.2910057318183265,0.7089942681816734
DUSP19,0.44320866944534437,0.5567913305546557
DUSP2,0.5627167283424309,0.4372832716575691
DUSP22,0.3259858244231769,0.6740141755768231
DUSP23,0.46520028156893595,0.534799718431064
DUSP28,0.5095458520310265,0.49045414796897346
DUSP3,0.2422994225344155,0.7577005774655845
DUSP4,0.4995513811175312,0.5004486188824688
DUSP5,0.46853506059518885,0.5314649394048112
DUSP6,0.4365930695618902,0.5634069304381097
DUSP7,0.32501898113904254,0.6749810188609575
DUSP8,0.4902394429913589,0.5097605570086411
DUT,0.3890569530693548,0.6109430469306452
DVL1,0.27545600939941195,0.724543990600588
DVL2,0.34829386456736494,0.651706135432635
DVL3,0.41839022136160303,0.5816097786383969
DXO,0.3935853934713772,0.6064146065286228
DYM,0.3537887167185545,0.6462112832814455
DYNC1H1,0.39740891275661333,0.6025910872433866
DYNC1I1,0.638313929949488,0.361686070050512
DYNC1I2,0.2600575910016362,0.7399424089983637
DYNC1LI1,0.27541789492326124,0.7245821050767387
DYNC1LI2,0.3839202645633902,0.6160797354366099
DYNC2H1,0.4385082990463291,0.5614917009536708
DYNC2I1,0.4312473200261593,0.5687526799738407
DYNC2I2,0.4698746326778616,0.5301253673221384
DYNC2LI1,0.38302158777202877,0.6169784122279712
DYNLL1,0.3121023694319384,0.6878976305680615
DYNLL2,0.3452729292746101,0.6547270707253898
DYNLRB1,0.45296598305659636,0.5470340169434036
DYNLT1,0.40543947448687895,0.594560525513121
DYNLT3,0.4415562259299414,0.5584437740700585
DYRK1A,0.3806720275232302,0.6193279724767697
DYRK1B,0.540589482656547,0.45941051734345295
DYRK2,0.4463539623788425,0.5536460376211575
DYRK3,0.4374754104231085,0.5625245895768916
DYRK3-AS1,0.4241081786707842,0.5758918213292158
DYRK4,0.4935191103390285,0.5064808896609715
DZANK1,0.5582336229937417,0.4417663770062583
DZIP3,0.5174589284828731,0.4825410715171269
E2F3,0.4134945214859077,0.5865054785140923
E2F4,0.28283466062774615,0.7171653393722539
E2F6,0.40507877578160595,0.5949212242183941
E4F1,0.34563479918454376,0.6543652008154562
EAF1,0.30325155459078296,0.696748445409217
EAF1-AS1,0.5469469837844372,0.4530530162155628
EAF2,0.44448702303426607,0.5555129769657339
EAPP,0.3279481447700943,0.6720518552299057
EARS2,0.38558175787329674,0.6144182421267033
EBAG9,0.3469611919884171,0.653038808011583
EBF2,0.48655308463743757,0.5134469153625625
EBI3,0.4727232391014695,0.5272767608985305
EBLN2,0.5844760851136276,0.4155239148863724
EBLN3P,0.4379816507654531,0.562018349234547
EBNA1BP2,0.32348542008548975,0.6765145799145103
EBP,0.4010677005031279,0.5989322994968721
EBPL,0.35511779811765465,0.6448822018823454
ECD,0.3172862287610769,0.6827137712389231
ECE1,0.37861325804676327,0.6213867419532367
ECEL1,0.7427344258342471,0.2572655741657529
ECH1,0.41591516403215273,0.5840848359678472
ECHDC1,0.3395386002957821,0.6604613997042179
ECHDC2,0.5758288374968937,0.42417116250310627
ECHDC3,0.62303505305733,0.37696494694267
ECHS1,0.35682007683707134,0.6431799231629287
ECI1,0.4350964727678469,0.5649035272321531
ECI2,0.42336205233420643,0.5766379476657936
ECM1,0.49539295424308094,0.5046070457569191
ECPAS,0.3181237376161984,0.6818762623838016
ECSIT,0.4175256895167487,0.5824743104832513
ECT2,0.4984462500682899,0.5015537499317101
EDARADD,0.6172084473073483,0.38279155269265175
EDC4,0.37925745972565245,0.6207425402743476
EDEM1,0.32610379776451737,0.6738962022354826
EDEM2,0.3289403480344585,0.6710596519655415
EDEM3,0.3699367956391403,0.6300632043608597
EDF1,0.40496163229857174,0.5950383677014283
EDRF1,0.4376152302803738,0.5623847697196263
EEA1,0.4030580052307674,0.5969419947692326
EED,0.35084859820614966,0.6491514017938503
EEF1A1,0.7791133576205799,0.22088664237942013
EEF1A2,0.6895545721054077,0.3104454278945923
EEF1AKMT1,0.44605112528162344,0.5539488747183765
EEF1AKMT2,0.4778194102857794,0.5221805897142207
EEF1AKMT3,0.35723636019974947,0.6427636398002505
EEF1AKMT4,0.4376892106873648,0.5623107893126351
EEF1B2,0.3684695163475616,0.6315304836524385
EEF1D,0.3200172922973122,0.6799827077026879
EEF1E1,0.4775047520441668,0.5224952479558331
EEF2,0.5334802876625743,0.46651971233742573
EEF2K,0.40245907647269114,0.5975409235273088
EEF2KMT,0.36428368131497074,0.6357163186850292
EEFSEC,0.34961460317884174,0.6503853968211583
EEPD1,0.5364011467567512,0.4635988532432488
EFCAB11,0.4118894413113594,0.5881105586886406
EFCAB13,0.5604747533798218,0.4395252466201782
EFCAB14,0.36080701409706045,0.6391929859029395
EFCAB2,0.5318046084472111,0.4681953915527889
EFCAB7,0.5104476969156947,0.4895523030843053
EFEMP2,0.44542560300656725,0.5545743969934327
EFHC1,0.4772559069097042,0.5227440930902958
EFHD2,0.38749108809445587,0.6125089119055441
EFL1,0.30862881881850107,0.6913711811814989
EFNA3,0.39050281127648695,0.609497188723513
EFNA4,0.38430050856134457,0.6156994914386554
EFNA5,0.41822134172876496,0.581778658271235
EFNB1,0.31207703719181673,0.6879229628081833
EFNB2,0.3701152086390981,0.6298847913609019
EFR3A,0.35917604049401625,0.6408239595059837
EFR3B,0.4863857911633594,0.5136142088366407
EFTUD2,0.2632251669918852,0.7367748330081147
EGF,0.6553936100431851,0.3446063899568149
EGFL7,0.5222420085753713,0.4777579914246287
EGFL8,0.46502712475402014,0.5349728752459799
EGFR,0.5043999377105918,0.4956000622894082
EGLN1,0.4551591729479177,0.5448408270520824
EGLN2,0.5626560194151742,0.4373439805848258
EGR1,0.5423585985388074,0.4576414014611926
EGR2,0.5980819538235664,0.40191804617643356
EGR3,0.5708762306187835,0.42912376938121655
EHBP1,0.36649163093950066,0.6335083690604993
EHBP1L1,0.35870053459491047,0.6412994654050895
EHD1,0.35991191305220127,0.6400880869477987
EHD2,0.2723239461359169,0.7276760538640832
EHD3,0.41386221695159164,0.5861377830484084
EHD4,0.28207019437104464,0.7179298056289554
EHMT1,0.3294718248902687,0.6705281751097313
EHMT2,0.4086169595164912,0.5913830404835088
EI24,0.30345481261610985,0.6965451873838902
EID1,0.33602953303073135,0.6639704669692686
EID2,0.36489908636680674,0.6351009136331933
EID2B,0.5492613948881626,0.4507386051118374
EID3,0.6037452934043748,0.39625470659562523
EIF1,0.35825106168964077,0.6417489383103592
EIF1AD,0.26831801129238947,0.7316819887076105
EIF1AX,0.3002731426219855,0.6997268573780144
EIF1AY,0.7539580560156277,0.2460419439843723
EIF1B,0.31023139213877066,0.6897686078612293
EIF2A,0.345382547006011,0.654617452993989
EIF2AK1,0.32750516118747847,0.6724948388125216
EIF2AK2,0.41906718590429853,0.5809328140957015
EIF2AK3,0.3955135116619723,0.6044864883380276
EIF2AK3-DT,0.4105197358876467,0.5894802641123533
EIF2AK4,0.33407714617039475,0.6659228538296053
EIF2B1,0.29425673386348145,0.7057432661365186
EIF2B2,0.2664479280688933,0.7335520719311067
EIF2B3,0.2988943633556898,0.7011056366443102
EIF2B4,0.29516013618558645,0.7048398638144135
EIF2B5,0.40589178779295515,0.5941082122070449
EIF2D,0.3180630888257708,0.6819369111742293
EIF2S1,0.3202065797522664,0.6797934202477336
EIF2S2,0.31023052654096056,0.6897694734590394
EIF2S3,0.3578485877120069,0.6421514122879931
EIF3A,0.42669807507523466,0.5733019249247653
EIF3B,0.3374769509370838,0.6625230490629161
EIF3C,0.3854130668831723,0.6145869331168277
EIF3D,0.314198470474886,0.685801529525114
EIF3E,0.36463102818067583,0.6353689718193242
EIF3F,0.2979993896691927,0.7020006103308073
EIF3G,0.32187433474298033,0.6781256652570197
EIF3H,0.31508144297237906,0.6849185570276209
EIF3I,0.2516482284492148,0.7483517715507852
EIF3J,0.2731074875752841,0.7268925124247159
EIF3J-DT,0.4370849962745394,0.5629150037254607
EIF3K,0.40372757161302225,0.5962724283869778
EIF3L,0.41695463391286985,0.5830453660871302
EIF3M,0.33723935165575575,0.6627606483442443
EIF4A1,0.574100234146629,0.42589976585337097
EIF4A2,0.48265191114374567,0.5173480888562543
EIF4A3,0.334584587054061,0.665415412945939
EIF4B,0.35810169684035437,0.6418983031596457
EIF4E,0.2547516230094646,0.7452483769905354
EIF4E2,0.3014417000647102,0.6985582999352897
EIF4E3,0.4478109638605799,0.5521890361394202
EIF4EBP1,0.39843178407422136,0.6015682159257787
EIF4EBP2,0.3439422630305801,0.6560577369694198
EIF4EBP3,0.592881300087486,0.40711869991251404
EIF4ENIF1,0.3645632535751377,0.6354367464248623
EIF4G1,0.39519674703478813,0.6048032529652119
EIF4G2,0.4643239986284503,0.5356760013715497
EIF4G3,0.2607185578505908,0.7392814421494092
EIF4H,0.33097083148147377,0.6690291685185262
EIF5,0.3796744498291186,0.6203255501708814
EIF5A,0.3290912357292005,0.6709087642707995
EIF5A2,0.45856333976345404,0.5414366602365459
EIF5AL1,0.5910913763301713,0.4089086236698287
EIF5B,0.3332196617765086,0.6667803382234914
EIF6,0.275800365156361,0.724199634843639
EIPR1,0.33110194227525164,0.6688980577247483
ELAC1,0.48347227301980766,0.5165277269801923
ELAC2,0.2915607900857659,0.708439209914234
ELAPOR2,0.503596767783165,0.496403232216835
ELAVL1,0.30991842730769087,0.6900815726923091
ELF1,0.43765472194978167,0.5623452780502183
ELF2,0.36817661247083117,0.6318233875291688
ELF3,0.6456669249704906,0.3543330750295094
ELF4,0.3753229965056692,0.6246770034943308
ELK1,0.35639354094330755,0.6436064590566924
ELK3,0.29033066804686314,0.7096693319531369
ELK4,0.38543349371424745,0.6145665062857526
ELL,0.2584970615405057,0.7415029384594942
ELL2,0.43987702631524633,0.5601229736847537
ELMO1,0.48010547565562384,0.5198945243443762
ELMO2,0.3280003308983786,0.6719996691016215
ELMO3,0.35822288745215963,0.6417771125478404
ELMOD2,0.3108712788671255,0.6891287211328745
ELMOD3,0.41244296223989557,0.5875570377601045
ELOA,0.26544681364404304,0.7345531863559569
ELOA-AS1,0.41165338323584627,0.5883466167641538
ELOB,0.34460338457886663,0.6553966154211334
ELOC,0.3052538412490061,0.6947461587509939
ELOF1,0.32176120951771736,0.6782387904822826
ELOVL1,0.2537424956182284,0.7462575043817716
ELOVL5,0.41758846598012106,0.582411534019879
ELOVL6,0.5072223038545677,0.4927776961454323
ELOVL7,0.44149706326425076,0.5585029367357492
ELP1,0.3648408294788429,0.6351591705211571
ELP2,0.36499194454933914,0.6350080554506609
ELP3,0.3567960738603558,0.6432039261396443
ELP4,0.31534924092037336,0.6846507590796267
ELP5,0.3556382677384785,0.6443617322615215
ELP6,0.37166445489440647,0.6283355451055935
EMB,0.5858873708971909,0.4141126291028091
EMC1,0.2768892419990152,0.7231107580009848
EMC1-AS1,0.48149215802550316,0.5185078419744968
EMC10,0.3663291144849999,0.6336708855150002
EMC2,0.32300285941788126,0.6769971405821187
EMC3,0.2844199846232576,0.7155800153767424
EMC4,0.29825012545500484,0.7017498745449952
EMC6,0.39892622056816307,0.6010737794318369
EMC7,0.27470476386536447,0.7252952361346355
EMC8,0.27457870291566777,0.7254212970843322
EMC9,0.4157860412129334,0.5842139587870666
EMD,0.319601302168199,0.6803986978318011
EME2,0.4330088421702385,0.5669911578297615
EMG1,0.3360580503940582,0.6639419496059418
EMILIN1,0.48759918846189976,0.5124008115381002
EMILIN2,0.470265873840877,0.5297341261591231
EML2,0.32808369983519825,0.6719163001648017
EML3,0.33742647312049356,0.6625735268795064
EML4,0.3794284909963608,0.6205715090036392
EMP1,0.4535281325557402,0.5464718674442598
EMP3,0.4310654268733093,0.5689345731266907
EMSY,0.41482728506837574,0.5851727149316243
ENC1,0.4534089384334428,0.5465910615665572
ENDOD1,0.3468999096325466,0.6531000903674534
ENDOG,0.4621497930493206,0.5378502069506794
ENDOV,0.45107186159917284,0.5489281384008271
ENG,0.46231063827872276,0.5376893617212772
ENGASE,0.4393446533275502,0.5606553466724498
ENKD1,0.45875284341829164,0.5412471565817083
ENO1,0.5336861925066582,0.46631380749334184
ENO2,0.5190997533500195,0.48090024664998055
ENO3,0.7555205257875579,0.2444794742124421
ENOPH1,0.353522352874279,0.646477647125721
ENOSF1,0.484114833176136,0.515885166823864
ENOX2,0.3592143056115934,0.6407856943884066
ENPEP,0.41856020875275135,0.5814397912472486
ENPP2,0.6215986545596804,0.37840134544031956
ENPP3,0.6434541711849826,0.3565458288150174
ENPP4,0.6828269788197109,0.3171730211802891
ENSA,0.32562532082998324,0.6743746791700167
ENTHD1,0.5967905186116695,0.40320948138833046
ENTPD1-AS1,0.4936505670526198,0.5063494329473802
ENTPD4,0.40502994667206493,0.5949700533279351
ENTPD5,0.39834166025476797,0.601658339745232
ENTPD6,0.3484134010172316,0.6515865989827684
ENTPD7,0.3904950131795236,0.6095049868204764
ENTR1,0.3389999789318868,0.6610000210681132
ENY2,0.3446969679955925,0.6553030320044075
EOGT,0.34198901137070997,0.65801098862929
EOLA1,0.30634208156594206,0.6936579184340579
EOLA2,0.2954203264588224,0.7045796735411776
EP300,0.4577059990593365,0.5422940009406635
EP400,0.3728579163019146,0.6271420836980854
EPAS1,0.3461453921294638,0.6538546078705362
EPB41,0.4547576845756599,0.5452423154243401
EPB41L1,0.5845474132469722,0.41545258675302776
EPB41L2,0.5368059905511993,0.46319400944880074
EPB41L4A-AS1,0.4667904669685023,0.5332095330314977
EPB41L4B,0.4007200351251023,0.5992799648748977
EPB41L5,0.4087106218295438,0.5912893781704562
EPC1,0.3922768251172134,0.6077231748827866
EPC2,0.40173727912562235,0.5982627208743776
EPCAM,0.6389466513480458,0.36105334865195415
EPDR1,0.6329981620822634,0.36700183791773655
EPG5,0.44789582437702585,0.5521041756229741
EPGN,0.5918881573847362,0.4081118426152638
EPHA1,0.3976833615452051,0.6023166384547949
EPHA2,0.4470064049320562,0.5529935950679439
EPHB2,0.39973457463617834,0.6002654253638217
EPHB3,0.4428003600665501,0.5571996399334499
EPHB6,0.6467635525124413,0.35323644748755867
EPHX1,0.510769322514534,0.489230677485466
EPHX2,0.5309723535818713,0.46902764641812866
EPM2A,0.49155504948326517,0.5084449505167348
EPM2AIP1,0.3999751353902476,0.6000248646097524
EPN1,0.24954373083476508,0.7504562691652349
EPN3,0.3043215946859813,0.6956784053140187
EPO,0.6040967149393899,0.3959032850606101
EPOP,0.4384186113519328,0.5615813886480672
EPOR,0.37559567764401436,0.6244043223559856
EPPK1,0.4728036324626633,0.5271963675373367
EPRS1,0.36093718611768316,0.6390628138823169
EPS15,0.2846392954566649,0.7153607045433351
EPS15L1,0.29507128295621704,0.704928717043783
EPS8,0.5867344662547112,0.41326553374528885
EPS8L1,0.5127690248191357,0.48723097518086433
EPS8L2,0.3595788925886154,0.6404211074113846
EPSTI1,0.5937529669276306,0.4062470330723694
ERAL1,0.33061437561575857,0.6693856243842414
ERAP1,0.501288717346532,0.498711282653468
ERAP2,0.6773401434932437,0.3226598565067563
ERBB2,0.44141141484890667,0.5585885851510933
ERBIN,0.39519329382372753,0.6048067061762725
ERC1,0.3431436921070729,0.656856307892927
ERCC1,0.3375153509633882,0.6624846490366119
ERCC2,0.326078318990767,0.673921681009233
ERCC3,0.33678881025740076,0.6632111897425992
ERCC4,0.42368060616510256,0.5763193938348974
ERCC5,0.4726359697857073,0.5273640302142927
ERCC6,0.33392287098935675,0.6660771290106433
ERCC6L2,0.40451009491724627,0.5954899050827538
ERCC8,0.45545557300959316,0.5445444269904068
EREG,0.528394698032311,0.471605301967689
ERF,0.3091777430049011,0.6908222569950989
ERFL,0.4269797324336001,0.5730202675663999
ERG28,0.29529606590845753,0.7047039340915424
ERGIC1,0.29542055619614466,0.7045794438038553
ERGIC2,0.3091088732970612,0.6908911267029387
ERGIC3,0.3331589376819985,0.6668410623180014
ERH,0.3355788074965988,0.6644211925034011
ERI1,0.38983518364174025,0.6101648163582598
ERI2,0.44164068890469416,0.5583593110953058
ERI3,0.3471811454177701,0.6528188545822299
ERICH1,0.32364319717245443,0.6763568028275455
ERICH6-AS1,0.4101309587380716,0.5898690412619284
ERLEC1,0.3347118776291609,0.6652881223708391
ERLIN1,0.360514319102679,0.639485680897321
ERLIN2,0.40811208582350184,0.5918879141764981
ERMAP,0.4724768841905253,0.5275231158094746
ERMARD,0.3848400360771588,0.6151599639228412
ERMP1,0.4612674830215318,0.5387325169784682
ERN1,0.3226485271672053,0.6773514728327947
ERO1A,0.32211632484437097,0.677883675155629
ERO1B,0.5462927296757698,0.4537072703242302
ERP27,0.5759971610137394,0.42400283898626057
ERP29,0.3947763134825176,0.6052236865174824
ERP44,0.2717098453556121,0.7282901546443878
ERRFI1,0.42915046507758753,0.5708495349224125
ERV3-1,0.5438771189323494,0.45612288106765064
ERVK13-1,0.4790937602519989,0.5209062397480011
ERVK3-1,0.4715734837310655,0.5284265162689346
ESCO1,0.38998761932764736,0.6100123806723526
ESD,0.284920169506222,0.715079830493778
ESF1,0.39852374100259375,0.6014762589974063
ESPL1,0.46890419189419064,0.5310958081058094
ESRP1,0.35547979042998384,0.6445202095700162
ESRP2,0.3679979942472918,0.6320020057527083
ESRRA,0.3306225711213691,0.6693774288786309
ESS2,0.3037919734737703,0.6962080265262297
ESYT1,0.36870370485952925,0.6312962951404708
ESYT2,0.3610589975225074,0.6389410024774926
ETAA1,0.36579851979123695,0.634201480208763
ETF1,0.31981675207082716,0.6801832479291728
ETFA,0.30517318924622877,0.6948268107537712
ETFB,0.4398652059691293,0.5601347940308707
ETFDH,0.373790050723723,0.6262099492762769
ETFRF1,0.417908818594047,0.5820911814059531
ETHE1,0.3695603060935225,0.6304396939064776
ETNK1,0.4058862142264843,0.5941137857735157
ETNK2,0.5685629626469952,0.43143703735300476
ETS1,0.4104876587433474,0.5895123412566525
ETS2,0.3647347744554281,0.6352652255445719
ETV2,0.44975508962358746,0.5502449103764125
ETV3,0.4183873731110777,0.5816126268889223
ETV5,0.5046112372406891,0.4953887627593109
ETV6,0.4303037646625723,0.5696962353374277
ETV7,0.6520356674279485,0.3479643325720515
EVA1C,0.6008071399160794,0.39919286008392063
EVC,0.4322860002783792,0.5677139997216207
EVI2A,0.468041859034981,0.5319581409650189
EVI2B,0.425239517220429,0.5747604827795709
EVI5,0.26805969909764826,0.7319403009023517
EVI5L,0.2786864027647035,0.7213135972352964
EVL,0.4314217453024217,0.5685782546975783
EVPL,0.4375358000397682,0.5624641999602318
EWSR1,0.3144890147793506,0.6855109852206493
EXD2,0.3659581395664385,0.6340418604335615
EXD3,0.4189734496176243,0.5810265503823757
EXOC1,0.3000814584749086,0.6999185415250915
EXOC2,0.31880096794338897,0.681199032056611
EXOC3,0.3270629338387932,0.6729370661612069
EXOC3-AS1,0.4860530900103705,0.5139469099896294
EXOC4,0.2862074726394245,0.7137925273605755
EXOC5,0.3006419756316713,0.6993580243683287
EXOC6,0.4572849768613066,0.5427150231386935
EXOC6B,0.3255561896200691,0.6744438103799308
EXOC7,0.34928895639521734,0.6507110436047827
EXOC8,0.3050928565540484,0.6949071434459516
EXOSC1,0.3285333253443241,0.6714666746556759
EXOSC10,0.3627889286726713,0.6372110713273287
EXOSC2,0.37529620714485645,0.6247037928551435
EXOSC3,0.43838406992810114,0.5616159300718988
EXOSC4,0.40393886316035477,0.5960611368396452
EXOSC5,0.4231999601636614,0.5768000398363387
EXOSC6,0.2972798650818212,0.7027201349181789
EXOSC7,0.3708387690463236,0.6291612309536764
EXOSC8,0.36492155252822805,0.6350784474717719
EXOSC9,0.35939325811341405,0.640606741886586
EXPH5,0.5254965435181346,0.4745034564818654
EXT1,0.3261050754891975,0.6738949245108026
EXT2,0.28618791589230697,0.713812084107693
EXTL2,0.39710318616458345,0.6028968138354165
EXTL3,0.27757169239755186,0.7224283076024481
EYA3,0.31603636273315977,0.6839636372668403
EZH1,0.41693458440048353,0.5830654155995165
EZH2,0.5004510054630893,0.4995489945369107
EZR,0.5084089692682028,0.4915910307317972
F11R,0.3207625197246671,0.6792374802753329
F13A1,0.5337229434932981,0.4662770565067019
F2R,0.4010557726557766,0.5989442273442234
F2RL1,0.38782143579529865,0.6121785642047013
F2RL2,0.5666972659528255,0.43330273404717445
F8A1,0.4190271496772766,0.5809728503227234
FAAP100,0.2986056325691087,0.7013943674308913
FAAP20,0.35350370227492284,0.6464962977250772
FABP3,0.5621353031269142,0.4378646968730858
FABP5,0.551631753465959,0.44836824653404095
FADS1,0.5185249820351601,0.48147501796483994
FADS2,0.6181259628917489,0.3818740371082511
FADS3,0.4236052698854889,0.5763947301145111
FADS6,0.6069113292864391,0.3930886707135609
FAF1,0.32249308803251814,0.6775069119674819
FAF2,0.3301289802683251,0.6698710197316748
FAH,0.3798343568508114,0.6201656431491887
FAHD1,0.2908245527318546,0.7091754472681454
FAHD2A,0.3835007941483387,0.6164992058516613
FAHD2B,0.5074230049337659,0.4925769950662341
FAIM,0.46047415690762655,0.5395258430923735
FAIM2,0.5506607597427708,0.44933924025722916
FAM107B,0.48089683428406715,0.5191031657159328
FAM110A,0.3342856943075146,0.6657143056924855
FAM110B,0.6409503785627229,0.35904962143727714
FAM110C,0.43794312700629234,0.5620568729937077
FAM111A,0.42737229940082344,0.5726277005991766
FAM111A-DT,0.4822180170033659,0.5177819829966341
FAM114A1,0.30156655689435347,0.6984334431056465
FAM114A2,0.32638842665723394,0.6736115733427661
FAM117A,0.5674939224762576,0.43250607752374237
FAM117B,0.576617779476302,0.423382220523698
FAM118A,0.39101724699139595,0.608982753008604
FAM118B,0.35707463031368597,0.642925369686314
FAM120A,0.3548812323382923,0.6451187676617077
FAM120AOS,0.36309840796249254,0.6369015920375074
FAM120B,0.3325050922243723,0.6674949077756277
FAM120C,0.5311544824923787,0.46884551750762127
FAM131A,0.4012617684368576,0.5987382315631424
FAM131B,0.4979938819472279,0.5020061180527722
FAM133B,0.38641141780785154,0.6135885821921485
FAM135A,0.47269949316978455,0.5273005068302155
FAM136A,0.3752277482833181,0.6247722517166818
FAM13A,0.4748143016227654,0.5251856983772346
FAM13A-AS1,0.5001036370439189,0.4998963629560811
FAM13B,0.4808574861713818,0.5191425138286182
FAM149B1,0.365214523726276,0.634785476273724
FAM151A,0.6264892832509109,0.3735107167490891
FAM153CP,0.673366836139134,0.32663316386086605
FAM157C,0.6254348871963364,0.37456511280366356
FAM161A,0.568501317607505,0.431498682392495
FAM161B,0.4813468921929598,0.5186531078070402
FAM162A,0.3569129912980965,0.6430870087019035
FAM168A,0.32098451875416295,0.6790154812458371
FAM168B,0.32984320925814764,0.6701567907418524
FAM169A,0.5264016411134175,0.4735983588865825
FAM171B,0.5029572573091302,0.4970427426908698
FAM174A,0.3485708694372858,0.6514291305627142
FAM174B,0.48850189575127195,0.5114981042487281
FAM174C,0.40974936900394304,0.5902506309960569
FAM177A1,0.24526644591242075,0.7547335540875793
FAM182A,0.7091173625418118,0.2908826374581882
FAM193A,0.3594791061644043,0.6405208938355957
FAM193B,0.42709447549922125,0.5729055245007788
FAM199X,0.3400469848087856,0.6599530151912144
FAM200A,0.39086044313652174,0.6091395568634783
FAM200B,0.5256220544023174,0.47437794559768265
FAM204A,0.30672604138297693,0.6932739586170231
FAM209A,0.5388214087912014,0.46117859120879856
FAM20B,0.3621573182088988,0.6378426817911012
FAM20C,0.40704697131046225,0.5929530286895377
FAM210A,0.29175884343151537,0.7082411565684846
FAM210B,0.4050540897463049,0.5949459102536951
FAM215B,0.5486457917307105,0.4513542082692895
FAM216A,0.5207554756530693,0.47924452434693066
FAM217B,0.4247724073273795,0.5752275926726205
FAM219A,0.3393240036842014,0.6606759963157987
FAM219B,0.3872131125203201,0.6127868874796799
FAM220A,0.29059356128397795,0.709406438716022
FAM221A,0.6772774649517876,0.32272253504821236
FAM222A,0.6416281174336161,0.35837188256638386
FAM222B,0.283290155764137,0.716709844235863
FAM228B,0.47925970517098904,0.520740294829011
FAM229B,0.5045415370592049,0.4954584629407951
FAM234A,0.27825061281743857,0.7217493871825614
FAM241A,0.3967897425006543,0.6032102574993456
FAM241B,0.5289002960281712,0.47109970397182876
FAM24B,0.614157650087561,0.38584234991243904
FAM27C,0.6361876023667199,0.3638123976332801
FAM30A,0.65944014276777,0.34055985723223003
FAM32A,0.32471134407179697,0.675288655928203
FAM3A,0.3206857319122979,0.6793142680877021
FAM3C,0.347681571330343,0.6523184286696571
FAM43A,0.5040732989353793,0.49592670106462067
FAM50A,0.42283930044089046,0.5771606995591095
FAM50B,0.5315203661365169,0.4684796338634831
FAM53B,0.4027291179767677,0.5972708820232323
FAM53C,0.3940184467605182,0.6059815532394818
FAM76A,0.36160886021597044,0.6383911397840296
FAM76B,0.3816566815865891,0.6183433184134108
FAM78A,0.5406907424330711,0.45930925756692886
FAM83A,0.46150759926864077,0.5384924007313592
FAM83A-AS1,0.4454440011509827,0.5545559988490173
FAM83C,0.44254404758768423,0.5574559524123157
FAM83E,0.605931217116969,0.39406878288303104
FAM83F,0.37430969971631256,0.6256903002836874
FAM83G,0.36164699415011065,0.6383530058498894
FAM83H,0.31335133048040525,0.6866486695195948
FAM89A,0.40297332698745386,0.5970266730125462
FAM89B,0.41798494330474306,0.5820150566952569
FAM8A1,0.3825573894594397,0.6174426105405604
FAM91A1,0.30528994942350046,0.6947100505764996
FAM98A,0.27518398673938854,0.7248160132606114
FAM98B,0.3431061641978366,0.6568938358021634
FAM98C,0.4136875929044826,0.5863124070955175
FAN1,0.44579614432794706,0.554203855672053
FANCA,0.46446223823087557,0.5355377617691244
FANCB,0.4783056883939675,0.5216943116060325
FANCC,0.49432685172983576,0.5056731482701642
FANCD2,0.4801246624972139,0.519875337502786
FANCE,0.409342602959701,0.5906573970402991
FANCF,0.44723331023539814,0.5527666897646019
FANCG,0.6179367532687527,0.38206324673124725
FANCI,0.46222827051367077,0.5377717294863292
FANCL,0.5430164337158203,0.4569835662841797
FANCM,0.4363417268863746,0.5636582731136254
FANK1,0.3972529675811529,0.6027470324188471
FAR1,0.3383409321042044,0.6616590678957956
FARP1,0.5823920241424015,0.41760797585759846
FARP2,0.3474900797009468,0.6525099202990532
FARS2,0.34122016852987663,0.6587798314701234
FARSA,0.3448193361982703,0.6551806638017297
FARSB,0.30524053717298166,0.6947594628270184
FAS,0.5487267939107758,0.45127320608922417
FASLG,0.6138248853385448,0.38617511466145515
FASN,0.3883960704718317,0.6116039295281683
FASTK,0.3617000018379518,0.6382999981620482
FASTKD1,0.3523068526493652,0.6476931473506349
FASTKD2,0.3303529580256769,0.6696470419743231
FASTKD3,0.433121742946761,0.566878257053239
FASTKD5,0.3657589384487697,0.6342410615512303
FAT1,0.47368952898042543,0.5263104710195745
FAT2,0.4986365352358137,0.5013634647641863
FAXDC2,0.5745898421321597,0.4254101578678403
FBH1,0.37599851723228184,0.6240014827677182
FBL,0.43380081600376535,0.5661991839962346
FBLN2,0.501819060849292,0.49818093915070805
FBP1,0.6183725925428527,0.3816274074571473
FBRS,0.3384039284927504,0.6615960715072495
FBRSL1,0.3532793919688889,0.6467206080311111
FBXL12,0.3386428518486874,0.6613571481513125
FBXL14,0.5393571709947926,0.46064282900520737
FBXL15,0.4296488078044994,0.5703511921955007
FBXL17,0.4422231082405363,0.5577768917594637
FBXL18,0.39910126025123255,0.6008987397487675
FBXL19,0.3157658873658095,0.6842341126341904
FBXL19-AS1,0.4179226851889065,0.5820773148110935
FBXL20,0.33883507722722633,0.6611649227727736
FBXL22,0.4725771780524935,0.5274228219475066
FBXL3,0.31977392573441776,0.6802260742655822
FBXL4,0.3412110350493874,0.6587889649506127
FBXL5,0.338760068906205,0.661239931093795
FBXL6,0.4005432078348739,0.5994567921651262
FBXL8,0.4376633901681219,0.562336609831878
FBXO11,0.39598490271185127,0.6040150972881487
FBXO21,0.4051038284919092,0.5948961715080908
FBXO22,0.33977582092796055,0.6602241790720395
FBXO25,0.4227892665990761,0.5772107334009239
FBXO27,0.5171527335686343,0.48284726643136566
FBXO28,0.29849773645401,0.70150226354599
FBXO3,0.2899091306275555,0.7100908693724445
FBXO30,0.40153079506542,0.59846920493458
FBXO31,0.3435613994619676,0.6564386005380324
FBXO32,0.5203125322503703,0.47968746774962967
FBXO33,0.323540107080979,0.676459892919021
FBXO34,0.3946068568953446,0.6053931431046554
FBXO38,0.3455671215695994,0.6544328784304005
FBXO4,0.4459946703697954,0.5540053296302045
FBXO40,0.8164019180195672,0.18359808198043281
FBXO42,0.26229839286367806,0.7377016071363219
FBXO44,0.3824127625141825,0.6175872374858176
FBXO45,0.32356938413743463,0.6764306158625654
FBXO46,0.3559022427403501,0.6440977572596499
FBXO48,0.40315905386315926,0.5968409461368407
FBXO5,0.5178052697862897,0.4821947302137103
FBXO6,0.460299906453916,0.5397000935460841
FBXO7,0.31255325618466095,0.6874467438153391
FBXO8,0.31996933557093143,0.6800306644290686
FBXO9,0.4267247063773019,0.5732752936226981
FBXW11,0.33676503957914455,0.6632349604208554
FBXW2,0.341488104313612,0.658511895686388
FBXW4,0.4106582376573767,0.5893417623426234
FBXW5,0.39137773109333857,0.6086222689066614
FBXW7,0.32461026390748365,0.6753897360925163
FBXW8,0.4230182577988931,0.5769817422011069
FCER1A,0.5326127425900528,0.46738725740994724
FCER1G,0.4231420236506632,0.5768579763493368
FCF1,0.2912012129755957,0.7087987870244044
FCGR2A,0.35023272363469005,0.64976727636531
FCGR2B,0.3705171418509313,0.6294828581490687
FCGR3A,0.38283080008945297,0.6171691999105471
FCGRT,0.4795661935848849,0.520433806415115
FCHO1,0.609320379793644,0.39067962020635605
FCHO2,0.3797665938202824,0.6202334061797177
FCHSD1,0.4716567322611809,0.5283432677388191
FCHSD2,0.35318152819361004,0.64681847180639
FCRL6,0.48606391517179354,0.5139360848282064
FDFT1,0.42829168162175585,0.5717083183782441
FDPS,0.3523463159799576,0.6476536840200424
FDX1,0.3630474539739745,0.6369525460260255
FDXR,0.3859282441969429,0.6140717558030571
FECH,0.3967468672032867,0.6032531327967132
FEM1A,0.5221841899412019,0.47781581005879814
FEM1B,0.29788615621094194,0.7021138437890581
FEM1C,0.3144003317824432,0.6855996682175568
FEN1,0.41299518729959217,0.5870048127004078
FER,0.42518162354826927,0.5748183764517307
FER1L6,0.6596126237085888,0.34038737629141125
FERMT3,0.5014867596328259,0.49851324036717415
FES,0.51095079098429,0.48904920901571003
FEZ1,0.511754901281425,0.488245098718575
FEZ2,0.282801428809762,0.717198571190238
FGD3,0.4952754867928369,0.5047245132071632
FGD5-AS1,0.40381924408887115,0.5961807559111288
FGD6,0.43170840027076857,0.5682915997292315
FGF22,0.545183604317052,0.45481639568294796
FGFBP1,0.4725769151534353,0.5274230848465646
FGFR1,0.6126229970582894,0.3873770029417106
FGFR1OP2,0.30625475690300974,0.6937452430969903
FGFR2,0.6325662774699075,0.36743372253009254
FGFRL1,0.38970187466059414,0.6102981253394059
FGGY,0.4750441871583462,0.5249558128416538
FGL2,0.5231021035994802,0.4768978964005198
FGR,0.42771459956254276,0.5722854004374572
FH,0.3618886188736984,0.6381113811263016
FHIT,0.6036729940346309,0.3963270059653691
FHL1,0.6593852756278855,0.3406147243721145
FHL3,0.3985426841037614,0.6014573158962386
FHL5,0.6297632115227836,0.3702367884772164
FHOD1,0.27371978911937084,0.7262802108806292
FIBP,0.2952530473204596,0.7047469526795405
FICD,0.4601649759071214,0.5398350240928786
FIG4,0.3553804861647742,0.6446195138352258
FIGNL1,0.4682725380573954,0.5317274619426047
FILIP1L,0.46367389815194265,0.5363261018480574
FIP1L1,0.34401149129761116,0.6559885087023889
FIRRE,0.5976914119507585,0.4023085880492415
FIS1,0.3329898129616465,0.6670101870383536
FITM1,0.7797323337623051,0.2202676662376949
FIZ1,0.40480696835688185,0.5951930316431182
FKBP10,0.5000350672219481,0.4999649327780519
FKBP11,0.414078305874552,0.5859216941254479
FKBP14,0.30017106268288835,0.6998289373171116
FKBP15,0.27669610681810547,0.7233038931818945
FKBP1A,0.29255248080672963,0.7074475191932703
FKBP1B,0.49847240426710676,0.5015275957328933
FKBP2,0.49051908190761295,0.509480918092387
FKBP3,0.3397545104048082,0.6602454895951918
FKBP4,0.4051950667053461,0.5948049332946539
FKBP5,0.5462959414081914,0.4537040585918086
FKBP7,0.4514175701354231,0.548582429864577
FKBP8,0.2958362031994121,0.7041637968005878
FKBP9,0.27161871675135835,0.7283812832486416
FKBPL,0.4060496206262282,0.5939503793737718
FKRP,0.35373987071216106,0.6462601292878389
FKTN,0.3848567636949675,0.6151432363050324
FLACC1,0.5365989884095532,0.4634010115904468
FLAD1,0.35835466221241014,0.6416453377875899
FLCN,0.29433559120765757,0.7056644087923425
FLI1,0.45960000955632757,0.5403999904436725
FLII,0.2870353806564318,0.7129646193435681
FLNA,0.5497410425118038,0.4502589574881962
FLNB,0.39801656401583124,0.6019834359841687
FLNB-AS1,0.4343447669276169,0.5656552330723831
FLNC,0.6113849665437426,0.38861503345625736
FLOT1,0.33318307250738144,0.6668169274926186
FLOT2,0.41251189527767046,0.5874881047223295
FLRT3,0.4930202846548387,0.5069797153451613
FLT3LG,0.5827372042196137,0.4172627957803863
FLVCR1,0.46652793724622044,0.5334720627537796
FLYWCH1,0.3220236661977002,0.6779763338022998
FLYWCH2,0.3429213920608163,0.6570786079391837
FMC1,0.503431276817407,0.49656872318259304
FMN1,0.4722001560564552,0.5277998439435447
FMNL1,0.42660512775182724,0.5733948722481728
FMNL2,0.34198388058160034,0.6580161194183997
FMNL3,0.32006918026932646,0.6799308197306735
FMO4,0.5444535144737789,0.4555464855262211
FMO5,0.5173680910042354,0.4826319089957646
FMR1,0.3931524436920881,0.6068475563079119
FN1,0.4490989664835589,0.550901033516441
FN3K,0.5401869506708213,0.45981304932917866
FN3KRP,0.3388109329555716,0.6611890670444285
FNBP1,0.3659112299127238,0.6340887700872762
FNBP1L,0.4547657663268702,0.5452342336731297
FNBP4,0.384310072021825,0.615689927978175
FNDC10,0.46910844423941206,0.530891555760588
FNDC11,0.42443006738488165,0.5755699326151184
FNDC3A,0.362428824284247,0.637571175715753
FNDC3B,0.3349623336855854,0.6650376663144146
FNIP1,0.3073255953245929,0.6926744046754071
FNIP2,0.35957492201123387,0.6404250779887661
FNTA,0.38135737074272974,0.6186426292572702
FOCAD,0.37925872419561657,0.6207412758043834
FOLR2,0.429103946313262,0.570896053686738
FOS,0.604338024343763,0.39566197565623695
FOSB,0.636963678257806,0.363036321742194
FOSL1,0.4467149446053164,0.5532850553946835
FOSL2,0.6056400553456375,0.3943599446543625
FOXA1,0.7751703475202832,0.22482965247971676
FOXD2-AS1,0.4734990639345987,0.5265009360654014
FOXJ2,0.35652198509446215,0.6434780149055379
FOXJ3,0.31030756554433275,0.6896924344556672
FOXK1,0.3872087866600071,0.6127912133399929
FOXK2,0.28320871559636934,0.7167912844036306
FOXL1,0.44392727727868725,0.5560727227213127
FOXM1,0.5063940291958196,0.49360597080418045
FOXN1,0.5388797420476165,0.46112025795238354
FOXN2,0.38842664366321905,0.6115733563367809
FOXN3,0.37074348011187147,0.6292565198881286
FOXN3-AS1,0.4180199428062354,0.5819800571937646
FOXO1,0.3304477032007916,0.6695522967992085
FOXO3,0.37158093421853017,0.6284190657814699
FOXO4,0.42511188611388206,0.5748881138861179
FOXO6,0.5559877045452595,0.4440122954547405
FOXP1,0.42093948434506145,0.5790605156549385
FOXP3,0.5202781531427588,0.4797218468572412
FOXP4,0.43173875979014803,0.5682612402098519
FOXRED1,0.3860394382583244,0.6139605617416757
FOXRED2,0.5912925292338643,0.40870747076613567
FPGS,0.37135201985282557,0.6286479801471745
FPGT,0.3268857074103185,0.6731142925896815
FPR3,0.39486049568014486,0.6051395043198551
FRA10AC1,0.4089254747544016,0.5910745252455984
FRAT2,0.5135716833174229,0.48642831668257713
FREM1,0.5802766191107886,0.41972338088921135
FREM2,0.6527887412479946,0.3472112587520054
FRG1,0.33911057711312814,0.6608894228868718
FRMD4A,0.5146253715668406,0.48537462843315937
FRMD4B,0.37600141524204184,0.6239985847579581
FRMD6,0.3743649819599731,0.625635018040027
FRMD8,0.32416830571102245,0.6758316942889775
FRRS1,0.33114584957781645,0.6688541504221835
FRS2,0.44669720424073084,0.5533027957592691
FRY,0.6047887557319233,0.39521124426807674
FRYL,0.3355604450085333,0.6644395549914667
FSBP,0.5176067756755012,0.4823932243244988
FSCN1,0.3438866334618069,0.6561133665381931
FSD1L,0.4530913792550564,0.5469086207449436
FST,0.5357455866677421,0.4642544133322579
FSTL1,0.39121220766433645,0.6087877923356635
FSTL3,0.4778459468590362,0.5221540531409639
FTCDNL1,0.6206218547054699,0.37937814529453007
FTH1,0.42855472144271645,0.5714452785572836
FTL,0.6705371647008828,0.32946283529911724
FTO,0.2929131593222597,0.7070868406777403
FTSJ1,0.26781250310263466,0.7321874968973654
FTSJ3,0.3468518877135856,0.6531481122864145
FTX,0.40106408058532644,0.5989359194146735
FUBP1,0.34259963993515286,0.6574003600648471
FUBP3,0.3043798063881695,0.6956201936118305
FUCA1,0.46638042852282524,0.5336195714771748
FUCA2,0.3304363055420773,0.6695636944579226
FUNDC1,0.3554825311792748,0.6445174688207251
FUNDC2,0.32232650129922796,0.677673498700772
FUOM,0.4506340170545237,0.5493659829454762
FURIN,0.32838275882282425,0.6716172411771757
FUS,0.35585890391043257,0.6441410960895675
FUT10,0.4935880835567202,0.5064119164432799
FUT11,0.23630351001130684,0.7636964899886931
FUT2,0.47010779939591885,0.5298922006040812
FUT4,0.5380554279046399,0.4619445720953601
FUT8,0.4191626752061503,0.5808373247938496
FUZ,0.5683985341872487,0.4316014658127513
FXN,0.4669830407947302,0.5330169592052698
FXR1,0.3761409137930189,0.623859086206981
FXR2,0.30296195657657726,0.6970380434234227
FXYD5,0.5209052951208183,0.4790947048791817
FXYD7,0.5448723339608738,0.45512766603912624
FYB1,0.581059703869479,0.418940296130521
FYCO1,0.4485412857362202,0.5514587142637798
FYN,0.4481142594345978,0.5518857405654022
FYTTD1,0.35441066936722826,0.6455893306327718
FZD1,0.4687961409134524,0.5312038590865475
FZD2,0.37782243825495243,0.6221775617450476
FZD3,0.5477236982967172,0.4522763017032828
FZD5,0.4713117517530918,0.5286882482469082
FZD7,0.6432716473937035,0.35672835260629654
FZR1,0.30400537326931953,0.6959946267306805
G0S2,0.5459040382078716,0.4540959617921284
G2E3,0.37904505910617964,0.6209549408938204
G3BP1,0.34570007571684463,0.6542999242831553
G3BP2,0.4220311274485929,0.5779688725514072
G6PC3,0.38710562272795607,0.6128943772720439
G6PD,0.4680287577211857,0.5319712422788143
GAA,0.45960264652967453,0.5403973534703255
GAB1,0.36023582025830236,0.6397641797416976
GAB3,0.4739474683467831,0.526052531653217
GABARAP,0.5299132426402399,0.47008675735976013
GABARAPL1,0.42837153588022503,0.571628464119775
GABARAPL2,0.28493734349168726,0.7150626565083127
GABBR1,0.47178136450903757,0.5282186354909624
GABPA,0.3714095934161118,0.6285904065838882
GABPB1,0.33415417319961954,0.6658458268003804
GABPB1-AS1,0.5361264566225665,0.4638735433774335
GABPB1-IT1,0.4698364809155464,0.5301635190844536
GABPB2,0.47455816875611034,0.5254418312438897
GADD45A,0.3781126285237925,0.6218873714762074
GADD45B,0.3995558422591005,0.6004441577408994
GADD45G,0.6023571416735649,0.3976428583264351
GADD45GIP1,0.38672939794404165,0.6132706020559584
GAK,0.33300450736922876,0.6669954926307713
GAL3ST4,0.4354510685162885,0.5645489314837115
GALC,0.5223345431898322,0.4776654568101678
GALE,0.3455317946416991,0.6544682053583009
GALK1,0.3402400772486414,0.6597599227513586
GALK2,0.321360812655517,0.678639187344483
GALM,0.5585678358163152,0.4414321641836848
GALNS,0.3129823889051165,0.6870176110948836
GALNT1,0.36304838662700994,0.63695161337299
GALNT10,0.31885277453277794,0.6811472254672221
GALNT11,0.4473636459027018,0.5526363540972983
GALNT12,0.6382494558181081,0.3617505441818919
GALNT17,0.7905760375516755,0.2094239624483245
GALNT2,0.3597899353564052,0.6402100646435949
GALNT3,0.42074170682047096,0.579258293179529
GALNT4,0.5014410463294813,0.4985589536705187
GALNT6,0.5341173330588,0.46588266694119995
GALNT7,0.3784964997321367,0.6215035002678633
GALT,0.4690203783767564,0.5309796216232436
GAMT,0.5336620184992041,0.46633798150079586
GAN,0.4261775682015078,0.5738224317984921
GANAB,0.38667316708181587,0.6133268329181841
GANC,0.34736234987420694,0.6526376501257931
GAPDH,0.44962095549064024,0.5503790445093597
GAPT,0.41445699746587444,0.5855430025341255
GAPVD1,0.3109640387286033,0.6890359612713968
GAR1,0.3564157001674175,0.6435842998325825
GARRE1,0.33457007605050293,0.6654299239494971
GARS1,0.27891572494991124,0.7210842750500888
GARS1-DT,0.34100143345338957,0.6589985665466105
GART,0.34477843304297756,0.6552215669570225
GAS2,0.6283896437713078,0.3716103562286922
GAS5,0.4536544850894383,0.5463455149105617
GAS5-AS1,0.5338763972478253,0.4661236027521747
GAS6-AS1,0.6245866428528514,0.37541335714714863
GAS7,0.5473099468009812,0.4526900531990188
GAS8,0.43881841536079136,0.5611815846392086
GASAL1,0.5185409991868905,0.48145900081310955
GASK1A,0.6051882718290601,0.3948117281709399
GATA1,0.4741351551243237,0.5258648448756763
GATA3,0.5927478160176959,0.4072521839823041
GATAD1,0.37792638396578176,0.6220736160342182
GATAD2A,0.2521131510979363,0.7478868489020637
GATAD2B,0.35559171877269236,0.6444082812273076
GATB,0.33649146290762083,0.6635085370923792
GATC,0.34040747290211065,0.6595925270978893
GATD1,0.39544613073979107,0.6045538692602089
GATM,0.6664701434118407,0.33352985658815926
GBA2,0.4570314511656761,0.5429685488343239
GBE1,0.3454569716538702,0.6545430283461298
GBF1,0.33890881282942636,0.6610911871705736
GBGT1,0.4842141020510878,0.5157858979489123
GBP1,0.6188557509865079,0.3811442490134921
GBP2,0.5622568258217403,0.4377431741782597
GBP3,0.5496263386947768,0.45037366130522316
GBP4,0.6732403220874923,0.3267596779125077
GBP5,0.7306272525872503,0.26937274741274975
GBP6,0.6160544231534004,0.3839455768465996
GCA,0.47223077874098507,0.5277692212590149
GCAT,0.5107752489192146,0.48922475108078545
GCC1,0.3189184460788965,0.6810815539211035
GCC2,0.38747028953262735,0.6125297104673726
GCDH,0.41748109672750744,0.5825189032724926
GCFC2,0.4190383814275265,0.5809616185724735
GCH1,0.4599603254880224,0.5400396745119775
GCHFR,0.6071861098919596,0.39281389010804035
GCLC,0.5486829802393913,0.4513170197606087
GCLM,0.5363076616610799,0.4636923383389201
GCN1,0.3818099975053753,0.6181900024946247
GCNA,0.5220986147012029,0.4779013852987971
GCNT1,0.49934384652546476,0.5006561534745353
GCNT4,0.510195963616882,0.489804036383118
GCSAM,0.4742931638445173,0.5257068361554826
GCSH,0.4541720934212208,0.5458279065787792
GDAP1,0.4798008049173014,0.5201991950826985
GDAP2,0.30713473040876643,0.6928652695912336
GDE1,0.30235222088439123,0.6976477791156088
GDF11,0.46508454424994333,0.5349154557500566
GDF15,0.6747115222471101,0.32528847775288994
GDI1,0.2866692171831216,0.7133307828168785
GDI2,0.3720717110804149,0.6279282889195851
GDPD1,0.5705229272799832,0.4294770727200168
GDPD2,0.47044252777206047,0.5295574722279395
GDPD5,0.4727755683873381,0.527224431612662
GEM,0.5615404173731804,0.4384595826268196
GEMIN2,0.3961209565667169,0.603879043433283
GEMIN4,0.3588675967018519,0.641132403298148
GEMIN5,0.3754049704543182,0.6245950295456818
GEMIN6,0.37762315784181866,0.6223768421581813
GEMIN7,0.5054636241069862,0.4945363758930138
GEMIN8,0.37161506206861566,0.6283849379313844
GEN1,0.4571659378707409,0.5428340621292591
GET1,0.4442775808274746,0.5557224191725254
GET3,0.3273762560565956,0.6726237439434044
GFAP,0.7091384625860623,0.2908615374139377
GFER,0.41682740886296543,0.5831725911370346
GFI1,0.5901031451565879,0.4098968548434121
GFM1,0.34926845505833626,0.6507315449416637
GFM2,0.4048043678381613,0.5951956321618387
GFOD1,0.32903381370540175,0.6709661862945983
GFOD2,0.3113161479122937,0.6886838520877063
GFPT1,0.35753748565912247,0.6424625143408775
GFRA3,0.7119077263133866,0.2880922736866134
GFUS,0.34664974361658096,0.653350256383419
GGA1,0.2797774179905121,0.7202225820094879
GGA2,0.42531279580933706,0.574687204190663
GGA3,0.3080849028857691,0.6919150971142309
GGACT,0.44873282313346863,0.5512671768665314
GGCT,0.4084931122405188,0.5915068877594811
GGCX,0.2863389083982578,0.7136610916017422
GGH,0.37978631258010864,0.6202136874198914
GGNBP2,0.3367021634642567,0.6632978365357434
GGPS1,0.33519207938973394,0.6648079206102661
GGT7,0.5929471467222486,0.4070528532777514
GHDC,0.345686829781958,0.654313170218042
GHET1,0.358994633225458,0.641005366774542
GHITM,0.3081693747746093,0.6918306252253907
GHRL,0.6090705495859895,0.3909294504140105
GHRLOS,0.5196063326937812,0.4803936673062188
GID8,0.26732504833489656,0.7326749516651034
GIGYF1,0.38853420982403414,0.6114657901759659
GIGYF2,0.37480850278266836,0.6251914972173316
GIHCG,0.5624439961143902,0.4375560038856098
GIMAP1,0.6117050190057073,0.3882949809942927
GIMAP2,0.5867043020469802,0.4132956979530198
GIMAP4,0.5925486018615109,0.4074513981384891
GIMAP5,0.6444886348077229,0.3555113651922771
GIMAP6,0.5075703516070332,0.49242964839296677
GIMAP7,0.6480506871427808,0.3519493128572192
GIMAP8,0.5748446903058461,0.42515530969415394
GIN1,0.4335843452385494,0.5664156547614506
GINM1,0.2668987574787544,0.7331012425212455
GINS2,0.4831313325890473,0.5168686674109527
GIPC1,0.2492493376339553,0.7507506623660447
GIPR,0.5141817315348557,0.4858182684651443
GIT1,0.34177412731306894,0.658225872686931
GIT2,0.3647164699754545,0.6352835300245455
GJA1,0.3595558455396843,0.6404441544603157
GJB2,0.49901125367198673,0.5009887463280133
GJB3,0.35667159701032297,0.6433284029896771
GJB6,0.4625376681131976,0.5374623318868024
GJC2,0.44833372214010786,0.5516662778598922
GK,0.5527249180844852,0.4472750819155148
GKAP1,0.649753172482763,0.350246827517237
GLA,0.3303069717117718,0.6696930282882282
GLB1,0.2989839062626873,0.7010160937373127
GLB1L,0.5591758212872914,0.4408241787127086
GLB1L3,0.56058177032641,0.43941822967359
GLCCI1,0.5373110526374408,0.46268894736255917
GLCE,0.4038077156458582,0.5961922843541418
GLE1,0.3688448742032051,0.6311551257967949
GLG1,0.28906203696637284,0.7109379630336272
GLI1,0.5974964552692005,0.4025035447307995
GLI2,0.49538043620330946,0.5046195637966906
GLI4,0.5092136545905045,0.4907863454094955
GLIDR,0.536539829735245,0.46346017026475494
GLIPR1,0.4583887702652386,0.5416112297347614
GLIPR2,0.4204141598727022,0.5795858401272977
GLMN,0.3615829133029495,0.6384170866970504
GLMP,0.3245728490874171,0.6754271509125829
GLO1,0.29915343718935866,0.7008465628106413
GLOD4,0.3137644217682204,0.6862355782317796
GLP2R,0.5794909303741795,0.42050906962582046
GLRX,0.45472796474184307,0.5452720352581569
GLRX2,0.35894331176366123,0.6410566882363388
GLRX3,0.25489631281899555,0.7451036871810044
GLRX5,0.3166677687051041,0.683332231294896
GLS,0.3707171166315675,0.6292828833684325
GLT8D1,0.3079364523291588,0.6920635476708412
GLTP,0.43785455343978746,0.5621454465602125
GLTPD2,0.41882705182901453,0.5811729481709855
GLUD1,0.33085709397814106,0.669142906021859
GLUL,0.6334219085318702,0.3665780914681298
GLYCTK,0.4669978280684778,0.5330021719315222
GLYR1,0.3388575847659792,0.6611424152340208
GM2A,0.43227264897099565,0.5677273510290044
GMCL1,0.4286098733012165,0.5713901266987835
GMDS,0.44695605231182917,0.5530439476881708
GMDS-DT,0.4898846021720341,0.5101153978279659
GMEB1,0.3660650878612484,0.6339349121387516
GMEB2,0.2807211745862982,0.7192788254137018
GMFB,0.3195881149066346,0.6804118850933654
GMFG,0.4793366406645094,0.5206633593354906
GMIP,0.3152937541017309,0.6847062458982691
GMNN,0.45763755802597317,0.5423624419740268
GMPPA,0.2626323238281267,0.7373676761718733
GMPPB,0.3351023407386882,0.6648976592613118
GMPR,0.5818716617567199,0.4181283382432801
GMPR2,0.28330769456390825,0.7166923054360917
GMPS,0.38356537192261647,0.6164346280773836
GNA11,0.32033174045916113,0.6796682595408389
GNA12,0.29188088518899996,0.708119114811
GNA13,0.3666845429688692,0.6333154570311308
GNA15,0.42134236743939774,0.5786576325606023
GNAI1,0.3717458439724786,0.6282541560275214
GNAI2,0.2910609343754394,0.7089390656245607
GNAI3,0.24386730444218432,0.7561326955578157
GNAL,0.6193941475025245,0.38060585249747547
GNAQ,0.3155265793736492,0.6844734206263507
GNAS,0.4532660770096949,0.5467339229903051
GNAT2,0.4512328370474279,0.5487671629525721
GNB1,0.28249420445146306,0.7175057955485369
GNB1L,0.4582356485937323,0.5417643514062678
GNB2,0.27307379367162604,0.7269262063283739
GNB4,0.4328713294650827,0.5671286705349172
GNB5,0.24963602886003042,0.7503639711399696
GNE,0.5176177972129413,0.4823822027870587
GNG2,0.4243800464485373,0.5756199535514628
GNG5,0.3573844190686941,0.6426155809313059
GNG7,0.5034375994333199,0.4965624005666801
GNL1,0.2976538507001741,0.702346149299826
GNL2,0.2764195262321404,0.7235804737678596
GNL3,0.35404674682234016,0.6459532531776598
GNL3L,0.37188007389860495,0.628119926101395
GNLY,0.6427982949784824,0.3572017050215176
GNMT,0.5784862946186747,0.42151370538132527
GNPAT,0.31805410103074144,0.6819458989692586
GNPDA1,0.324854831344315,0.6751451686556851
GNPDA2,0.3818731454334089,0.6181268545665911
GNPNAT1,0.3590863916490759,0.6409136083509241
GNPTAB,0.40739040076732635,0.5926095992326736
GNPTG,0.276037717903299,0.723962282096701
GNRH1,0.6285780412810189,0.3714219587189811
GNRHR,0.594694051359381,0.405305948640619
GNS,0.3139289848290251,0.6860710151709749
GOLGA1,0.3320631827893002,0.6679368172106999
GOLGA2,0.2999826954411609,0.7000173045588391
GOLGA3,0.28090608292924507,0.7190939170707549
GOLGA4,0.3849652356335095,0.6150347643664905
GOLGA5,0.2808804146646123,0.7191195853353878
GOLGA6L10,0.5194457806646824,0.4805542193353176
GOLGA6L4,0.4380549897572824,0.5619450102427176
GOLGA6L9,0.5798458249441215,0.4201541750558785
GOLGA7,0.4467767508966582,0.5532232491033418
GOLGA7B,0.4447439690785749,0.5552560309214252
GOLGA8A,0.613124392926693,0.38687560707330704
GOLGA8B,0.5948583622063909,0.4051416377936091
GOLGA8N,0.6033274637801307,0.3966725362198693
GOLGB1,0.3574296038464776,0.6425703961535224
GOLIM4,0.4373257043106215,0.5626742956893784
GOLM1,0.4866680013281958,0.5133319986718041
GOLM2,0.3512837596769844,0.6487162403230156
GOLPH3,0.36016441588955267,0.6398355841104473
GOLPH3L,0.43671332991548945,0.5632866700845105
GOLT1B,0.3302549884787628,0.6697450115212372
GON4L,0.38257290822054657,0.6174270917794534
GON7,0.38213163428008556,0.6178683657199144
GOPC,0.3191831045384918,0.6808168954615081
GORAB,0.48836021551064085,0.5116397844893592
GORASP1,0.3162662288440125,0.6837337711559874
GORASP2,0.23790934442409448,0.7620906555759055
GOSR1,0.3517747673072985,0.6482252326927015
GOSR2,0.27235436253249645,0.7276456374675035
GOT1,0.41192011535167694,0.5880798846483231
GOT2,0.2921015011545803,0.7078984988454198
GPA33,0.5311832039483956,0.4688167960516044
GPAA1,0.30209069619221346,0.6979093038077866
GPALPP1,0.3577838893979788,0.6422161106020212
GPANK1,0.3605203397039856,0.6394796602960144
GPAT3,0.5665377245417663,0.4334622754582337
GPAT4,0.3340277277997562,0.6659722722002438
GPATCH1,0.4386872207479818,0.5613127792520183
GPATCH11,0.3722287890102182,0.6277712109897817
GPATCH2,0.35877351010484354,0.6412264898951565
GPATCH2L,0.3133501966616937,0.6866498033383063
GPATCH3,0.31530581494527204,0.6846941850547279
GPATCH4,0.3837460955338819,0.6162539044661182
GPATCH8,0.35748844673591,0.6425115532640899
GPBP1,0.3106157910078764,0.6893842089921236
GPBP1L1,0.2777741163569902,0.7222258836430098
GPC1,0.3502670327600624,0.6497329672399377
GPC3,0.7129119741065162,0.2870880258934838
GPC4,0.548341686704329,0.45165831329567097
GPC6,0.5419842356017658,0.4580157643982342
GPCPD1,0.40647107841713087,0.5935289215828692
GPD1L,0.5340184021208968,0.4659815978791032
GPD2,0.42798295989632607,0.5720170401036739
GPHN,0.47003766308937756,0.5299623369106224
GPI,0.37624479085206985,0.6237552091479301
GPKOW,0.35679694451391697,0.643203055486083
GPM6B,0.45458362996578217,0.5454163700342178
GPN1,0.290428131286587,0.7095718687134129
GPN2,0.27121923917937757,0.7287807608206225
GPN3,0.3460318664354937,0.6539681335645062
GPNMB,0.5364616311022213,0.46353836889777866
GPR107,0.30234654034887043,0.6976534596511296
GPR108,0.277178426007075,0.722821573992925
GPR132,0.4316341656127146,0.5683658343872854
GPR137,0.4147663898766041,0.5852336101233959
GPR137B,0.3590216977255685,0.6409783022744315
GPR141,0.6009003818035126,0.3990996181964874
GPR146,0.38830632091100725,0.6116936790889927
GPR153,0.3845599458685943,0.6154400541314057
GPR155,0.49341332220605444,0.5065866777939456
GPR157,0.42160167837781565,0.5783983216221844
GPR160,0.63332677845444,0.36667322154556004
GPR161,0.4860482583088534,0.5139517416911465
GPR171,0.6034304648637772,0.39656953513622284
GPR180,0.3666788733431271,0.6333211266568729
GPR183,0.495868980884552,0.504131019115448
GPR25,0.712932034262589,0.287067965737411
GPR34,0.4236287573086364,0.5763712426913636
GPR35,0.5478407336132867,0.45215926638671333
GPR52,0.4506687160049166,0.5493312839950835
GPR55,0.6910017675587109,0.3089982324412891
GPR65,0.4062980308330485,0.5937019691669515
GPR78,0.5440416974680764,0.4559583025319236
GPR85,0.45630826534969465,0.5436917346503054
GPR89A,0.37045128510466646,0.6295487148953336
GPR89B,0.4333727101662329,0.5666272898337671
GPRASP1,0.5532878914049694,0.44671210859503063
GPRASP2,0.4449195891086544,0.5550804108913456
GPRC5A,0.5029476811843259,0.49705231881567413
GPRC5C,0.5562188769025462,0.44378112309745377
GPRC5D-AS1,0.45220484318477766,0.5477951568152224
GPRIN1,0.36420926744384424,0.6357907325561558
GPRIN3,0.6153006244982991,0.38469937550170086
GPS1,0.2972014293440485,0.7027985706559515
GPS2,0.5249175051493304,0.47508249485066956
GPSM1,0.4556245849068676,0.5443754150931324
GPSM2,0.44859433599880766,0.5514056640011924
GPSM3,0.3819549232721329,0.6180450767278671
GPX4,0.4589794746467045,0.5410205253532955
GPX7,0.5386993368821484,0.46130066311785156
GRAMD1A,0.37598686119807617,0.6240131388019239
GRAMD1B,0.5685525525893483,0.43144744741065166
GRAMD2A,0.41638406712029663,0.5836159328797034
GRAMD2B,0.5033135611031737,0.4966864388968263
GRAMD4,0.4149182446833168,0.5850817553166832
GRAP,0.4287862234881946,0.5712137765118054
GRAP2,0.564629074718271,0.43537092528172905
GRB10,0.42917497722165926,0.5708250227783407
GRB14,0.6622437270624297,0.33775627293757027
GRB2,0.3260291143170824,0.6739708856829176
GREM1,0.5324529175247464,0.46754708247525356
GRHL1,0.5264663605817727,0.47353363941822735
GRHL2,0.42262900500957457,0.5773709949904254
GRHL3,0.4697327042397644,0.5302672957602357
GRHPR,0.3783792369067669,0.6216207630932331
GRIK5,0.6175556746976716,0.3824443253023284
GRIN2D,0.5794759350163596,0.42052406498364037
GRIN3A,0.4791222262595381,0.520877773740462
GRIN3B,0.5069899815799934,0.4930100184200066
GRINA,0.36052638851106167,0.6394736114889383
GRIPAP1,0.33244001692427055,0.6675599830757295
GRK2,0.353786821211023,0.646213178788977
GRK3,0.42135507826294216,0.5786449217370578
GRK5,0.4027261321565935,0.5972738678434065
GRK6,0.35220580814140184,0.6477941918585981
GRM4,0.624328861279147,0.375671138720853
GRN,0.43117357885265456,0.5688264211473455
GRPEL1,0.28771971605185953,0.7122802839481405
GRSF1,0.2903171962659274,0.7096828037340726
GRWD1,0.33702285594439935,0.6629771440556007
GSAP,0.500874150544405,0.499125849455595
GSDMA,0.48760086484253407,0.5123991351574659
GSDMD,0.4692651725241116,0.5307348274758884
GSDME,0.32127451590661493,0.6787254840933851
GSE1,0.3667179388659341,0.6332820611340659
GSEC,0.42903820691364153,0.5709617930863584
GSK3A,0.28413196919219835,0.7158680308078016
GSK3B,0.31357094139925074,0.6864290586007493
GSKIP,0.27484342655433075,0.7251565734456693
GSN,0.43543296440371443,0.5645670355962855
GSN-AS1,0.4973303961700627,0.5026696038299373
GSPT1,0.2955270452158792,0.7044729547841209
GSPT2,0.6189436955111367,0.3810563044888633
GSR,0.5742815041116306,0.4257184958883694
GSS,0.3148840240069798,0.6851159759930202
GSTA4,0.528076632214444,0.471923367785556
GSTCD,0.3911104609391519,0.6088895390608481
GSTK1,0.3815437706985644,0.6184562293014356
GSTM1,0.8254251075642449,0.17457489243575508
GSTM2,0.6951481199690274,0.30485188003097263
GSTM3,0.6327659945402827,0.3672340054597173
GSTM4,0.604867085814476,0.395132914185524
GSTM5,0.629413512136255,0.37058648786374504
GSTO1,0.3772954142519406,0.6227045857480594
GSTP1,0.37837543418364866,0.6216245658163513
GSTZ1,0.4002154420263001,0.5997845579736999
GTDC1,0.3285607865878514,0.6714392134121486
GTF2A1,0.3233600301401956,0.6766399698598045
GTF2A2,0.3468125494463103,0.6531874505536897
GTF2B,0.28868980386427473,0.7113101961357253
GTF2E1,0.3499181241329227,0.6500818758670772
GTF2E2,0.35922096270535675,0.6407790372946433
GTF2F1,0.2823821053441082,0.7176178946558918
GTF2F2,0.2783697870160852,0.7216302129839147
GTF2H1,0.29424786660820246,0.7057521333917975
GTF2H2,0.5249461153788226,0.47505388462117737
GTF2H2C,0.4766992250723498,0.5233007749276501
GTF2H3,0.3705855645239353,0.6294144354760647
GTF2H5,0.31644565385899376,0.6835543461410063
GTF2I,0.4748969812478338,0.5251030187521661
GTF2IRD1,0.3035390913885619,0.6964609086114382
GTF2IRD2,0.5784321118678365,0.4215678881321635
GTF2IRD2B,0.6006520135062081,0.3993479864937919
GTF3A,0.3702793126659734,0.6297206873340266
GTF3C1,0.282130435907415,0.717869564092585
GTF3C2,0.35025718954524826,0.6497428104547518
GTF3C3,0.34708097923014847,0.6529190207698515
GTF3C4,0.3628601264208555,0.6371398735791445
GTF3C5,0.39342760427721907,0.6065723957227809
GTF3C6,0.35714879126421045,0.6428512087357896
GTPBP1,0.3392073381692171,0.6607926618307829
GTPBP10,0.4253759618316378,0.5746240381683623
GTPBP2,0.3129248536591019,0.6870751463408982
GTPBP3,0.3911693835897105,0.6088306164102895
GTPBP4,0.3274524616343634,0.6725475383656365
GTPBP6,0.36964202858507633,0.6303579714149237
GTPBP8,0.40958874779088156,0.5904112522091185
GTSE1,0.44722956844738554,0.5527704315526145
GTSF1,0.735999308526516,0.26400069147348404
GUCD1,0.326835011930338,0.673164988069662
GUF1,0.3297901985102466,0.6702098014897534
GUK1,0.32700820320418905,0.672991796795811
GUSB,0.38366496855659143,0.6163350314434086
GXYLT1,0.41324018793446676,0.5867598120655333
GYG1,0.3752061078058822,0.6247938921941179
GYPC,0.5869693458080292,0.4130306541919708
GYS1,0.26285516942984294,0.7371448305701571
GZF1,0.2490735379646399,0.7509264620353601
GZMB,0.727578512259892,0.272421487740108
GZMM,0.6205700752990586,0.3794299247009414
H1-0,0.44575838318892885,0.5542416168110711
H1-10,0.42750498226710726,0.5724950177328927
H1-2,0.5205315676118646,0.4794684323881354
H1-4,0.5773460646825177,0.4226539353174823
H2AC11,0.5366088684116092,0.46339113158839085
H2AC13,0.594314663537911,0.40568533646208904
H2AC20,0.5234689826944044,0.47653101730559555
H2AC6,0.4475857615470886,0.5524142384529114
H2AC8,0.5288664028048515,0.47113359719514847
H2AJ,0.39884817892951624,0.6011518210704838
H2AX,0.4139259510806629,0.5860740489193371
H2AZ1,0.399213969707489,0.600786030292511
H2AZ2,0.3893984468387706,0.6106015531612294
H2BC11,0.5243912536118712,0.4756087463881288
H2BC12,0.46106227593762533,0.5389377240623747
H2BC15,0.48975005000829697,0.510249949991703
H2BC21,0.4736414716712066,0.5263585283287934
H2BC4,0.4830668850668839,0.5169331149331161
H2BC6,0.503934099738087,0.496065900261913
H2BC7,0.5446217235709939,0.4553782764290061
H2BC8,0.4868986058448042,0.5131013941551958
H2BC9,0.5117014289966652,0.48829857100333485
H3-3A,0.3975839590919869,0.602416040908013
H3-3B,0.5046651121228933,0.49533488787710667
H3-5,0.4782250736440931,0.5217749263559068
H3C10,0.5299019488905158,0.4700980511094842
H4C11,0.5010501478931734,0.49894985210682663
H4C5,0.6020432114601135,0.3979567885398865
H4C9,0.3786440967765624,0.6213559032234376
H6PD,0.42366941219994,0.57633058780006
HAAO,0.5914146591510091,0.4085853408489909
HABP4,0.38898783789149355,0.6110121621085065
HACD1,0.4533381478062698,0.5466618521937302
HACD2,0.359010960906744,0.640989039093256
HACD3,0.3820824569889477,0.6179175430110523
HACD4,0.4714732047702585,0.5285267952297414
HACL1,0.4607537585709776,0.5392462414290224
HADH,0.43717110476323534,0.5628288952367646
HADHA,0.23179199893742666,0.7682080010625734
HADHB,0.28507644809516414,0.7149235519048358
HAGH,0.38528285175561905,0.614717148244381
HAGHL,0.5943144623722348,0.40568553762776516
HAPLN3,0.5926192631678922,0.40738073683210785
HAR1A,0.48585147187778993,0.51414852812221
HARS1,0.3100223026371428,0.6899776973628572
HARS2,0.31268792413175106,0.6873120758682489
HAS3,0.4469846561551094,0.5530153438448906
HAT1,0.3579060190490314,0.6420939809509686
HAUS1,0.4916688379432474,0.5083311620567526
HAUS2,0.3378811539816005,0.6621188460183995
HAUS3,0.39702157729438375,0.6029784227056163
HAUS4,0.4291960027601038,0.5708039972398962
HAUS5,0.4428239031029599,0.5571760968970401
HAUS6,0.45049079081841875,0.5495092091815812
HAUS7,0.5474131117974009,0.45258688820259907
HAUS8,0.45154877805284094,0.5484512219471591
HAVCR1,0.7341852422271457,0.26581475777285435
HAVCR2,0.39531714575631277,0.6046828542436873
HAX1,0.3471915459792529,0.652808454020747
HBA2,0.5612695440649986,0.4387304559350014
HBB,0.6562147555606705,0.34378524443932945
HBEGF,0.44197358324059416,0.5580264167594058
HBP1,0.4135432709008455,0.5864567290991545
HBS1L,0.3143418179492333,0.6856581820507667
HCCS,0.3408763227718217,0.6591236772281783
HCFC1,0.3627880325407854,0.6372119674592146
HCFC1R1,0.3478003826125392,0.6521996173874608
HCFC2,0.3562767840921879,0.6437232159078121
HCG11,0.5583974554070404,0.44160254459295956
HCG18,0.3423065816418135,0.6576934183581865
HCG25,0.5268299462539809,0.47317005374601906
HCLS1,0.5524384719984872,0.44756152800151283
HCN2,0.4515185760600226,0.5484814239399773
HCP5,0.5278559545321124,0.4721440454678876
HCST,0.44739714743835585,0.5526028525616442
HDAC1,0.3088164832442999,0.6911835167557001
HDAC10,0.5565957091748714,0.44340429082512856
HDAC11,0.3799987006932497,0.6200012993067503
HDAC2,0.35209627422903267,0.6479037257709673
HDAC3,0.30433662741311956,0.6956633725868804
HDAC4,0.40384553532515255,0.5961544646748475
HDAC4-AS1,0.5455639184053455,0.45443608159465454
HDAC5,0.3235361317970923,0.6764638682029077
HDAC6,0.3729407127414431,0.627059287258557
HDAC7,0.30536380955683334,0.6946361904431666
HDAC8,0.3871544099279812,0.6128455900720188
HDC,0.6056431191308158,0.3943568808691842
HDDC2,0.36545496473887135,0.6345450352611286
HDDC3,0.44433161948940586,0.5556683805105942
HDGF,0.3113768936267921,0.6886231063732079
HDGFL2,0.3904191330075264,0.6095808669924736
HDGFL3,0.43993219014789375,0.5600678098521062
HDHD2,0.5515316740742752,0.44846832592572483
HDHD3,0.4188516435346433,0.5811483564653567
HDHD5,0.38111620156892706,0.6188837984310729
HDLBP,0.32296346354165245,0.6770365364583475
HDX,0.6388993029083524,0.3611006970916476
HEATR1,0.4414902984031609,0.5585097015968391
HEATR5A,0.38707095570862293,0.6129290442913771
HEATR5B,0.37695345149508547,0.6230465485049146
HEATR6,0.37411658625517574,0.6258834137448243
HEBP1,0.2834245515987277,0.7165754484012723
HEBP2,0.3572126307657787,0.6427873692342213
HECA,0.34093185727085384,0.6590681427291462
HECTD1,0.38057838353727547,0.6194216164627245
HECTD2,0.477149561047554,0.522850438952446
HECTD3,0.29147828177415896,0.708521718225841
HECTD4,0.42683585094554083,0.5731641490544592
HEG1,0.4110864754766226,0.5889135245233774
HEIH,0.4764843468687364,0.5235156531312636
HELB,0.568339178604739,0.43166082139526096
HELQ,0.35736683157405685,0.6426331684259432
HELZ,0.38690728614372866,0.6130927138562714
HELZ2,0.48199671666537014,0.5180032833346299
HEMK1,0.41244806189622196,0.587551938103778
HENMT1,0.5271907177354608,0.4728092822645392
HEPHL1,0.5267539524606296,0.4732460475393704
HERC1,0.37684428106461254,0.6231557189353875
HERC2,0.4271791438971247,0.5728208561028754
HERC3,0.38112796417304445,0.6188720358269555
HERC4,0.30153106578758787,0.6984689342124122
HERC5,0.5818761608430317,0.41812383915696827
HERC6,0.6261543950864247,0.3738456049135753
HERPUD1,0.3676445385244733,0.6323554614755267
HERPUD2,0.2645426063931414,0.7354573936068586
HES1,0.4169238678046635,0.5830761321953365
HES2,0.4821943712553808,0.5178056287446192
HES4,0.5056776159576007,0.49432238404239925
HESX1,0.5314737095364502,0.46852629046354977
HEXA,0.32764770090579987,0.6723522990942001
HEXA-AS1,0.46569647799645153,0.5343035220035485
HEXB,0.2776643238030374,0.7223356761969626
HEXD,0.5252240294856685,0.4747759705143315
HEXIM1,0.3350753565984113,0.6649246434015887
HEXIM2,0.579647389373609,0.42035261062639095
HEY1,0.6289495251008442,0.37105047489915577
HEYL,0.39664869462805136,0.6033513053719486
HGH1,0.35660789827150957,0.6433921017284905
HGS,0.3117650888328041,0.6882349111671959
HGSNAT,0.39451053898249355,0.6054894610175064
HHEX,0.5375327175217015,0.4624672824782985
HHIP,0.5962188339659146,0.4037811660340854
HHIP-AS1,0.5212168249168566,0.4787831750831434
HHIPL2,0.6279861804630075,0.37201381953699253
HIBADH,0.3620892789747034,0.6379107210252966
HIBCH,0.41190709067242487,0.5880929093275751
HIC1,0.404338021629623,0.5956619783703769
HIC2,0.4517202797744955,0.5482797202255045
HIF1A,0.46987087705305647,0.5301291229469436
HIF1A-AS3,0.5043493349637304,0.49565066503626964
HIF1AN,0.33602960860090597,0.663970391399094
HIGD1A,0.3507105122719492,0.6492894877280508
HIGD2A,0.4214101423110281,0.5785898576889719
HIKESHI,0.31230652265782866,0.6876934773421713
HILPDA,0.4826533554920128,0.5173466445079872
HINFP,0.343600509422166,0.656399490577834
HINT1,0.35668343851076706,0.6433165614892329
HINT3,0.3935343366382377,0.6064656633617622
HIP1,0.42799355036446024,0.5720064496355397
HIP1R,0.34040387719869614,0.6595961228013039
HIPK1,0.40806701772713233,0.5919329822728676
HIPK1-AS1,0.5371346513607672,0.4628653486392328
HIPK2,0.4086836664272206,0.5913163335727794
HIPK3,0.312525732974921,0.6874742670250791
HIRA,0.37269748294992106,0.627302517050079
HIRIP3,0.4046362601220608,0.5953637398779392
HIVEP1,0.453072903411729,0.546927096588271
HIVEP2,0.4027726019599608,0.5972273980400392
HJV,0.8291317650250026,0.17086823497499737
HK1,0.3205573804776317,0.6794426195223683
HK2,0.4510094134935311,0.5489905865064689
HK3,0.3909074985422194,0.6090925014577806
HKDC1,0.5969223401376179,0.4030776598623821
HLA-A,0.7593549543193409,0.24064504568065914
HLA-B,0.842642965061324,0.15735703493867603
HLA-C,0.8212842547467777,0.1787157452532223
HLA-DMA,0.5655826080058303,0.43441739199416973
HLA-DPA1,0.6161102556756565,0.38388974432434353
HLA-DPB1,0.5792421969984259,0.42075780300157406
HLA-DQA1,0.5617221455488887,0.43827785445111134
HLA-DQA2,0.6178331609283175,0.3821668390716825
HLA-DQB1,0.5833419859409332,0.4166580140590668
HLA-DQB1-AS1,0.6545282080769539,0.3454717919230461
HLA-DRA,0.6524678085531507,0.3475321914468493
HLA-DRB1,0.644787708563464,0.355212291436536
HLA-DRB5,0.6056735994560378,0.3943264005439622
HLA-E,0.731399943786008,0.26860005621399197
HLA-F,0.5650530223335538,0.4349469776664462
HLA-F-AS1,0.5081207613859858,0.49187923861401417
HLA-G,0.6415247629795756,0.3584752370204244
HLTF,0.5974952770130975,0.40250472298690254
HLX,0.4989499572132315,0.5010500427867686
HM13,0.2609578920944062,0.7390421079055938
HMBOX1,0.40147121702986105,0.5985287829701389
HMCES,0.36337990393596037,0.6366200960640396
HMG20A,0.401277701237372,0.598722298762628
HMG20B,0.3643299399742058,0.6356700600257942
HMGA1,0.377950039559177,0.622049960440823
HMGB1,0.3494082223623991,0.6505917776376009
HMGB2,0.4777153176920755,0.5222846823079246
HMGB3,0.4143988299848778,0.5856011700151222
HMGCL,0.31923532725444864,0.6807646727455514
HMGCR,0.37119234326694694,0.628807656733053
HMGCS1,0.4640450615968023,0.5359549384031976
HMGN1,0.40734447432415827,0.5926555256758417
HMGN2,0.4349059207098825,0.5650940792901176
HMGN3,0.5071535621370588,0.49284643786294124
HMGN4,0.3778250009885856,0.6221749990114144
HMGN5,0.60334434147392,0.39665565852608
HMGXB3,0.28683271784601466,0.7131672821539854
HMGXB4,0.4028052363012518,0.5971947636987482
HMOX2,0.28588452289945315,0.7141154771005469
HNRNPA0,0.34433103372742024,0.6556689662725798
HNRNPA1,0.4281291857893978,0.5718708142106022
HNRNPA1L2,0.4824519636375563,0.5175480363624436
HNRNPA2B1,0.4889889396727085,0.5110110603272915
HNRNPA3,0.37411957580064026,0.6258804241993597
HNRNPAB,0.38257353140839506,0.6174264685916049
HNRNPC,0.3258288975671998,0.6741711024328002
HNRNPD,0.3927740499909435,0.6072259500090564
HNRNPDL,0.3587577609079225,0.6412422390920776
HNRNPF,0.36928511650434565,0.6307148834956544
HNRNPH1,0.4227455175880875,0.5772544824119126
HNRNPH2,0.25949022859068854,0.7405097714093114
HNRNPH3,0.34136208333075047,0.6586379166692495
HNRNPK,0.326729121884065,0.673270878115935
HNRNPL,0.2828711792161422,0.7171288207838578
HNRNPM,0.3400700220039913,0.6599299779960087
HNRNPR,0.34149157388934065,0.6585084261106593
HNRNPU,0.4281236574585949,0.5718763425414051
HNRNPUL1,0.4304629561624357,0.5695370438375643
HNRNPUL2,0.3457665104152901,0.65423348958471
HOMER1,0.35295463260263205,0.647045367397368
HOMER2,0.46100209440503803,0.538997905594962
HOMER3,0.37668575474526733,0.6233142452547327
HOMEZ,0.383084880986384,0.616915119013616
HOOK2,0.4332780617156199,0.5667219382843801
HOOK3,0.36637889673667295,0.633621103263327
HOPX,0.5837553047708103,0.4162446952291897
HOTAIRM1,0.5549441743642092,0.4450558256357908
HOXA9,0.7627705974238259,0.2372294025761741
HOXB-AS1,0.6802165008016995,0.3197834991983005
HOXB1,0.5767700081425053,0.42322999185749466
HOXB2,0.6657726977552686,0.3342273022447314
HOXB3,0.6741559537393707,0.32584404626062935
HOXB4,0.676814116537571,0.32318588346242905
HOXB7,0.560031037245478,0.439968962754522
HOXC13,0.3630924203233527,0.6369075796766472
HOXC13-AS,0.3815742788969406,0.6184257211030594
HP1BP3,0.3645640502550772,0.6354359497449228
HPCAL1,0.3324083246822868,0.6675916753177131
HPF1,0.4088501664144652,0.5911498335855347
HPGD,0.672688786472593,0.327311213527407
HPGDS,0.5153884891686695,0.48461151083133047
HPRT1,0.3281968307814428,0.6718031692185572
HPS1,0.3283801239782146,0.6716198760217854
HPS3,0.44218274152704645,0.5578172584729535
HPS4,0.31804194840203437,0.6819580515979656
HPS5,0.3793069313147238,0.6206930686852762
HPS6,0.30591165859784397,0.694088341402156
HR,0.4509232315633978,0.5490767684366022
HRAS,0.35634043513398084,0.6436595648660192
HRC,0.7184949932353837,0.2815050067646163
HS1BP3,0.20065700620346302,0.799342993796537
HS2ST1,0.3442530184984207,0.6557469815015793
HS3ST1,0.5306755538497653,0.4693244461502347
HS6ST1,0.41613506552364143,0.5838649344763586
HSBP1,0.29143725894391537,0.7085627410560846
HSBP1L1,0.4878864267042705,0.5121135732957295
HSCB,0.4237056204250881,0.5762943795749119
HSD11B1L,0.6121361798473767,0.38786382015262333
HSD17B1,0.4647753345114844,0.5352246654885155
HSD17B10,0.3842013595359666,0.6157986404640334
HSD17B11,0.46132092284304754,0.5386790771569525
HSD17B12,0.3477937233235155,0.6522062766764845
HSD17B14,0.5482149733496564,0.4517850266503436
HSD17B4,0.36073924015675274,0.6392607598432473
HSD17B7,0.442619871880327,0.5573801281196731
HSD17B8,0.3880696365875857,0.6119303634124142
HSDL1,0.2874361647825156,0.7125638352174843
HSDL2,0.3331722699637924,0.6668277300362075
HSF1,0.2680840473996276,0.7319159526003725
HSF2,0.4443850344313042,0.5556149655686957
HSH2D,0.592427060008049,0.407572939991951
HSP90AA1,0.6975608915090561,0.3024391084909439
HSP90AB1,0.5828578711620399,0.4171421288379601
HSP90B1,0.4702476260385343,0.5297523739614657
HSPA12A,0.37959162505077465,0.6204083749492253
HSPA13,0.3783625649022205,0.6216374350977796
HSPA1A,0.5133584812283516,0.4866415187716484
HSPA1B,0.461932581450258,0.538067418549742
HSPA1L,0.3968989024204867,0.6031010975795132
HSPA2,0.5428182684949466,0.45718173150505337
HSPA4,0.3165176188506718,0.6834823811493282
HSPA4L,0.5014335917575019,0.4985664082424981
HSPA5,0.5237031634896994,0.47629683651030064
HSPA6,0.6169844855155263,0.3830155144844737
HSPA8,0.6535792467849595,0.3464207532150405
HSPA9,0.3883529172411987,0.6116470827588013
HSPB1,0.48596056391085896,0.514039436089141
HSPB3,0.5008950659206935,0.49910493407930645
HSPB7,0.7517970438514437,0.24820295614855625
HSPB8,0.5834728841270719,0.4165271158729281
HSPBAP1,0.40426498119320187,0.5957350188067981
HSPBP1,0.37794922505106243,0.6220507749489376
HSPD1,0.4242525284311601,0.5757474715688399
HSPE1,0.4315884751932962,0.5684115248067039
HSPG2,0.4563340576631682,0.5436659423368317
HSPH1,0.4275277256965637,0.5724722743034363
HTATIP2,0.3064154984562525,0.6935845015437475
HTATSF1,0.35775914123015745,0.6422408587698425
HTR1D,0.5434987763209003,0.45650122367909973
HTR3A,0.6477053761482239,0.3522946238517761
HTR7,0.4709639764790024,0.5290360235209977
HTRA2,0.29589731126491514,0.7041026887350849
HTRA3,0.44044313127441065,0.5595568687255894
HTT,0.3312312054580876,0.6687687945419124
HULC,0.5284200789672988,0.4715799210327012
HUS1,0.28072042596925584,0.7192795740307442
HUWE1,0.4013175396248698,0.5986824603751302
HVCN1,0.497270406889064,0.502729593110936
HYAL3,0.40272305213979315,0.5972769478602069
HYOU1,0.44663347250648905,0.5533665274935109
HYPK,0.6200362827096667,0.3799637172903333
IAH1,0.3109707145818642,0.6890292854181358
IARS1,0.38724261256200926,0.6127573874379908
IARS2,0.3074163939537747,0.6925836060462254
IBA57,0.4057497685509069,0.5942502314490932
IBTK,0.32369144407234024,0.6763085559276598
ICA1,0.6504376498716218,0.3495623501283782
ICA1L,0.6127013095787593,0.38729869042124065
ICAM1,0.5147212701184409,0.48527872988155907
ICAM2,0.5610902846923896,0.43890971530761036
ICAM3,0.672275439969131,0.327724560030869
ICE1,0.4027524920446532,0.5972475079553468
ICE2,0.36866862060768263,0.6313313793923174
ICMT,0.3084621711501053,0.6915378288498947
ICOSLG,0.6663007118872234,0.3336992881127766
ID1,0.46243831142783165,0.5375616885721684
ID2,0.6092008416141782,0.3907991583858218
ID3,0.42737671360373497,0.572623286396265
IDE,0.3904049026646784,0.6095950973353216
IDH1,0.4324444260980402,0.5675555739019598
IDH2,0.4099952442837613,0.5900047557162387
IDH3A,0.4048933700791427,0.5951066299208573
IDH3B,0.33313881871955736,0.6668611812804426
IDH3G,0.3176551309547254,0.6823448690452746
IDI1,0.3635519750948463,0.6364480249051536
IDI2-AS1,0.6336480379104614,0.3663519620895386
IDNK,0.4714402418051447,0.5285597581948553
IDO1,0.778129443526268,0.221870556473732
IDS,0.39533231167920996,0.60466768832079
IDUA,0.5310794029917035,0.46892059700829647
IER2,0.45512345486453604,0.544876545135464
IER3,0.43618491664528847,0.5638150833547115
IER3IP1,0.44008700363337994,0.5599129963666201
IER5,0.32537864255053656,0.6746213574494635
IER5L,0.5081101373902389,0.4918898626097611
IFFO1,0.5233073915754046,0.4766926084245954
IFFO2,0.4423345412526812,0.5576654587473189
IFI16,0.4024156780381288,0.5975843219618713
IFI27,0.5690414171133723,0.4309585828866277
IFI27L1,0.4586451979620116,0.5413548020379884
IFI27L2,0.3932888837797301,0.6067111162202699
IFI30,0.5693457650818995,0.4306542349181005
IFI35,0.5258554204234055,0.4741445795765945
IFI44,0.5810387272919927,0.4189612727080073
IFI44L,0.6771328821778297,0.32286711782217026
IFI6,0.679357036948204,0.32064296305179596
IFIH1,0.5523639459695134,0.44763605403048656
IFIT1,0.677539841404983,0.322460158595017
IFIT2,0.6170800392116819,0.38291996078831814
IFIT3,0.6583272814750671,0.34167271852493286
IFIT5,0.48504670496497837,0.5149532950350216
IFITM1,0.5717960074543953,0.4282039925456047
IFITM10,0.5546248001711709,0.4453751998288291
IFITM2,0.4373709484934807,0.5626290515065193
IFITM3,0.5188898997647422,0.4811101002352578
IFNAR1,0.2667432346248201,0.7332567653751799
IFNAR2,0.4557619733469827,0.5442380266530173
IFNGR1,0.413522569462657,0.586477430537343
IFNGR2,0.3309817240972604,0.6690182759027397
IFNLR1,0.3356759593422924,0.6643240406577076
IFRD1,0.45630375881280216,0.5436962411871978
IFRD2,0.3506588757570301,0.6493411242429699
IFT122,0.44345457426139284,0.5565454257386071
IFT172,0.5521468679819789,0.4478531320180211
IFT20,0.33066690154373646,0.6693330984562635
IFT22,0.44221138235713753,0.5577886176428625
IFT27,0.49052504556519644,0.5094749544348036
IFT43,0.38067122515557067,0.6193287748444294
IFT46,0.4027757149721895,0.5972242850278104
IFT52,0.37658943608403206,0.6234105639159679
IFT57,0.3711799540157829,0.628820045984217
IFT74,0.4851300593997751,0.5148699406002248
IFT80,0.4530782997608185,0.5469217002391815
IFT81,0.499799262200083,0.5002007377999169
IFT88,0.40797239249306066,0.5920276075069393
IFTAP,0.47052157084856716,0.5294784291514328
IGBP1,0.29358221031725407,0.7064177896827459
IGF2R,0.46395934905324665,0.5360406509467533
IGFBP2,0.598370084805148,0.401629915194852
IGFBP4,0.4496808892914227,0.5503191107085773
IGFBP5,0.6456247621348926,0.3543752378651074
IGFBP6,0.5353103333285877,0.4646896666714123
IGFBP7,0.36181660355733974,0.6381833964426602
IGFL3,0.5747566728719643,0.4252433271280357
IGFLR1,0.5346331958259855,0.46536680417401455
IGFN1,0.5856407928679671,0.4143592071320329
IGHA1,0.7520563900470734,0.24794360995292664
IGHE,0.5704250623072896,0.4295749376927104
IGHG1,0.752257913351059,0.24774208664894104
IGHG2,0.6489604913762638,0.35103950862373623
IGHG3,0.7124659727726664,0.28753402722733357
IGHG4,0.7326549866369793,0.26734501336302074
IGHGP,0.6566231027245522,0.34337689727544785
IGHM,0.738961116543838,0.261038883456162
IGHMBP2,0.4157636027250971,0.584236397274903
IGHV1-18,0.5967051583741393,0.4032948416258607
IGHV1-2,0.6448469055550439,0.35515309444495613
IGHV1-24,0.5953113250434399,0.40468867495656013
IGHV1-3,0.6703396748219218,0.3296603251780782
IGHV1-46,0.6324589454701969,0.3675410545298031
IGHV1-69,0.6098664551973343,0.3901335448026657
IGHV1-69D,0.6513119148356574,0.3486880851643426
IGHV2-26,0.642412791294711,0.35758720870528904
IGHV2-5,0.6185449957847595,0.3814550042152405
IGHV2-70,0.6596799780215535,0.34032002197844646
IGHV2-70D,0.7268786941255841,0.27312130587441585
IGHV3-11,0.6435148279581752,0.35648517204182484
IGHV3-13,0.6830674952694348,0.3169325047305652
IGHV3-15,0.574369517820222,0.42563048217977795
IGHV3-20,0.6788954894457545,0.3211045105542455
IGHV3-21,0.6452700804386821,0.35472991956131794
IGHV3-23,0.6194283057536397,0.3805716942463603
IGHV3-30,0.5816681842718806,0.4183318157281194
IGHV3-33,0.6258774123021534,0.37412258769784656
IGHV3-43,0.6812477494989123,0.3187522505010877
IGHV3-48,0.64338147853102,0.35661852146898
IGHV3-49,0.681331142783165,0.318668857216835
IGHV3-53,0.5972456176366124,0.40275438236338756
IGHV3-64D,0.6208396389016083,0.3791603610983917
IGHV3-66,0.521231299000127,0.478768700999873
IGHV3-69-1,0.6154385688049453,0.3845614311950547
IGHV3-72,0.5853882825800351,0.41461171741996494
IGHV3-73,0.6486030529652324,0.35139694703476765
IGHV3-74,0.6072752188358989,0.39272478116410114
IGHV4-28,0.5993381440639496,0.4006618559360504
IGHV4-31,0.6602639321769986,0.33973606782300136
IGHV4-34,0.6534754910639354,0.34652450893606457
IGHV4-39,0.5918489971331188,0.4081510028668812
IGHV4-4,0.6398547025663512,0.36014529743364876
IGHV4-59,0.6247140179787364,0.3752859820212636
IGHV5-10-1,0.694569750555924,0.30543024944407604
IGHV5-51,0.6348230370453426,0.3651769629546574
IGHV5-78,0.7183626134480748,0.28163738655192516
IGHV6-1,0.5130406192370823,0.48695938076291767
IGHV7-4-1,0.8259548566171101,0.1740451433828899
IGIP,0.42208619522196905,0.577913804778031
IGKC,0.773374006152153,0.22662599384784698
IGKV1-12,0.5896079689264297,0.41039203107357025
IGKV1-16,0.6687636173197201,0.3312363826802799
IGKV1-27,0.6858029780643327,0.31419702193566734
IGKV1-5,0.616070246057851,0.383929753942149
IGKV1-6,0.622181943484715,0.377818056515285
IGKV1-8,0.6477829100830215,0.35221708991697853
IGKV1-9,0.6592553353735379,0.34074466462646213
IGKV1D-12,0.7588101593511445,0.2411898406488555
IGKV1D-13,0.5940001915608134,0.4059998084391866
IGKV1D-16,0.7058062734348434,0.29419372656515663
IGKV1D-17,0.7316470859306199,0.2683529140693801
IGKV1D-33,0.7102080647434507,0.28979193525654934
IGKV1D-8,0.5852917267807892,0.4147082732192108
IGKV1OR2-108,0.7272336600082261,0.2727663399917739
IGKV2-24,0.615590258368424,0.38440974163157604
IGKV2-28,0.7648176646658352,0.23518233533416477
IGKV2-30,0.6427306671227727,0.3572693328772273
IGKV2D-24,0.6678592642503125,0.3321407357496875
IGKV2D-29,0.5765497535467148,0.4234502464532852
IGKV3-11,0.5511903342391763,0.4488096657608237
IGKV3-15,0.5831888962004866,0.41681110379951336
IGKV3-20,0.6332107239535877,0.3667892760464123
IGKV3D-11,0.5865497158042022,0.41345028419579777
IGKV3D-15,0.6143474530960832,0.3856525469039168
IGKV3D-20,0.5953245934631143,0.4046754065368857
IGKV4-1,0.6045441749904837,0.39545582500951626
IGKV5-2,0.6742978457893644,0.32570215421063564
IGKV6-21,0.639662371150085,0.36033762884991505
IGLC2,0.6094980293086597,0.3905019706913403
IGLC3,0.6790298425725528,0.32097015742744717
IGLON5,0.49144736314857645,0.5085526368514235
IGLV1-36,0.6616266348532268,0.3383733651467732
IGLV1-40,0.6414734008056777,0.3585265991943223
IGLV1-44,0.6016758967723165,0.3983241032276835
IGLV1-47,0.61819767419781,0.38180232580219
IGLV10-54,0.744232317166669,0.25576768283333096
IGLV2-11,0.580859758492027,0.419140241507973
IGLV2-14,0.5819166558129447,0.4180833441870553
IGLV2-23,0.6276156529784203,0.37238434702157974
IGLV2-8,0.5686555371752807,0.4313444628247193
IGLV3-1,0.6348585103239331,0.36514148967606685
IGLV3-10,0.6508786018405642,0.34912139815943577
IGLV3-16,0.7479889999542918,0.2520110000457082
IGLV3-19,0.6477176078728267,0.35228239212717327
IGLV3-21,0.6328937272940364,0.36710627270596363
IGLV3-25,0.6587296351790428,0.3412703648209572
IGLV3-27,0.812274015375546,0.187725984624454
IGLV3-9,0.6785511289324079,0.3214488710675921
IGLV4-60,0.7522569937365395,0.24774300626346046
IGLV4-69,0.5610028654336929,0.43899713456630707
IGLV5-45,0.6691448922668185,0.3308551077331815
IGLV6-57,0.6530579434973853,0.34694205650261467
IGLV7-43,0.6646467904959407,0.33535320950405934
IGLV7-46,0.6606975016849381,0.3393024983150619
IGLV8-61,0.6735258677176067,0.3264741322823933
IGLV9-49,0.7354984602757862,0.26450153972421375
IGSF3,0.3749041006501232,0.6250958993498767
IGSF6,0.38382102615599123,0.6161789738440088
IGSF8,0.32051434700510334,0.6794856529948967
IK,0.3214598087860005,0.6785401912139994
IKBIP,0.2749291281881077,0.7250708718118923
IKBKB,0.4377701112202236,0.5622298887797764
IKBKE,0.5058681996805328,0.49413180031946724
IKBKG,0.3602209663284676,0.6397790336715323
IKZF1,0.5420737106885228,0.45792628931147716
IKZF2,0.6136126645973751,0.38638733540262493
IKZF3,0.7086089200207165,0.2913910799792835
IKZF4,0.552342142377581,0.44765785762241905
IKZF5,0.35227110742458273,0.6477288925754172
IL10RA,0.49685608968138695,0.503143910318613
IL10RB,0.44827950479728834,0.5517204952027117
IL10RB-DT,0.4603816175035068,0.5396183824964932
IL12RB1,0.5690025165677071,0.43099748343229294
IL12RB2,0.5958264624433858,0.4041735375566142
IL13RA1,0.35228540668530123,0.6477145933146988
IL15RA,0.5354188403912953,0.4645811596087047
IL16,0.5262954751295703,0.4737045248704297
IL17RA,0.2753868673212959,0.7246131326787041
IL17RC,0.3970202222200377,0.6029797777799624
IL17RE,0.3501871937686311,0.6498128062313688
IL18,0.45035632606595755,0.5496436739340425
IL18BP,0.543216772377491,0.456783227622509
IL18R1,0.5737059531467301,0.4262940468532699
IL18RAP,0.5460781353924956,0.4539218646075044
IL1A,0.5344311807836805,0.46556881921631954
IL1B,0.5340907509837832,0.4659092490162168
IL1F10,0.5472756773233414,0.45272432267665863
IL1R2,0.6923689778362002,0.3076310221637998
IL1RAP,0.40944808615105494,0.590551913848945
IL1RN,0.5347712534878936,0.46522874651210644
IL20RB,0.4384608691824334,0.5615391308175666
IL22RA1,0.37269291800579857,0.6273070819942015
IL26,0.5828150063753128,0.4171849936246872
IL27RA,0.6036118854369436,0.39638811456305645
IL2RA,0.4680432012038572,0.5319567987961429
IL2RB,0.5528964666383607,0.4471035333616393
IL2RG,0.560683397842305,0.43931660215769497
IL32,0.606151992721217,0.393848007278783
IL36RN,0.4890135271208627,0.5109864728791373
IL3RA,0.56662674673966,0.43337325326034004
IL4I1,0.567343458533287,0.43265654146671295
IL4R,0.40211376467985765,0.5978862353201424
IL5RA,0.5951281754033906,0.4048718245966094
IL6R,0.42083647501255783,0.5791635249874422
IL6ST,0.38383335354072706,0.616166646459273
IL7R,0.5144021612192903,0.4855978387807097
IL9R,0.6485446872455733,0.35145531275442665
ILF2,0.37704589563821045,0.6229541043617896
ILF3,0.3842091368777411,0.6157908631222588
ILF3-DT,0.4543742202222347,0.5456257797777653
ILK,0.4853538657937731,0.514646134206227
ILKAP,0.38030181638896465,0.6196981836110353
ILRUN,0.26363041853931335,0.7363695814606867
ILVBL,0.34767237837825504,0.652327621621745
IMMP1L,0.4510939892913614,0.5489060107086385
IMMP2L,0.437311158648559,0.562688841351441
IMMT,0.3263313017253365,0.6736686982746636
IMP3,0.3379594035712736,0.6620405964287264
IMP4,0.3403844428913934,0.6596155571086066
IMPA1,0.3437000047415495,0.6562999952584505
IMPA2,0.40508590186280863,0.5949140981371914
IMPACT,0.402603005990386,0.597396994009614
IMPDH1,0.3168803852583681,0.6831196147416319
IMPDH2,0.361916492293988,0.6380835077060121
INAFM1,0.4523341203374522,0.5476658796625478
INAFM2,0.35964558167116983,0.6403544183288301
INCENP,0.40949995975409237,0.5905000402459076
INE1,0.5329765544406005,0.46702344555939945
INF2,0.29503464605659246,0.7049653539434075
ING1,0.4469216125352042,0.5530783874647958
ING2,0.3323780626856855,0.6676219373143145
ING3,0.46051193347999025,0.5394880665200097
ING4,0.49265496698873384,0.5073450330112661
ING5,0.44520888078425613,0.5547911192157439
INHBA,0.4701464873339449,0.5298535126660551
INIP,0.356384988874197,0.643615011125803
INKA1,0.38541329173105104,0.6145867082689489
INKA2,0.4823672627764089,0.5176327372235912
INO80,0.36184160517794745,0.6381583948220526
INO80B,0.5132456922105381,0.48675430778946194
INO80C,0.39494217346821514,0.6050578265317849
INO80D,0.38397947885096073,0.6160205211490393
INO80E,0.31698527346764294,0.6830147265323571
INPP1,0.5525251073496682,0.4474748926503318
INPP4A,0.3871010089559214,0.6128989910440785
INPP4B,0.46373177426201956,0.5362682257379805
INPP5A,0.23405179235019855,0.7659482076498014
INPP5B,0.41904053118612083,0.5809594688138792
INPP5D,0.5567393398710659,0.44326066012893406
INPP5E,0.42385933521602837,0.5761406647839716
INPP5F,0.37960262490170343,0.6203973750982965
INPP5K,0.25949061701872517,0.7405093829812748
INPPL1,0.4011544351066862,0.5988455648933138
INSIG1,0.44775527183498653,0.5522447281650135
INSIG2,0.238400934530156,0.761599065469844
INSL3,0.5888495870998928,0.41115041290010723
INSR,0.4304805302194187,0.5695194697805813
INSYN1,0.5750733997140612,0.42492660028593876
INSYN2B,0.6272418030670711,0.3727581969329289
INTS1,0.32795114868453573,0.6720488513154643
INTS10,0.40654486045241356,0.5934551395475864
INTS11,0.3152063250807779,0.684793674919222
INTS12,0.31813900225928854,0.6818609977407115
INTS13,0.3224393030894654,0.6775606969105346
INTS14,0.33112600153045996,0.66887399846954
INTS2,0.3989785144637738,0.6010214855362261
INTS3,0.3524794706276485,0.6475205293723515
INTS4,0.3474710887031896,0.6525289112968105
INTS5,0.31806991109624505,0.681930088903755
INTS6,0.3102040743189199,0.6897959256810802
INTS6-AS1,0.5446873450917857,0.45531265490821426
INTS6L,0.5295858037258897,0.4704141962741103
INTS7,0.40204222513628857,0.5979577748637115
INTS8,0.3419905062764883,0.6580094937235117
INTS9,0.3940466174057552,0.6059533825942448
INTU,0.5670814540769372,0.4329185459230628
IP6K1,0.3016116451472044,0.6983883548527956
IP6K2,0.3662510562155928,0.6337489437844073
IP6K3,0.7242519940648761,0.27574800593512394
IPMK,0.38762189101959976,0.6123781089804002
IPO11,0.2908669862497066,0.7091330137502934
IPO13,0.282250980214615,0.7177490197853851
IPO4,0.4852565652025597,0.5147434347974402
IPO5,0.3044076596519777,0.6955923403480223
IPO7,0.3468848252170054,0.6531151747829946
IPO8,0.32609327643045355,0.6739067235695464
IPO9,0.3674792546246733,0.6325207453753268
IPP,0.4109726883471012,0.5890273116528988
IPPK,0.4665850954396384,0.5334149045603616
IQANK1,0.3963211090969188,0.6036788909030812
IQCB1,0.4938806002693517,0.5061193997306483
IQCE,0.38857749849557877,0.6114225015044212
IQCG,0.6452006963746888,0.3547993036253112
IQCH-AS1,0.5181084365717002,0.48189156342829975
IQCN,0.674390432025705,0.32560956797429497
IQGAP1,0.4343260321766138,0.5656739678233862
IQGAP2,0.5472461708954403,0.45275382910455975
IQGAP3,0.42853634857705664,0.5714636514229434
IQSEC1,0.3066686785646847,0.6933313214353153
IQSEC2,0.34483239613473415,0.6551676038652658
IQSEC3,0.6640228990997586,0.33597710090024135
IRAG2,0.7412482734237399,0.2587517265762601
IRAK1,0.33206187820594224,0.6679381217940578
IRAK1BP1,0.6095874990735736,0.39041250092642643
IRAK2,0.43972273942615303,0.560277260573847
IRAK3,0.6280841891254697,0.3719158108745303
IRAK4,0.3729884534009865,0.6270115465990135
IREB2,0.37875594977023347,0.6212440502297665
IRF1,0.5834905047501836,0.4165094952498164
IRF2,0.43485884900603977,0.5651411509939602
IRF2-DT,0.47513172988380703,0.524868270116193
IRF2BP1,0.4429199333701815,0.5570800666298186
IRF2BP2,0.3310523772878306,0.6689476227121693
IRF2BPL,0.3783872374998672,0.6216127625001329
IRF3,0.37678945117763113,0.6232105488223689
IRF4,0.6289669232709068,0.37103307672909325
IRF5,0.43853556444602354,0.5614644355539764
IRF6,0.35564999442015377,0.6443500055798462
IRF7,0.5504280546946185,0.44957194530538147
IRF9,0.60709712015731,0.39290287984269
IRGQ,0.3569424333316939,0.643057566668306
IRS1,0.37950999369578703,0.6204900063042129
IRS2,0.4829248897731304,0.5170751102268696
IRX5,0.5169312836868423,0.48306871631315773
ISCA1,0.30741094345492975,0.6925890565450703
ISCA2,0.3262509677026953,0.6737490322973048
ISCU,0.383416692593268,0.616583307406732
ISG15,0.6778074790324483,0.3221925209675517
ISG20,0.5343641016100135,0.46563589838998654
ISG20L2,0.2949211770402534,0.7050788229597467
ISOC1,0.4930005009685244,0.5069994990314757
ISOC2,0.41949156086359707,0.5805084391364029
IST1,0.24737717979587615,0.7526228202041239
ISY1,0.3876257687807083,0.6123742312192917
ISYNA1,0.607164957693645,0.392835042306355
ITCH,0.3272067079586642,0.6727932920413358
ITFG1,0.29725973840270725,0.7027402615972927
ITFG2,0.4285386566604887,0.5714613433395113
ITGA3,0.44689996380891117,0.5531000361910888
ITGA4,0.5220386417848724,0.47796135821512764
ITGA5,0.3258882066501038,0.6741117933498961
ITGA6,0.44267871763025013,0.5573212823697499
ITGA7,0.5757103732654026,0.42428962673459736
ITGA9,0.5745975651911327,0.4254024348088673
ITGA9-AS1,0.5014153154832977,0.49858468451670235
ITGAD,0.6490066791219371,0.3509933208780629
ITGAE,0.5152456190969262,0.48475438090307377
ITGAL,0.5252293114151273,0.4747706885848727
ITGAM,0.6159988694957325,0.38400113050426754
ITGAV,0.3992674587560551,0.6007325412439448
ITGAX,0.4485534911176988,0.5514465088823012
ITGB1,0.41994261954511913,0.5800573804548809
ITGB1BP1,0.2640445495489985,0.7359554504510015
ITGB2,0.5108813984053475,0.4891186015946525
ITGB3BP,0.4863215317683561,0.513678468231644
ITGB4,0.3589759628687586,0.6410240371312415
ITGB5,0.2710900330151032,0.7289099669848969
ITGB6,0.45213314944079946,0.5478668505592006
ITGB7,0.5668016746640205,0.43319832533597946
ITIH4,0.6288947303380285,0.37110526966197155
ITIH6,0.4925170128366777,0.5074829871633223
ITK,0.6211062063063894,0.37889379369361065
ITM2A,0.6132566886288779,0.38674331137112206
ITM2B,0.42799496970006395,0.572005030299936
ITM2C,0.5086735843547753,0.4913264156452247
ITPA,0.3283457335616861,0.6716542664383138
ITPK1,0.3044075633931373,0.6955924366068627
ITPKB,0.39430759168629137,0.6056924083137086
ITPKC,0.41824446618556976,0.5817555338144302
ITPR1,0.4598193269755159,0.540180673024484
ITPR2,0.44273946806788445,0.5572605319321156
ITPR3,0.4188737193388598,0.5811262806611401
ITPRID2,0.3752849208457129,0.624715079154287
ITPRIP,0.34087612957227975,0.6591238704277202
ITPRIPL2,0.46558002329298426,0.5344199767070157
ITSN2,0.4070910416942622,0.5929089583057379
IVD,0.5204432260777269,0.47955677392227314
IVL,0.4787041580836688,0.5212958419163312
IVNS1ABP,0.39157104066440035,0.6084289593355996
IWS1,0.29227609613112043,0.7077239038688796
JADE1,0.49693977886012625,0.5030602211398738
JADE2,0.5869532589401517,0.4130467410598483
JADE3,0.43522946749414715,0.5647705325058529
JAG1,0.3761709297874144,0.6238290702125856
JAG2,0.330019446422479,0.669980553577521
JAGN1,0.31702870316803455,0.6829712968319654
JAK1,0.34044324872749193,0.659556751272508
JAK2,0.5620888216154916,0.43791117838450844
JAK3,0.5847156899315971,0.41528431006840294
JAKMIP2,0.7349350644009454,0.26506493559905464
JARID2,0.36868017512772766,0.6313198248722723
JAZF1,0.4410266051334994,0.5589733948665006
JCHAIN,0.7058676917638097,0.2941323082361903
JDP2,0.4292422783161913,0.5707577216838087
JHY,0.4474293602896588,0.5525706397103411
JKAMP,0.3116078380761402,0.6883921619238598
JMJD1C,0.3403411653957197,0.6596588346042803
JMJD4,0.5048689661281449,0.4951310338718551
JMJD6,0.30410630708294256,0.6958936929170574
JMJD8,0.3817211099501167,0.6182788900498832
JMY,0.4013976766062634,0.5986023233937365
JOSD1,0.3660596731517996,0.6339403268482005
JOSD2,0.39683439981724533,0.6031656001827547
JPH2,0.649365345282214,0.350634654717786
JPH4,0.6164399800556046,0.38356001994439537
JPT1,0.3342460520299418,0.6657539479700583
JPT2,0.27220037479751874,0.7277996252024812
JPX,0.5702817514538765,0.4297182485461235
JRK,0.45991978528244154,0.5400802147175585
JRKL,0.3909452610782215,0.6090547389217785
JTB,0.4965541266969272,0.5034458733030728
JUN,0.4321880723748888,0.5678119276251112
JUNB,0.5098854015980449,0.49011459840195515
JUND,0.4947760972593512,0.5052239027406489
JUP,0.35556128175397006,0.6444387182460299
KALRN,0.44744318244712694,0.552556817552873
KANK1,0.40111244070742813,0.5988875592925719
KANK2,0.3714906095660159,0.6285093904339841
KANSL1,0.3719806945217507,0.6280193054782492
KANSL1-AS1,0.5739970558456012,0.42600294415439877
KANSL1L,0.48070830585701124,0.5192916941429888
KANSL2,0.3799269212675946,0.6200730787324054
KANSL3,0.37957198332462994,0.6204280166753701
KARS1,0.2646268330780523,0.7353731669219477
KAT14,0.44018321697201046,0.5598167830279895
KAT2A,0.3863779207957642,0.6136220792042357
KAT2B,0.4744162442428725,0.5255837557571275
KAT5,0.39043729645865305,0.6095627035413469
KAT6A,0.4725496167583125,0.5274503832416875
KAT6B,0.4775964356958866,0.5224035643041134
KAT7,0.39192311465740204,0.608076885342598
KAT8,0.3806483229356153,0.6193516770643848
KATNA1,0.3380964422332389,0.6619035577667611
KATNAL1,0.3554751431303365,0.6445248568696635
KATNAL2,0.6577496565878391,0.3422503434121609
KATNB1,0.31933068953055355,0.6806693104694465
KATNBL1,0.30368612573615145,0.6963138742638486
KATNIP,0.35085688238697393,0.649143117613026
KAZN,0.43685375952294897,0.5631462404770511
KBTBD2,0.28463822576616493,0.7153617742338351
KBTBD3,0.4521647957818849,0.5478352042181152
KBTBD4,0.4620398905660425,0.5379601094339574
KBTBD7,0.4634182501052107,0.5365817498947894
KBTBD8,0.37924261949956417,0.6207573805004358
KCMF1,0.24218883950795447,0.7578111604920456
KCNAB1,0.515124571110521,0.484875428889479
KCNAB2,0.4854007858250822,0.5145992141749178
KCNE5,0.5071302716221128,0.49286972837788723
KCNJ14,0.5135069047766072,0.4864930952233928
KCNJ15,0.4085529857714261,0.5914470142285739
KCNK5,0.5085116518395287,0.49148834816047127
KCNK6,0.38289198093116283,0.6171080190688372
KCNMA1,0.5358255383159433,0.46417446168405674
KCNMB1,0.44184198656252455,0.5581580134374755
KCNMB2-AS1,0.5320206752845219,0.4679793247154781
KCNMB3,0.6325357077377183,0.3674642922622817
KCNMB4,0.63706288593156,0.36293711406844
KCNN4,0.536552902843271,0.46344709715672905
KCNQ1,0.5576249989015716,0.4423750010984284
KCNQ1OT1,0.5417984654860837,0.4582015345139163
KCNQ5,0.5483689861638206,0.45163101383617943
KCTD1,0.4290929532476834,0.5709070467523166
KCTD10,0.22964556581739867,0.7703544341826013
KCTD11,0.3371199045463332,0.6628800954536668
KCTD12,0.3911660063479628,0.6088339936520373
KCTD13,0.4532564654946327,0.5467435345053673
KCTD15,0.34644978852676495,0.653550211473235
KCTD17,0.3911760819277593,0.6088239180722407
KCTD18,0.3829673778797899,0.61703262212021
KCTD2,0.28607990625979646,0.7139200937402035
KCTD20,0.3728427506451096,0.6271572493548905
KCTD21,0.2877437879963379,0.7122562120036622
KCTD3,0.4881216990096228,0.5118783009903771
KCTD5,0.2634160435825054,0.7365839564174945
KCTD6,0.5010652414390019,0.4989347585609981
KCTD7,0.4286822969360011,0.5713177030639989
KCTD9,0.3544738596039159,0.6455261403960841
KDELR1,0.2028082816728524,0.7971917183271476
KDELR2,0.2291232121642679,0.7708767878357321
KDM1A,0.3014500789078219,0.6985499210921782
KDM1B,0.3626311690147434,0.6373688309852565
KDM2A,0.3026891762523779,0.6973108237476221
KDM2B,0.38002753789935795,0.619972462100642
KDM3A,0.385452519303986,0.6145474806960141
KDM3B,0.40648464432784487,0.5935153556721551
KDM4A,0.3866376130442534,0.6133623869557465
KDM4A-AS1,0.6263826744897025,0.37361732551029747
KDM4B,0.29912675697622554,0.7008732430237745
KDM4C,0.3948592918791941,0.6051407081208059
KDM5A,0.3594383331281798,0.6405616668718201
KDM5B,0.317553771925824,0.682446228074176
KDM5C,0.3408725716705833,0.6591274283294166
KDM5D,0.732153978730951,0.267846021269049
KDM6A,0.44550145151359694,0.5544985484864031
KDM6B,0.4087664878794125,0.5912335121205875
KDM7A,0.42369321414402555,0.5763067858559745
KDM7A-DT,0.4092890758599554,0.5907109241400446
KDR,0.45028054394892286,0.5497194560510772
KDSR,0.31385286684547153,0.6861471331545285
KEAP1,0.38982815774423735,0.6101718422557627
KHDC4,0.4335924961737224,0.5664075038262776
KHDRBS1,0.293231593785874,0.706768406214126
KHDRBS3,0.6795701075877462,0.32042989241225384
KHK,0.6348239736897605,0.3651760263102395
KHNYN,0.3439596782305411,0.6560403217694589
KHSRP,0.3390422919765115,0.6609577080234885
KIAA0040,0.39009446650743484,0.6099055334925652
KIAA0232,0.3564010174678905,0.6435989825321096
KIAA0319L,0.28081186741058317,0.7191881325894168
KIAA0513,0.3831591366657189,0.6168408633342811
KIAA0586,0.37394831223147257,0.6260516877685274
KIAA0753,0.40970822157604353,0.5902917784239565
KIAA0825,0.5412278372262206,0.4587721627737794
KIAA0930,0.31846190909189837,0.6815380909081017
KIAA1143,0.36729336463447126,0.6327066353655287
KIAA1191,0.31070022537772146,0.6892997746222785
KIAA1328,0.48376923693077906,0.5162307630692209
KIAA1586,0.38434645693217007,0.6156535430678299
KIAA1614,0.48927144174064907,0.5107285582593509
KIAA1671,0.47863944300583433,0.5213605569941657
KIAA2013,0.24966168609846914,0.7503383139015308
KIDINS220,0.396897113482867,0.6031028865171331
KIF13A,0.3615171542125089,0.6384828457874911
KIF13B,0.4363431345139231,0.563656865486077
KIF14,0.4330147770898683,0.5669852229101318
KIF16B,0.3388519614402737,0.6611480385597264
KIF18A,0.48824518440025194,0.511754815599748
KIF1A,0.7333447486162186,0.26665525138378143
KIF1B,0.3395744236186147,0.6604255763813853
KIF1C,0.2959556695339935,0.7040443304660065
KIF20B,0.46903239084141596,0.530967609158584
KIF21A,0.477852927254779,0.522147072745221
KIF21B,0.48506284079381395,0.514937159206186
KIF22,0.378242568512048,0.6217574314879519
KIF23,0.41997065182243076,0.5800293481775692
KIF24,0.5967221888048309,0.40327781119516914
KIF26B,0.42223626747727394,0.5777637325227261
KIF27,0.5452072647001062,0.45479273529989384
KIF2A,0.40193139921341625,0.5980686007865837
KIF3A,0.3915974841053997,0.6084025158946003
KIF3B,0.3490755917238338,0.6509244082761663
KIF3C,0.3643745646945068,0.6356254353054932
KIF5B,0.4012338702699968,0.5987661297300032
KIF9,0.4846180427287306,0.5153819572712695
KIF9-AS1,0.4440195182604449,0.555980481739555
KIFAP3,0.29056278908891336,0.7094372109110867
KIFBP,0.3440693031464304,0.6559306968535696
KIFC1,0.4407003814620631,0.5592996185379369
KIFC3,0.3425471927704556,0.6574528072295445
KIN,0.3432556296299611,0.6567443703700389
KIR2DL4,0.634551998760019,0.365448001239981
KIRREL1,0.31484700293679324,0.6851529970632068
KIRREL2,0.7542429694107601,0.24575703058923992
KIRREL3,0.5015817124928746,0.49841828750712536
KIZ,0.39999003229396685,0.6000099677060331
KLC1,0.30636937118002344,0.6936306288199765
KLC2,0.361741981868233,0.638258018131767
KLF10,0.3738447121743645,0.6261552878256356
KLF11,0.48059041425585747,0.5194095857441425
KLF13,0.4122816153935024,0.5877183846064976
KLF16,0.3221932630985975,0.6778067369014025
KLF2,0.5136196022587163,0.4863803977412837
KLF3,0.34993263287469745,0.6500673671253026
KLF4,0.49880146394882885,0.5011985360511712
KLF5,0.4077871473772185,0.5922128526227814
KLF6,0.43923676998487543,0.5607632300151246
KLF7,0.2776666440934475,0.7223333559065526
KLF9,0.4768949236188616,0.5231050763811385
KLHDC1,0.56583207739251,0.43416792260749004
KLHDC10,0.3453440817871264,0.6546559182128736
KLHDC2,0.3916202852768557,0.6083797147231442
KLHDC3,0.33726885222962927,0.6627311477703708
KLHDC4,0.3849930563675506,0.6150069436324495
KLHDC7A,0.7767599416630608,0.22324005833693916
KLHDC7B,0.7594295697552818,0.24057043024471825
KLHDC7B-DT,0.5551285546805177,0.4448714453194823
KLHDC8B,0.45406551605888773,0.5459344839411122
KLHL12,0.346014579625002,0.653985420374998
KLHL13,0.5843155809811184,0.41568441901888165
KLHL15,0.44463107934487717,0.5553689206551229
KLHL18,0.3337438612111977,0.6662561387888023
KLHL2,0.34161777954016415,0.6583822204598359
KLHL20,0.3603128617895501,0.6396871382104499
KLHL21,0.3646168859475957,0.6353831140524042
KLHL22,0.4085239847855909,0.5914760152144092
KLHL24,0.5251914773668561,0.4748085226331439
KLHL25,0.3525736535500203,0.6474263464499797
KLHL26,0.4253942309213536,0.5746057690786464
KLHL28,0.3626147796000753,0.6373852203999246
KLHL3,0.4819289099957262,0.5180710900042738
KLHL30,0.7306586993592126,0.26934130064078743
KLHL35,0.74869554489851,0.25130445510149
KLHL36,0.284109971486032,0.715890028513968
KLHL41,0.785004124045372,0.214995875954628
KLHL42,0.4071015856627907,0.5928984143372094
KLHL5,0.3737249222717115,0.6262750777282885
KLHL6,0.506418205265488,0.493581794734512
KLHL7,0.2869537358721053,0.7130462641278947
KLHL8,0.3805910195889218,0.6194089804110783
KLHL9,0.46117487443344934,0.5388251255665506
KLK1,0.5330282290066991,0.4669717709933009
KLK14,0.6947895405547959,0.3052104594452041
KLK5,0.4998643105583532,0.5001356894416469
KLK7,0.4874212523656232,0.5125787476343768
KLRG2,0.5394698988114085,0.4605301011885915
KLRK1,0.5790158818875041,0.4209841181124959
KLRK1-AS1,0.5450268872082233,0.45497311279177666
KMT2A,0.40179689627672943,0.5982031037232706
KMT2B,0.39500790468550157,0.6049920953144985
KMT2C,0.41153139248490334,0.5884686075150967
KMT2D,0.46537624884928974,0.5346237511507103
KMT2E,0.3920970955597503,0.6079029044402497
KMT2E-AS1,0.4743834249675274,0.5256165750324726
KMT5A,0.3530070712523801,0.6469929287476199
KMT5B,0.2876700253358909,0.7123299746641091
KMT5C,0.4357657214360578,0.5642342785639423
KNDC1,0.6569919181721551,0.3430080818278449
KNL1,0.4846761231975896,0.5153238768024104
KNOP1,0.3810804236148085,0.6189195763851916
KNSTRN,0.39069288676338537,0.6093071132366146
KPNA1,0.3177594852500728,0.6822405147499272
KPNA2,0.38850728794932365,0.6114927120506763
KPNA3,0.3150802659136908,0.6849197340863091
KPNA4,0.3143734537131552,0.6856265462868447
KPNA5,0.46958208669509205,0.530417913304908
KPNA6,0.3428205805165427,0.6571794194834573
KPNB1,0.3240517094465239,0.6759482905534762
KPRP,0.669325586940561,0.330674413059439
KPTN,0.3791398709373815,0.6208601290626186
KRAS,0.3820504333291735,0.6179495666708266
KRBA1,0.346295046753117,0.653704953246883
KRBA2,0.5297670768839973,0.47023292311600273
KRBOX4,0.39979346309389385,0.6002065369061061
KRCC1,0.46632624736854006,0.5336737526314599
KREMEN1,0.5319518101002488,0.46804818989975117
KRI1,0.3790225695286478,0.6209774304713522
KRIT1,0.4403585594679628,0.5596414405320371
KRR1,0.3905479210828032,0.6094520789171969
KRT1,0.7577006199530193,0.2422993800469807
KRT10,0.7511900195053646,0.24880998049463543
KRT13,0.791891166142055,0.20810883385794499
KRT15,0.6950372127549989,0.30496278724500114
KRT18,0.5471755042672157,0.45282449573278427
KRT19,0.7751487897975105,0.22485121020248955
KRT2,0.7130923696926662,0.2869076303073338
KRT4,0.7804646044969559,0.21953539550304413
KRT6B,0.5600356544767108,0.4399643455232892
KRT6C,0.669815291251455,0.330184708748545
KRT74,0.6309261710516044,0.3690738289483956
KRT75,0.5063160285353661,0.49368397146463394
KRT76,0.768056547003133,0.23194345299686703
KRT8,0.6571899726986885,0.3428100273013115
KRT80,0.4488597195595503,0.5511402804404497
KRTCAP2,0.5466362780758313,0.45336372192416874
KSR1,0.5098492556384632,0.4901507443615368
KTI12,0.3887478302099875,0.6112521697900125
KTN1,0.3753346335142851,0.6246653664857149
KXD1,0.287420558942748,0.712579441057252
KY,0.7120691282408578,0.2879308717591422
KYAT3,0.3721787189798696,0.6278212810201305
KYNU,0.5768814384937286,0.42311856150627136
L1CAM,0.6171327776142529,0.3828672223857471
L2HGDH,0.442563387964453,0.557436612035547
L3HYPDH,0.41877792828849386,0.5812220717115062
L3MBTL2,0.3939242347010544,0.6060757652989456
L3MBTL3,0.3761181908526591,0.6238818091473409
L3MBTL4,0.7115324384399823,0.28846756156001774
LACC1,0.4606448534343924,0.5393551465656077
LACTB,0.2584647492372564,0.7415352507627436
LACTB2,0.43187956511974335,0.5681204348802567
LAGE3,0.4457626406635557,0.5542373593364442
LAIR1,0.4111831036529371,0.5888168963470629
LAMA3,0.47045815948929104,0.529541840510709
LAMA4,0.3937021411423172,0.6062978588576828
LAMA5,0.3045763823070696,0.6954236176929304
LAMB2,0.32094000943470746,0.6790599905652925
LAMB3,0.46771657892635893,0.5322834210736411
LAMC2,0.44208533057410804,0.557914669425892
LAMP1,0.3622747350683702,0.6377252649316298
LAMP2,0.30667580660831717,0.6933241933916828
LAMTOR1,0.306965694405205,0.693034305594795
LAMTOR2,0.33496701451284544,0.6650329854871546
LAMTOR3,0.2790268154016563,0.7209731845983437
LAMTOR4,0.4191725594656808,0.5808274405343192
LAMTOR5,0.346167125340019,0.6538328746599811
LAMTOR5-AS1,0.5597911365330219,0.4402088634669781
LANCL1,0.38285560852714945,0.6171443914728505
LANCL2,0.4676208235323429,0.5323791764676571
LANCL3,0.584191732108593,0.415808267891407
LAP3,0.5175490182425294,0.4824509817574706
LAPTM4A,0.2866858922310972,0.7133141077689028
LAPTM4B,0.38404739315488506,0.6159526068451149
LAPTM5,0.5445305311254093,0.4554694688745907
LARGE1,0.5209103104259286,0.4790896895740714
LARGE2,0.44518220032166156,0.5548177996783384
LARP1,0.36698135174810886,0.6330186482518911
LARP1B,0.41808285244873594,0.5819171475512641
LARP4,0.3586131746747664,0.6413868253252336
LARP4B,0.34921844210475683,0.6507815578952432
LARP7,0.36777015030384064,0.6322298496961594
LARS1,0.37258975713380743,0.6274102428661925
LARS2,0.374137339049152,0.625862660950848
LAS1L,0.35888533746557577,0.6411146625344242
LASP1,0.38003604526498486,0.6199639547350151
LAT,0.5259262866207531,0.47407371337924686
LAT2,0.3819349706172943,0.6180650293827057
LATS1,0.4153583177498409,0.5846416822501591
LATS2,0.31577338877000977,0.6842266112299902
LAX1,0.6519975332277161,0.34800246677228386
LBH,0.45559409101094517,0.5444059089890548
LBR,0.43579463234969545,0.5642053676503045
LBX2-AS1,0.45571101031133104,0.5442889896886689
LCA5,0.5232135975467307,0.4767864024532693
LCE1F,0.7086054299558912,0.29139457004410885
LCE3A,0.6816501415201596,0.31834985847984043
LCLAT1,0.3184092864394188,0.6815907135605812
LCMT1,0.32006190955040176,0.6799380904495982
LCN2,0.6526881892766271,0.3473118107233729
LCOR,0.38630934964333263,0.6136906503566674
LCORL,0.34600815389837536,0.6539918461016246
LCP1,0.633763099355357,0.366236900644643
LCP2,0.4758427467729364,0.5241572532270635
LDAH,0.3464945895331247,0.6535054104668754
LDB1,0.3409852968262775,0.6590147031737226
LDB2,0.36811057411666426,0.6318894258833357
LDB3,0.7992479524442128,0.20075204755578724
LDHA,0.450834779601012,0.5491652203989881
LDHB,0.529735302818673,0.470264697181327
LDLR,0.395552628540567,0.604447371459433
LDLRAD4,0.5384039575500148,0.4615960424499852
LDLRAP1,0.3205175900033542,0.6794824099966458
LDOC1,0.678211931671415,0.321788068328585
LEAP2,0.6854715006692069,0.3145284993307931
LEF1,0.5629449247249535,0.4370550752750465
LEKR1,0.5171324658606734,0.4828675341393266
LEMD2,0.28839503867285593,0.711604961327144
LEMD3,0.3543642243104322,0.6456357756895679
LENG1,0.37460346573165487,0.6253965342683452
LENG8,0.4419540629855224,0.5580459370144776
LEO1,0.3205549738236836,0.6794450261763164
LEPR,0.5113539690417903,0.4886460309582097
LEPROT,0.2919860169557588,0.7080139830442411
LEPROTL1,0.3212461293275867,0.6787538706724132
LETM1,0.3174104847546135,0.6825895152453865
LETM2,0.48320515932781355,0.5167948406721865
LETMD1,0.41175297115530285,0.5882470288446972
LFNG,0.47791168466210365,0.5220883153378963
LGALS1,0.43578470232231276,0.5642152976776873
LGALS12,0.5855918872569289,0.4144081127430711
LGALS3,0.42006527526038034,0.5799347247396196
LGALS3BP,0.44580581731029917,0.5541941826897008
LGALS7,0.6119063262428556,0.38809367375714443
LGALS8,0.349868454305189,0.650131545694811
LGALS9,0.5814957097172737,0.4185042902827263
LGALS9C,0.49335055026624886,0.5066494497337511
LGALSL,0.4511396751872131,0.5488603248127869
LGI3,0.6232537031173706,0.3767462968826294
LGI4,0.4517850090882608,0.5482149909117392
LGR4,0.501617436430284,0.498382563569716
LGR6,0.6878901443311146,0.3121098556688854
LHFPL2,0.33819474931806326,0.6618052506819367
LHPP,0.3769180716148445,0.6230819283851555
LIAS,0.4050957823970488,0.5949042176029512
LIF,0.572433127356427,0.42756687264357296
LIG1,0.5044088640383312,0.4955911359616688
LIG3,0.3780528304300138,0.6219471695699862
LIG4,0.38469528646341394,0.6153047135365861
LILRA2,0.4013989811230983,0.5986010188769018
LILRB2,0.4309266990582858,0.5690733009417142
LILRB3,0.47883517454777447,0.5211648254522255
LILRB5,0.4056990892360253,0.5943009107639747
LIMA1,0.38447760604321957,0.6155223939567804
LIMD1,0.39039794728159904,0.609602052718401
LIMD1-AS1,0.6087806650570461,0.3912193349429539
LIMD2,0.5519414341875485,0.4480585658124515
LIMK1,0.34431063250771593,0.6556893674922841
LIMK2,0.3224158499922071,0.6775841500077928
LIMS1,0.30408296289689524,0.6959170371031047
LIN37,0.5292247720062733,0.47077522799372673
LIN54,0.4190466877605234,0.5809533122394765
LIN7B,0.44228779351604836,0.5577122064839517
LIN7C,0.3247143543724503,0.6752856456275498
LIN9,0.5281861844871726,0.4718138155128274
LINC-PINT,0.4439440787370716,0.5560559212629284
LINC00115,0.46021596621721983,0.5397840337827802
LINC00174,0.4565842460308756,0.5434157539691244
LINC00205,0.5009959191083908,0.4990040808916092
LINC00243,0.4818810344274555,0.5181189655725444
LINC00265,0.5107211624937398,0.4892788375062602
LINC00278,0.6687403012599263,0.33125969874007366
LINC00294,0.32566806501043694,0.6743319349895631
LINC00310,0.4477856026164123,0.5522143973835877
LINC00324,0.4407265947333404,0.5592734052666596
LINC00339,0.6115270986088684,0.38847290139113155
LINC00342,0.7037541323474475,0.29624586765255245
LINC00426,0.5560921909553664,0.44390780904463356
LINC00467,0.47991284781268667,0.5200871521873134
LINC00511,0.5050861667841673,0.4949138332158327
LINC00513,0.50214237320636,0.49785762679364
LINC00528,0.6233442276716232,0.37665577232837677
LINC00571,0.40770330812249866,0.5922966918775013
LINC00623,0.49743418395519257,0.5025658160448074
LINC00641,0.4574026460094111,0.5425973539905888
LINC00662,0.47820315084287096,0.521796849157129
LINC00667,0.5040300126586642,0.4959699873413358
LINC00685,0.6153393302645002,0.38466066973549984
LINC00852,0.5607690076742854,0.4392309923257146
LINC00863,0.47179438546299934,0.5282056145370007
LINC00877,0.5198939155255046,0.48010608447449543
LINC00881,0.5847173418317523,0.4152826581682477
LINC00885,0.595996232437236,0.404003767562764
LINC00899,0.45105471674885067,0.5489452832511493
LINC00910,0.4507649040647915,0.5492350959352085
LINC00920,0.4428336689514773,0.5571663310485226
LINC00954,0.6803980310048375,0.31960196899516247
LINC00963,0.4399070883435862,0.5600929116564137
LINC00987,0.5252903215587139,0.4747096784412861
LINC00996,0.5517598023372037,0.4482401976627963
LINC01001,0.5845126509666443,0.4154873490333557
LINC01003,0.46444350321378025,0.5355564967862197
LINC01012,0.5210724563470909,0.4789275436529091
LINC01036,0.7477377993719918,0.2522622006280082
LINC01089,0.5868606780256543,0.41313932197434566
LINC01094,0.38113130852330607,0.6188686914766939
LINC01116,0.52507598059518,0.47492401940482
LINC01128,0.27294696771007565,0.7270530322899244
LINC01138,0.513135554002864,0.48686444599713596
LINC01140,0.6815509019153458,0.31844909808465416
LINC01176,0.4745819169495787,0.5254180830504214
LINC01191,0.5352457192327295,0.46475428076727054
LINC01220,0.42327953156616005,0.57672046843384
LINC01252,0.6953527299421174,0.3046472700578826
LINC01269,0.5809902522180762,0.4190097477819238
LINC01278,0.41017311438918114,0.5898268856108189
LINC01291,0.5682847430663449,0.4317152569336551
LINC01322,0.48490595551473753,0.5150940444852625
LINC01338,0.5066690487521035,0.4933309512478965
LINC01353,0.48276122393352644,0.5172387760664736
LINC01395,0.40434413995327695,0.595655860046723
LINC01409,0.5282426279570375,0.47175737204296253
LINC01410,0.4801132891859327,0.5198867108140672
LINC01465,0.4304912042404924,0.5695087957595075
LINC01473,0.5296331867575645,0.47036681324243546
LINC01504,0.5210207253694534,0.47897927463054657
LINC01522,0.6514614229755742,0.3485385770244258
LINC01547,0.42914760631642174,0.5708523936835783
LINC01569,0.5773714046393122,0.42262859536068775
LINC01572,0.4410581737756729,0.5589418262243271
LINC01588,0.3863890559545585,0.6136109440454415
LINC01597,0.6267325707844326,0.37326742921556744
LINC01605,0.46579946630767416,0.5342005336923259
LINC01619,0.6689085406916482,0.3310914593083518
LINC01629,0.639815596065351,0.360184403934649
LINC01671,0.5990050312663827,0.4009949687336173
LINC01725,0.6393759389008794,0.3606240610991206
LINC01770,0.5522725454398564,0.4477274545601436
LINC01772,0.537860743701458,0.462139256298542
LINC01857,0.5803993275122983,0.4196006724877017
LINC01907,0.44305529312363695,0.5569447068763631
LINC01948,0.48661515169910025,0.5133848483008998
LINC02019,0.543766260679279,0.456233739320721
LINC02073,0.5890951497214181,0.4109048502785819
LINC02156,0.3363809852993914,0.6636190147006086
LINC02159,0.5338227690330574,0.46617723096694264
LINC02175,0.5431849450937339,0.45681505490626606
LINC02207,0.4377438583012138,0.5622561416987861
LINC02256,0.5209909438022545,0.4790090561977455
LINC02362,0.7025570209537234,0.2974429790462766
LINC02447,0.5314812633608069,0.4685187366391931
LINC02482,0.5310953714485679,0.4689046285514321
LINC02604,0.4824117198586464,0.5175882801413536
LINC02605,0.7277111890060561,0.27228881099394386
LINC02609,0.5569719251777444,0.4430280748222556
LINC02615,0.5618782043457031,0.4381217956542969
LINC02680,0.5004430908177581,0.49955690918224194
LINC02846,0.4708405763709119,0.5291594236290881
LINC02878,0.6027527270572526,0.3972472729427474
LINGO1,0.4731964600006385,0.5268035399993616
LINS1,0.35245104746094774,0.6475489525390523
LIPA,0.3875946117831128,0.6124053882168872
LIPE,0.5643979694162097,0.4356020305837903
LIPE-AS1,0.5631656135831561,0.4368343864168439
LIPK,0.5926003339035171,0.4073996660964829
LIPT1,0.5160221734217235,0.4839778265782765
LITAF,0.37283513961093767,0.6271648603890623
LIX1L,0.38322468527725767,0.6167753147227424
LLGL1,0.3080746916654919,0.691925308334508
LLGL2,0.42211945514593807,0.5778805448540619
LLPH,0.3731305311833109,0.6268694688166891
LMAN1,0.3770837352744171,0.6229162647255829
LMAN2,0.38087030925921034,0.6191296907407897
LMAN2L,0.28273429561938557,0.7172657043806144
LMBR1,0.3439613777611937,0.6560386222388064
LMBR1L,0.31854007113724947,0.6814599288627505
LMBRD1,0.29886879213154316,0.7011312078684568
LMBRD2,0.3921272169266428,0.6078727830733572
LMCD1,0.49643941489713533,0.5035605851028646
LMF1,0.49710848927497864,0.5028915107250214
LMF2,0.36344894846635206,0.6365510515336479
LMLN,0.46787621666278156,0.5321237833372184
LMNA,0.38759854931517373,0.6124014506848263
LMNB1,0.48373193559902056,0.5162680644009794
LMNB2,0.3786322666066034,0.6213677333933967
LMO2,0.5351235813328198,0.4648764186671802
LMO4,0.5771246211869376,0.42287537881306236
LMO7,0.5615216131721225,0.43847838682787754
LMOD2,0.8235320427588054,0.17646795724119457
LMOD3,0.7755880632570812,0.22441193674291882
LMTK2,0.3961437985833202,0.6038562014166797
LMTK3,0.39302180441362516,0.6069781955863749
LMX1B,0.5825640186667442,0.41743598133325577
LNPEP,0.3511410118745906,0.6488589881254094
LNPK,0.3335111239658935,0.6664888760341066
LNX1,0.5894568370921272,0.41054316290787285
LNX2,0.3687176185527018,0.6312823814472982
LOH12CR2,0.49380977558238165,0.5061902244176184
LONP1,0.32712768523820807,0.6728723147617919
LONP2,0.2634818161480195,0.7365181838519805
LONRF1,0.5276918171771935,0.4723081828228065
LONRF2,0.6771193317004612,0.32288066829953876
LOXL3,0.5231693701020309,0.4768306298979691
LPAR3,0.38172825678650824,0.6182717432134918
LPAR5,0.34847200023276464,0.6515279997672354
LPAR6,0.49193895581577507,0.5080610441842249
LPCAT1,0.34879586153796743,0.6512041384620326
LPCAT2,0.40800285592143026,0.5919971440785697
LPCAT3,0.49904145672917366,0.5009585432708263
LPCAT4,0.3586642710225923,0.6413357289774078
LPGAT1,0.3757264305438314,0.6242735694561685
LPIN1,0.5035357336912837,0.4964642663087163
LPIN2,0.5281111704451698,0.47188882955483025
LPIN3,0.3135919684012021,0.6864080315987979
LPP,0.3834804289841226,0.6165195710158774
LPXN,0.45887273230722975,0.5411272676927703
LRATD2,0.4197221804144127,0.5802778195855873
LRBA,0.4148246935967888,0.5851753064032112
LRCH1,0.32573798671364784,0.6742620132863522
LRCH3,0.3638307928506817,0.6361692071493183
LRCH4,0.4602497954453741,0.5397502045546259
LRFN4,0.4851333014667034,0.5148666985332966
LRG1,0.5913769123809678,0.4086230876190322
LRIF1,0.4393986165523529,0.5606013834476471
LRIG2,0.36646160217268126,0.6335383978273188
LRIG3,0.4210049245240433,0.5789950754759567
LRMDA,0.48509805064116207,0.5149019493588379
LRP1,0.39236908964812756,0.6076309103518724
LRP10,0.34422439203730654,0.6557756079626935
LRP12,0.4479816901896681,0.552018309810332
LRP2BP,0.42064642580226064,0.5793535741977394
LRP4,0.5199989931924003,0.4800010068075997
LRP5,0.42872029702578274,0.5712797029742173
LRPAP1,0.32735214315887007,0.6726478568411299
LRPPRC,0.33940373946513447,0.6605962605348655
LRR1,0.37012852442317773,0.6298714755768222
LRRC1,0.4107847117951938,0.5892152882048062
LRRC14,0.38808487515364376,0.6119151248463562
LRRC15,0.48694950182523045,0.5130504981747696
LRRC20,0.4954583453280585,0.5045416546719415
LRRC23,0.44000857283494305,0.559991427165057
LRRC25,0.3945335413196257,0.6054664586803743
LRRC27,0.5069741574781281,0.49302584252187187
LRRC28,0.29256402275391985,0.7074359772460801
LRRC3,0.44871548137494494,0.551284518625055
LRRC34,0.5912392426814351,0.40876075731856487
LRRC36,0.5024354098630803,0.49756459013691967
LRRC37A2,0.48943014442920685,0.5105698555707932
LRRC37B,0.4364413164023842,0.5635586835976159
LRRC39,0.7141237386635372,0.2858762613364628
LRRC40,0.37396907593522755,0.6260309240647725
LRRC41,0.3049916488650654,0.6950083511349345
LRRC42,0.2700348279571959,0.7299651720428041
LRRC45,0.4504749636564936,0.5495250363435065
LRRC47,0.3144718185067177,0.6855281814932823
LRRC4B,0.7044631700430598,0.2955368299569402
LRRC57,0.3173365757933685,0.6826634242066315
LRRC58,0.38595395375575337,0.6140460462442466
LRRC59,0.26802723735038725,0.7319727626496128
LRRC61,0.5718161836266518,0.42818381637334824
LRRC63,0.5433262858007636,0.4566737141992364
LRRC69,0.441339093127421,0.558660906872579
LRRC75A,0.6671710003699575,0.33282899963004253
LRRC75B,0.4748449687446867,0.5251550312553133
LRRC8A,0.3592899867466518,0.6407100132533482
LRRC8B,0.4999964215925762,0.5000035784074238
LRRC8C,0.31588199455291033,0.6841180054470897
LRRC8C-DT,0.43352039863488506,0.566479601365115
LRRC8D,0.4123107647257192,0.5876892352742809
LRRCC1,0.5164582857063839,0.48354171429361614
LRRFIP1,0.33205938019922804,0.667940619800772
LRRFIP2,0.3577879007373537,0.6422120992626463
LRRK1,0.3887500584657703,0.6112499415342296
LRSAM1,0.32182756438851357,0.6781724356114864
LRWD1,0.36342010434184757,0.6365798956581524
LSG1,0.4072140638849565,0.5927859361150435
LSM1,0.4233031650739057,0.5766968349260944
LSM10,0.3495202051209552,0.6504797948790448
LSM11,0.42506447647299084,0.5749355235270092
LSM12,0.3385137024202517,0.6614862975797483
LSM14A,0.31422549412984935,0.6857745058701507
LSM14B,0.31366932365511146,0.6863306763448885
LSM2,0.37110444184924873,0.6288955581507513
LSM3,0.4084165822714567,0.5915834177285433
LSM4,0.3671644383243152,0.6328355616756848
LSM5,0.37679375601666315,0.6232062439833368
LSM6,0.3802443773352674,0.6197556226647326
LSM7,0.4263064222676413,0.5736935777323586
LSM8,0.4206296604658876,0.5793703395341123
LSMEM1,0.5093372522720269,0.49066274772797314
LSP1,0.5722608215042523,0.4277391784957477
LSR,0.4005064392196281,0.599493560780372
LSS,0.3353032472410372,0.6646967527589628
LST1,0.4023189890597548,0.5976810109402453
LTA,0.6389130705169269,0.3610869294830731
LTA4H,0.3318479928587164,0.6681520071412836
LTB,0.5268779913229602,0.4731220086770398
LTB4R,0.4300548881292343,0.5699451118707657
LTBP2,0.3999804988769548,0.6000195011230451
LTBP3,0.527293896568673,0.472706103431327
LTBP4,0.4924755548792226,0.5075244451207774
LTBR,0.281856173183769,0.718143826816231
LTC4S,0.6123386025428772,0.3876613974571228
LTF,0.8581695237330028,0.14183047626699719
LTN1,0.3846302181482315,0.6153697818517685
LTO1,0.5629809147545269,0.43701908524547306
LTV1,0.4057068404342447,0.5942931595657552
LUARIS,0.44301913040024893,0.5569808695997511
LUC7L,0.4009137919970921,0.5990862080029079
LUC7L2,0.3663939870893955,0.6336060129106045
LUC7L3,0.40816221811941694,0.5918377818805831
LUCAT1,0.48474936267094954,0.5152506373290504
LUM,0.5390849847878728,0.4609150152121272
LURAP1L,0.6056485931788173,0.39435140682118275
LUZP1,0.30739558049078497,0.692604419509215
LXN,0.5904569796153477,0.4095430203846523
LY6D,0.5565637137208667,0.44343628627913334
LY6E,0.5357768445142678,0.46422315548573223
LY6G5B,0.5579779972987515,0.4420220027012485
LY6G5C,0.5390735486788409,0.46092645132115906
LY6K,0.4839984883687326,0.5160015116312674
LY75,0.572016387113503,0.427983612886497
LY96,0.43175329374415533,0.5682467062558447
LYAR,0.3706352883683784,0.6293647116316217
LYL1,0.498189279543502,0.501810720456498
LYN,0.43164875943745884,0.5683512405625412
LYNX1,0.4120893216292773,0.5879106783707226
LYPD2,0.6618273034691811,0.33817269653081894
LYPD3,0.4813262330634253,0.5186737669365746
LYPD5,0.4779918910935521,0.5220081089064479
LYPLA1,0.3070893374803875,0.6929106625196124
LYPLA2,0.2749011289727475,0.7250988710272526
LYPLAL1,0.44316631821649416,0.5568336817835058
LYRM1,0.374611140361854,0.625388859638146
LYRM2,0.36355501493172987,0.6364449850682701
LYRM4,0.39792575314641,0.60207424685359
LYRM7,0.39712678481425556,0.6028732151857444
LYRM9,0.645345182291099,0.35465481770890095
LYSMD1,0.4104029302086149,0.589597069791385
LYSMD2,0.4439645840653351,0.5560354159346649
LYSMD3,0.33058232127223164,0.6694176787277684
LYSMD4,0.34476465572203907,0.6552353442779609
LYST,0.3566886636295489,0.6433113363704511
LYZ,0.6698568197233337,0.33014318027666634
LZIC,0.26640455052256584,0.7335954494774342
LZTFL1,0.42734115783657345,0.5726588421634266
LZTR1,0.4129422626325062,0.5870577373674938
LZTS2,0.3991114973489727,0.6008885026510273
M6PR,0.42294783677373615,0.5770521632262638
MACF1,0.41821920924953054,0.5817807907504695
MACIR,0.48872583199824604,0.511274168001754
MACO1,0.26387374635253635,0.7361262536474636
MACROH2A1,0.3152159362632249,0.684784063736775
MACROH2A2,0.4678861301924501,0.5321138698075498
MAD1L1,0.5147721203310149,0.48522787966898506
MAD2L1,0.46451473076428684,0.5354852692357132
MAD2L1BP,0.3507963812776974,0.6492036187223026
MAD2L2,0.3449793951585889,0.6550206048414111
MADD,0.3535148971048849,0.6464851028951151
MAEA,0.3087309009528586,0.6912690990471414
MAF,0.4935865780072553,0.5064134219927447
MAF1,0.3288099393248558,0.6711900606751442
MAFB,0.485871359705925,0.514128640294075
MAFF,0.3585919398548348,0.6414080601451653
MAFG,0.33647338427337153,0.6635266157266284
MAFK,0.33234429226389955,0.6676557077361005
MAG,0.6122369186154434,0.3877630813845566
MAGED1,0.42448946673955235,0.5755105332604477
MAGED2,0.3001569275345121,0.6998430724654878
MAGEF1,0.44156505752887043,0.5584349424711296
MAGEH1,0.41717337497643064,0.5828266250235694
MAGI3,0.5026455894112587,0.4973544105887413
MAGIX,0.5340209315930095,0.46597906840699055
MAGOH,0.38774555761899265,0.6122544423810073
MAGOHB,0.43218704046947615,0.5678129595305239
MAGT1,0.3417190962604114,0.6582809037395886
MAILR,0.44831761504922596,0.551682384950774
MAIP1,0.3499038988458259,0.6500961011541742
MAK,0.6676157414913177,0.33238425850868225
MAK16,0.4228755334126098,0.5771244665873903
MAL,0.7864689571516854,0.2135310428483146
MALL,0.4659417825085776,0.5340582174914223
MALSU1,0.33951953891664743,0.6604804610833526
MALT1,0.3284093975754721,0.671590602424528
MAML1,0.39483437075146605,0.6051656292485339
MAML2,0.43313826088394436,0.5668617391160556
MAML3,0.5002321382718427,0.49976786172815735
MAMLD1,0.46644068509340286,0.5335593149065971
MAN1A1,0.49919297652585165,0.5008070234741484
MAN1A2,0.3782802524843386,0.6217197475156614
MAN1B1,0.31639478801350507,0.6836052119864949
MAN1C1,0.5752321204968861,0.4247678795031139
MAN2A1,0.3556506277195045,0.6443493722804955
MAN2A2,0.5377258099615574,0.4622741900384426
MAN2B1,0.38845152088574003,0.61154847911426
MAN2B2,0.3302185859398118,0.6697814140601882
MAN2C1,0.37935271486639977,0.6206472851336002
MANBA,0.31537013737085673,0.6846298626291433
MANBAL,0.278973933733401,0.721026066266599
MANEA,0.41504828578659464,0.5849517142134053
MANF,0.3248754188950573,0.6751245811049427
MANSC1,0.491347215537514,0.508652784462486
MAOA,0.5717438172016825,0.42825618279831745
MAOB,0.6823707723191806,0.31762922768081936
MAP1A,0.5398516314370292,0.4601483685629708
MAP1LC3A,0.5759064384869167,0.4240935615130833
MAP1LC3B,0.25795930466015954,0.7420406953398404
MAP1LC3B2,0.4270635151437351,0.5729364848562649
MAP1S,0.42219155335000585,0.5778084466499942
MAP2K1,0.272596055109586,0.7274039448904139
MAP2K2,0.33283606890056816,0.6671639310994318
MAP2K3,0.3072513985846724,0.6927486014153277
MAP2K4,0.26333313395402264,0.7366668660459774
MAP2K5,0.406536162431751,0.593463837568249
MAP2K6,0.6004977832947459,0.3995022167052541
MAP2K7,0.34849908196234275,0.6515009180376572
MAP3K1,0.3915183214204652,0.6084816785795348
MAP3K10,0.37225037733358995,0.6277496226664101
MAP3K11,0.2709741796965578,0.7290258203034422
MAP3K12,0.49810983666351866,0.5018901633364814
MAP3K13,0.433634809085301,0.566365190914699
MAP3K14,0.4983109879706587,0.5016890120293414
MAP3K14-AS1,0.5177546814084053,0.4822453185915947
MAP3K2,0.32325355402593103,0.676746445974069
MAP3K2-DT,0.5161492702152047,0.48385072978479526
MAP3K20,0.3672005741723946,0.6327994258276054
MAP3K3,0.35138353685449275,0.6486164631455072
MAP3K4,0.35392569085317,0.64607430914683
MAP3K5,0.47431834042072296,0.525681659579277
MAP3K6,0.32670208286227925,0.6732979171377207
MAP3K7,0.30399923984493527,0.6960007601550647
MAP3K7CL,0.4150564130395651,0.5849435869604349
MAP3K8,0.489567370819194,0.510432629180806
MAP3K9,0.38574299116485883,0.6142570088351411
MAP4,0.32199522028011934,0.6780047797198807
MAP4K1,0.6208001119749886,0.37919988802501137
MAP4K2,0.29528425234769073,0.7047157476523093
MAP4K3,0.38796371487634523,0.6120362851236547
MAP4K4,0.28818529741173343,0.7118147025882666
MAP4K5,0.3049075265548059,0.6950924734451941
MAP7,0.3808479681611061,0.6191520318388939
MAP7D1,0.33438801978315624,0.6656119802168438
MAP7D3,0.3215517386394952,0.6784482613605047
MAP9,0.6990344811763082,0.3009655188236918
MAPK1,0.34697674135012285,0.6530232586498772
MAPK10,0.613885121686118,0.386114878313882
MAPK11,0.3922054315584579,0.6077945684415421
MAPK12,0.44742932862469126,0.5525706713753087
MAPK13,0.3949971944093704,0.6050028055906296
MAPK14,0.26836387453866856,0.7316361254613315
MAPK15,0.523660230317286,0.47633976968271396
MAPK1IP1L,0.2678531799132803,0.7321468200867197
MAPK3,0.2856184066539364,0.7143815933460635
MAPK6,0.39750204767499653,0.6024979523250035
MAPK6-DT,0.532412204359259,0.46758779564074104
MAPK7,0.2966312015695231,0.7033687984304768
MAPK8,0.3908106413270746,0.6091893586729253
MAPK8IP3,0.37258223204740454,0.6274177679525954
MAPK9,0.3393339195421764,0.6606660804578236
MAPKAP1,0.2548498833285911,0.745150116671409
MAPKAPK2,0.35492810224448995,0.6450718977555101
MAPKAPK3,0.3317929072571652,0.6682070927428347
MAPKAPK5,0.3985319043110524,0.6014680956889475
MAPKAPK5-AS1,0.4062466389898743,0.5937533610101258
MAPRE1,0.31731549969741274,0.6826845003025872
MAPRE2,0.36654859461954664,0.6334514053804534
MAPRE3,0.46758670040539335,0.5324132995946067
MARCHF2,0.3682051519198077,0.6317948480801923
MARCHF3,0.520718304174287,0.479281695825713
MARCHF5,0.3467098208410399,0.65329017915896
MARCHF6,0.35344887498234,0.64655112501766
MARCHF7,0.2977503065152892,0.7022496934847108
MARCHF8,0.3679454143026045,0.6320545856973955
MARCHF9,0.37570905153240475,0.6242909484675953
MARCKS,0.3304973939832832,0.6695026060167169
MARCKSL1,0.4780169810567583,0.5219830189432417
MARF1,0.34535163747412817,0.6546483625258719
MARK2,0.30055705245052067,0.6994429475494793
MARK3,0.26754749606230427,0.7324525039376957
MARK4,0.24987669156066009,0.7501233084393399
MARS1,0.3207129436944212,0.6792870563055788
MARS2,0.5077108001070363,0.4922891998929637
MARVELD1,0.32708533267889706,0.6729146673211029
MAST2,0.34831519637789043,0.6516848036221096
MAST3,0.37065522505768705,0.6293447749423129
MAST4,0.4251841487629073,0.5748158512370927
MASTL,0.41652518564036917,0.5834748143596309
MAT2A,0.4663646104080336,0.5336353895919663
MAT2B,0.39771593255656107,0.6022840674434389
MATK,0.5934251951319831,0.4065748048680169
MATN1-AS1,0.47616828765187946,0.5238317123481205
MAU2,0.36937139369547367,0.6306286063045263
MAVS,0.32428999132077607,0.6757100086792239
MAX,0.3454904460481235,0.6545095539518765
MAZ,0.36219150573015213,0.6378084942698479
MBD1,0.3211119526198932,0.6788880473801068
MBD2,0.31903433350713123,0.6809656664928687
MBD3,0.3972003124654293,0.6027996875345707
MBD4,0.4026657130037035,0.5973342869962965
MBD5,0.3617305127637727,0.6382694872362273
MBD6,0.4149012669388737,0.5850987330611264
MBIP,0.34873654693365097,0.651263453066349
MBLAC1,0.5176331970308509,0.48236680296914913
MBLAC2,0.49018349179199766,0.5098165082080024
MBNL1,0.38077737470822676,0.6192226252917732
MBNL2,0.3594010466975825,0.6405989533024175
MBNL3,0.47618912532925606,0.5238108746707439
MBOAT1,0.48885184047477587,0.5111481595252241
MBOAT2,0.3862528372555971,0.6137471627444029
MBOAT7,0.2768911374400237,0.7231088625599763
MBP,0.3849181594061,0.6150818405939
MBTD1,0.45411194541624617,0.5458880545837539
MBTPS1,0.2786867053114942,0.7213132946885058
MBTPS2,0.38519909365900923,0.6148009063409907
MC1R,0.46027728649122374,0.5397227135087763
MCAM,0.2941936230054125,0.7058063769945875
MCAT,0.4089043768388884,0.5910956231611115
MCC,0.388430831687791,0.611569168312209
MCCC1,0.48737567184226854,0.5126243281577314
MCCC2,0.4059102476707527,0.5940897523292473
MCEE,0.44535375226821217,0.5546462477317878
MCF2L2,0.4056175872683525,0.5943824127316475
MCFD2,0.2453663353475609,0.7546336646524391
MCL1,0.5088720356247255,0.4911279643752745
MCM2,0.5575231196624892,0.44247688033751076
MCM3,0.42340908146330286,0.5765909185366971
MCM3AP,0.42953830265573095,0.5704616973442691
MCM4,0.43575532574738773,0.5642446742526123
MCM5,0.4367978447782142,0.5632021552217858
MCM6,0.43430154025554657,0.5656984597444534
MCM7,0.46766053619129316,0.5323394638087069
MCM8,0.5156771689653397,0.48432283103466034
MCM9,0.41155450525028364,0.5884454947497164
MCMBP,0.34836599762950626,0.6516340023704937
MCOLN1,0.32320087190185276,0.6767991280981472
MCPH1,0.4162381804947342,0.5837618195052658
MCRIP1,0.40471168022070614,0.5952883197792939
MCRIP2,0.5125258644776685,0.48747413552233154
MCRS1,0.3476443716457912,0.6523556283542088
MCTP1,0.45462847793740885,0.5453715220625912
MCTP2,0.3913436838026558,0.6086563161973442
MCTS1,0.28326328304995385,0.7167367169500461
MCU,0.2881454527378082,0.7118545472621918
MCUB,0.41686604491301943,0.5831339550869805
MCUR1,0.35469741374254227,0.6453025862574577
MDC1,0.38971095133040634,0.6102890486695937
MDFIC,0.4028375380273376,0.5971624619726623
MDH1,0.36688578048987047,0.6331142195101296
MDH2,0.36559385733146754,0.6344061426685325
MDK,0.6211219227739743,0.37887807722602573
MDM1,0.550413544688906,0.449586455311094
MDM2,0.44035804990146843,0.5596419500985316
MDM4,0.4432709004197802,0.5567290995802199
MDN1,0.42632394656538963,0.5736760534346104
ME2,0.42622216205511776,0.5737778379448822
MEA1,0.32138093401278767,0.6786190659872123
MEAF6,0.2831306565286858,0.7168693434713143
MEAK7,0.3377947470705424,0.6622052529294575
MECP2,0.3277552205004862,0.6722447794995138
MECR,0.35532899679882185,0.6446710032011782
MED1,0.3774153741874865,0.6225846258125135
MED10,0.34535970172977876,0.6546402982702213
MED11,0.33797117894781487,0.6620288210521852
MED12,0.4406419289963586,0.5593580710036414
MED13,0.3701438893164907,0.6298561106835092
MED13L,0.4126931915857962,0.5873068084142038
MED14,0.3682935804660831,0.6317064195339168
MED14OS,0.47223443325076786,0.5277655667492321
MED15,0.2881708378637476,0.7118291621362525
MED16,0.3315720128427659,0.6684279871572341
MED17,0.3963205939424889,0.603679406057511
MED18,0.34170499656881603,0.658295003431184
MED19,0.3156052737363747,0.6843947262636253
MED20,0.32182386610656977,0.6781761338934302
MED21,0.35774716788104605,0.642252832118954
MED22,0.34384752144770964,0.6561524785522903
MED23,0.39168700682265417,0.6083129931773459
MED24,0.2905985980427691,0.7094014019572309
MED25,0.3231232451008899,0.6768767548991101
MED26,0.341340890952519,0.6586591090474809
MED27,0.3208939294064684,0.6791060705935317
MED28,0.3234494520085199,0.6765505479914802
MED29,0.29205003327557016,0.7079499667244298
MED30,0.37384690370942864,0.6261530962905714
MED31,0.3645941698923707,0.6354058301076293
MED4,0.3026072545243161,0.6973927454756839
MED6,0.30148414302883403,0.698515856971166
MED7,0.39400701969861984,0.6059929803013802
MED8,0.27290208850588116,0.7270979114941188
MED8-AS1,0.4350505258355822,0.5649494741644179
MED9,0.3669442163248147,0.6330557836751853
MEF2A,0.31906418981296675,0.6809358101870333
MEF2B,0.5496794794287,0.4503205205713
MEF2D,0.26810820919594597,0.7318917908040541
MEG3,0.5959388890436718,0.40406111095632824
MEGF6,0.5671952004943576,0.43280479950564243
MEGF8,0.43486732084836277,0.5651326791516372
MEGF9,0.4629161081143788,0.5370838918856212
MEI1,0.7609107579503741,0.2390892420496259
MEIS2,0.5355809325618404,0.46441906743815964
MELTF,0.5982393813984734,0.40176061860152656
MEMO1,0.33511824160814285,0.6648817583918571
MEN1,0.2876734109262803,0.7123265890737197
MEPCE,0.3704156158491969,0.6295843841508031
MERTK,0.5931381774800164,0.4068618225199836
MESD,0.2756493463945974,0.7243506536054025
MEST,0.5668952028666224,0.4331047971333776
METAP1,0.32939715310931206,0.6706028468906879
METAP2,0.3097974192351103,0.6902025807648897
METRN,0.4873212756855147,0.5126787243144852
METRNL,0.48681081113006386,0.5131891888699361
METTL1,0.36706581259412424,0.6329341874058758
METTL14,0.34839044804019587,0.6516095519598042
METTL15,0.38014616152005537,0.6198538384799446
METTL16,0.3237528236848967,0.6762471763151032
METTL17,0.3747473979767944,0.6252526020232057
METTL18,0.4173293221475823,0.5826706778524178
METTL21A,0.4490011233304228,0.5509988766695773
METTL22,0.276128876821271,0.7238711231787289
METTL23,0.3498512324544468,0.6501487675455532
METTL25,0.43156594250883373,0.5684340574911663
METTL26,0.38104180060327053,0.6189581993967295
METTL2A,0.3679933100938797,0.6320066899061203
METTL2B,0.37152492055403336,0.6284750794459666
METTL3,0.3752537516078779,0.6247462483921221
METTL4,0.4606139303318092,0.5393860696681908
METTL5,0.3024362288415432,0.6975637711584568
METTL6,0.36748140438326765,0.6325185956167323
METTL8,0.3510172311216593,0.6489827688783407
METTL9,0.2925632308636393,0.7074367691363608
MEX3A,0.632752959217344,0.367247040782656
MEX3B,0.5373597177011626,0.46264028229883736
MEX3C,0.3694415797612497,0.6305584202387503
MEX3D,0.3848423747611897,0.6151576252388102
MFAP1,0.29471580201892983,0.7052841979810702
MFAP2,0.36271740928558366,0.6372825907144164
MFAP3L,0.5451791052307401,0.4548208947692599
MFF,0.33977261651307344,0.6602273834869266
MFGE8,0.35588916710444857,0.6441108328955514
MFHAS1,0.45897807819502695,0.541021921804973
MFN1,0.3544394576123783,0.6455605423876217
MFN2,0.3053043964318931,0.6946956035681069
MFNG,0.6075066019381795,0.3924933980618205
MFSD1,0.36679028160870075,0.6332097183912992
MFSD10,0.31388207910848515,0.6861179208915149
MFSD11,0.310877773345315,0.689122226654685
MFSD12,0.33550483733415604,0.664495162665844
MFSD13A,0.47476612723299433,0.5252338727670056
MFSD14A,0.4875677760158266,0.5124322239841734
MFSD14B,0.3522425607911178,0.6477574392088822
MFSD2A,0.3867749414805855,0.6132250585194146
MFSD2B,0.4243465093480024,0.5756534906519977
MFSD3,0.40145375579595566,0.5985462442040443
MFSD4B,0.3334082388984306,0.6665917611015695
MFSD5,0.31310207370136467,0.6868979262986353
MFSD6,0.46286926737853457,0.5371307326214654
MFSD8,0.40816877835563253,0.5918312216443675
MFSD9,0.34817259439400267,0.6518274056059974
MGA,0.4240736684628895,0.5759263315371105
MGAM,0.6213395446538925,0.3786604553461075
MGAT1,0.33475978007274015,0.6652402199272598
MGAT2,0.4323356667799609,0.5676643332200391
MGAT3,0.8322314428431647,0.16776855715683525
MGAT4A,0.5617411924260003,0.4382588075739997
MGAT4B,0.31286432248141083,0.6871356775185892
MGAT5,0.35946493516010897,0.6405350648398911
MGC16275,0.5551164277962276,0.4448835722037724
MGLL,0.4560962138431413,0.5439037861568587
MGME1,0.37913083138742615,0.6208691686125738
MGMT,0.5306399097400052,0.4693600902599948
MGP,0.5914524969245706,0.4085475030754294
MGRN1,0.32897172555593507,0.671028274444065
MGST1,0.7198851502367428,0.2801148497632572
MGST2,0.4046371273164238,0.5953628726835762
MGST3,0.35862114786037375,0.6413788521396262
MHENCR,0.4742152209260634,0.5257847790739366
MIA2,0.38952785996454103,0.6104721400354589
MIA3,0.3440207735236202,0.6559792264763797
MIATNB,0.408467319394861,0.5915326806051391
MIB1,0.40743937103876043,0.5925606289612395
MIB2,0.4096178098448685,0.5903821901551315
MICA,0.384565292325403,0.615434707674597
MICAL1,0.39737657750291483,0.6026234224970852
MICAL3,0.3954814047153507,0.6045185952846492
MICALL1,0.2693801157708679,0.730619884229132
MICALL2,0.4163264573144261,0.5836735426855739
MICB,0.5377893740577357,0.46221062594226425
MICB-DT,0.5609533278537648,0.43904667214623516
MICOS10,0.48008805167462143,0.5199119483253786
MICOS13,0.38556856262896744,0.6144314373710326
MICU1,0.3055993165554745,0.6944006834445255
MICU2,0.34013259996260914,0.6598674000373909
MICU3,0.6706165362681661,0.3293834637318339
MID1IP1,0.42768245802393984,0.5723175419760602
MID2,0.3877432136131184,0.6122567863868815
MIDEAS,0.33088106236287523,0.6691189376371247
MIDN,0.34830873113657745,0.6516912688634225
MIEF1,0.33804404948438915,0.6619559505156108
MIEF2,0.37321326855037895,0.626786731449621
MIEN1,0.44792760961822103,0.552072390381779
MIER1,0.3507352625685079,0.6492647374314922
MIER2,0.32266672674034325,0.6773332732596568
MIER3,0.40461749689919607,0.595382503100804
MIF4GD,0.39446784981659483,0.6055321501834052
MIGA1,0.3611001559932317,0.6388998440067684
MIGA2,0.40826887663986,0.59173112336014
MIIP,0.38608681463769506,0.613913185362305
MILR1,0.5522270255855152,0.4477729744144848
MINDY1,0.39761129340955187,0.6023887065904481
MINDY2,0.3864800419126238,0.6135199580873762
MINDY3,0.3494426121136972,0.6505573878863028
MINK1,0.37998304622513907,0.620016953774861
MINPP1,0.35314541549554895,0.6468545845044511
MIOS,0.3142673039276685,0.6857326960723316
MIR155HG,0.553433499698128,0.44656650030187195
MIR17HG,0.625530189701489,0.374469810298511
MIR181A1HG,0.6310848849160331,0.3689151150839669
MIR181A2HG,0.4585613342268126,0.5414386657731873
MIR200CHG,0.532763351819345,0.467236648180655
MIR205HG,0.42062049279255526,0.5793795072074448
MIR2117HG,0.519350672938994,0.48064932706100605
MIR222HG,0.5798730275460652,0.4201269724539348
MIR223HG,0.578935335789408,0.42106466421059197
MIR22HG,0.3726599660835096,0.6273400339164904
MIR29B2CHG,0.5638008830802781,0.4361991169197219
MIR4435-2HG,0.30022588478667395,0.6997741152133261
MIR4453HG,0.49156459367700983,0.5084354063229901
MIR4458HG,0.5579746748719897,0.4420253251280103
MIR600HG,0.5034924452858311,0.49650755471416885
MIR646HG,0.6095563322305679,0.39044366776943207
MIR762HG,0.4593672289380005,0.5406327710619995
MIR99AHG,0.6972242338316781,0.3027757661683219
MIRLET7A1HG,0.5816218767847333,0.4183781232152667
MIRLET7BHG,0.5195424966514111,0.48045750334858894
MIS12,0.35901604486363276,0.6409839551363672
MIS18A,0.49835345468350817,0.5016465453164918
MIS18BP1,0.4268822489040239,0.5731177510959762
MISP3,0.538858604750463,0.461141395249537
MITD1,0.37406500561961104,0.6259349943803889
MITF,0.592799865773746,0.407200134226254
MKKS,0.41955775634518694,0.5804422436548131
MKLN1,0.36253257521561216,0.6374674247843879
MKLN1-AS,0.30456244681097033,0.6954375531890297
MKNK1,0.30261308580104795,0.697386914198952
MKNK2,0.38146718963980675,0.6185328103601933
MKRN1,0.3074047524548535,0.6925952475451465
MKRN2,0.38252627530268263,0.6174737246973174
MLC1,0.5860049788440976,0.41399502115590237
MLEC,0.3258736027138574,0.6741263972861427
MLF1,0.5824253920997892,0.41757460790021084
MLF2,0.2966326378019793,0.7033673621980208
MLH1,0.3549111710329141,0.645088828967086
MLH3,0.4193926573331867,0.5806073426668132
MLIP,0.7082344442605972,0.29176555573940277
MLKL,0.428286756255797,0.571713243744203
MLLT1,0.39673168611313614,0.6032683138868639
MLLT10,0.4064061152083533,0.5935938847916467
MLLT11,0.5681349049721446,0.4318650950278554
MLLT3,0.5384039330695357,0.4615960669304643
MLLT6,0.4543719728078161,0.5456280271921838
MLST8,0.30346623510039145,0.6965337648996086
MLX,0.2928336752312524,0.7071663247687476
MLXIP,0.2856635891699365,0.7143364108300635
MLYCD,0.3829384355672768,0.6170615644327232
MMAA,0.4686242922076157,0.5313757077923843
MMAB,0.45176502210753305,0.5482349778924669
MMACHC,0.4779102456356798,0.5220897543643201
MMADHC,0.2471802272734099,0.7528197727265901
MMGT1,0.26419584093881504,0.735804159061185
MMP12,0.4797892650323255,0.5202107349676746
MMP14,0.23537738536418015,0.7646226146358198
MMP17,0.33499862943842473,0.6650013705615753
MMP24OS,0.40939056500792503,0.590609434992075
MMP25-AS1,0.57454027608037,0.42545972391963005
MMRN2,0.47216859247003284,0.5278314075299672
MMS19,0.24863399897835084,0.7513660010216492
MMS22L,0.4633485839835235,0.5366514160164765
MMUT,0.3362602015425052,0.6637397984574949
MN1,0.38347373553551733,0.6165262644644827
MNAT1,0.3310963898631079,0.6689036101368921
MNDA,0.37427535174148424,0.6257246482585157
MNS1,0.6733207564268794,0.3266792435731206
MNT,0.30969563791794436,0.6903043620820557
MOAP1,0.3302549943327904,0.6697450056672096
MOB1A,0.32431050908884834,0.6756894909111517
MOB1B,0.3152241444747363,0.6847758555252637
MOB2,0.3074065127543041,0.6925934872456959
MOB3A,0.31696050853601526,0.6830394914639848
MOB3C,0.38344536402395796,0.6165546359760421
MOB4,0.33519222693783896,0.6648077730621611
MOCOS,0.5737773563180651,0.42622264368193485
MOCS1,0.39050051383674145,0.6094994861632586
MOCS2,0.35890472973031656,0.6410952702696835
MOCS3,0.36066174666796413,0.6393382533320359
MOGS,0.30806861631572247,0.6919313836842775
MON1A,0.34806131278829916,0.6519386872117008
MON1B,0.2893544082928981,0.710645591707102
MON2,0.36109982430934906,0.6389001756906509
MORC2,0.3429580796509981,0.6570419203490019
MORC3,0.38143632986715864,0.6185636701328414
MORC4,0.5137375029070037,0.4862624970929963
MORF4L1,0.27093313614438685,0.7290668638556131
MORF4L2,0.28546334768179804,0.714536652318202
MORN2,0.3951915344888611,0.604808465511139
MOSPD1,0.3612255049603326,0.6387744950396674
MOSPD2,0.36403762828558683,0.6359623717144132
MOSPD3,0.3447849097595151,0.655215090240485
MOV10,0.3984186330011913,0.6015813669988087
MPC1,0.4465161742908614,0.5534838257091386
MPC2,0.43462821734803064,0.5653717826519693
MPDU1,0.40093229923929485,0.5990677007607051
MPG,0.2874473472994786,0.7125526527005215
MPHOSPH10,0.338219891967518,0.661780108032482
MPHOSPH6,0.3039239253848791,0.6960760746151209
MPHOSPH8,0.3642058412411383,0.6357941587588617
MPHOSPH9,0.4650881372924362,0.5349118627075637
MPI,0.2993742373905012,0.7006257626094988
MPIG6B,0.547915942966938,0.452084057033062
MPLKIP,0.3196718522480556,0.6803281477519444
MPND,0.41600714144962175,0.5839928585503782
MPP1,0.3956758034016405,0.6043241965983595
MPPE1,0.41360349979783806,0.5863965002021619
MPRIP,0.2822527401149273,0.7177472598850727
MPST,0.39142236911824774,0.6085776308817523
MPV17,0.28174246328749825,0.7182575367125017
MPV17L,0.6378360560962132,0.3621639439037868
MPV17L2,0.3429698675338711,0.657030132466129
MPZ,0.6814359575510025,0.3185640424489975
MPZL1,0.30522159739796606,0.6947784026020339
MPZL3,0.345808413811028,0.654191586188972
MR1,0.39060369080730845,0.6093963091926915
MRAS,0.45738033497972147,0.5426196650202786
MRC1,0.5141211114823818,0.4858788885176182
MRE11,0.3858180022133248,0.6141819977866751
MREG,0.4303347697215421,0.569665230278458
MRFAP1,0.34536564842398676,0.6546343515760132
MRFAP1L1,0.33079809189907144,0.6692019081009286
MRGBP,0.2955125369397657,0.7044874630602342
MRI1,0.42690468047346386,0.5730953195265361
MRLN,0.6207780944449561,0.37922190555504387
MRM1,0.4206877771232809,0.5793122228767191
MRM3,0.42602026954825434,0.5739797304517457
MRNIP,0.523586073092052,0.47641392690794804
MROH1,0.28912147420591544,0.7108785257940846
MRPL20-AS1,0.40450132212468554,0.5954986778753144
MRRF,0.3396607381956918,0.6603392618043082
MRS2,0.3339597965989794,0.6660402034010207
MRTFA,0.2992864841861384,0.7007135158138615
MRTFB,0.3912690340408257,0.6087309659591743
MRTO4,0.29729030221434577,0.7027096977856542
MS4A1,0.7552651784249714,0.24473482157502857
MS4A2,0.4681710349063256,0.5318289650936744
MS4A4A,0.4183516286845718,0.5816483713154281
MS4A7,0.40950718122933594,0.5904928187706641
MSANTD2,0.4308807977608272,0.5691192022391728
MSANTD3,0.2948718036724521,0.705128196327548
MSANTD4,0.4123814781861646,0.5876185218138354
MSH2,0.44076574593782425,0.5592342540621758
MSH3,0.37132344900497366,0.6286765509950263
MSH5,0.6169789944376264,0.3830210055623736
MSH6,0.45633293049676077,0.5436670695032393
MSI2,0.5028969374086175,0.4971030625913825
MSL1,0.30830373907727854,0.6916962609227215
MSL2,0.37906256105218616,0.6209374389478138
MSL3,0.32742634655109476,0.6725736534489053
MSLN,0.6050254042659488,0.39497459573405125
MSMO1,0.3807911697242941,0.619208830275706
MSN,0.5267728936991521,0.47322710630084786
MSRA,0.48462115015302387,0.5153788498469761
MSRB1,0.41788595489093233,0.5821140451090676
MSRB2,0.42480324022471905,0.575196759775281
MSRB3,0.45311724128467695,0.5468827587153231
MSS51,0.5335420790527549,0.46645792094724514
MST1,0.5251844352377313,0.4748155647622687
MST1R,0.45737861735480173,0.5426213826451982
MSTO1,0.3767672878290926,0.6232327121709074
MT1E,0.5838563069701195,0.4161436930298805
MT1F,0.44529186135956217,0.5547081386404378
MT1X,0.4907028153538704,0.5092971846461296
MT2A,0.5397442334464618,0.46025576655353817
MTA1,0.3582894496087517,0.6417105503912484
MTA2,0.31799664348363876,0.6820033565163612
MTA3,0.3133580689983709,0.6866419310016292
MTAP,0.497580817767552,0.502419182232448
MTCH1,0.23377507519243018,0.7662249248075699
MTCH2,0.2867805146213089,0.7132194853786911
MTCL1,0.4468083687658821,0.5531916312341179
MTCP1,0.46650644285338266,0.5334935571466173
MTDH,0.32278217495019945,0.6772178250498005
MTERF1,0.46872710809111595,0.531272891908884
MTERF2,0.5184789629919189,0.48152103700808113
MTERF3,0.3810722604393959,0.6189277395606041
MTERF4,0.369735182129911,0.6302648178700889
MTF1,0.36763655660407885,0.6323634433959211
MTF2,0.34231254558211993,0.6576874544178801
MTFMT,0.35644195122378214,0.6435580487762178
MTFP1,0.3870103415600689,0.612989658439931
MTFR1,0.3202327907617603,0.6797672092382396
MTFR1L,0.37575687947017805,0.624243120529822
MTG1,0.5530656294098922,0.44693437059010777
MTG2,0.3295620423076408,0.6704379576923591
MTHFD1,0.38957162999681066,0.6104283700031894
MTHFD1L,0.3326814430100577,0.6673185569899422
MTHFD2,0.40809108476553646,0.5919089152344635
MTHFD2L,0.3977779243141413,0.6022220756858587
MTHFR,0.36234184354543686,0.6376581564545631
MTHFS,0.4765955004841089,0.5234044995158911
MTIF2,0.3519010107432093,0.6480989892567908
MTIF3,0.34179816355130505,0.658201836448695
MTLN,0.5105589984783104,0.48944100152168957
MTM1,0.3381331751921347,0.6618668248078653
MTMR1,0.4274605842573302,0.5725394157426698
MTMR10,0.37090817732470377,0.6290918226752962
MTMR12,0.35953801231724875,0.6404619876827513
MTMR14,0.31554768946287887,0.6844523105371212
MTMR2,0.27160438689004096,0.728395613109959
MTMR3,0.3329530850585018,0.6670469149414981
MTMR4,0.41069430033011095,0.5893056996698891
MTMR6,0.2986671792875443,0.7013328207124556
MTMR8,0.6585166326590947,0.34148336734090534
MTMR9,0.3060286624157535,0.6939713375842465
MTO1,0.35734498633870054,0.6426550136612994
MTOR,0.34993875745151726,0.6500612425484827
MTPAP,0.37318345212510656,0.6268165478748935
MTPN,0.3494624750954764,0.6505375249045235
MTR,0.404172401076981,0.5958275989230191
MTRES1,0.4443042411335877,0.5556957588664123
MTREX,0.36589042842388153,0.6341095715761185
MTRF1,0.3735212486769472,0.6264787513230528
MTRF1L,0.32271346676030327,0.6772865332396967
MTRR,0.3842856769583055,0.6157143230416945
MTSS1,0.3279494810849428,0.6720505189150572
MTSS2,0.4301862860364573,0.5698137139635426
MTURN,0.4243837730692966,0.5756162269307035
MTX1,0.327150539628097,0.6728494603719031
MTX2,0.3289810098774199,0.67101899012258
MUL1,0.22367226828022727,0.7763277317197728
MUS81,0.3445697357611997,0.6554302642388004
MUTYH,0.5414435493626765,0.45855645063732353
MVB12A,0.32081465635980877,0.6791853436401912
MVB12B,0.5836996829935482,0.41630031700645176
MVD,0.35108176099934746,0.6489182390006525
MVK,0.3648856290216957,0.6351143709783043
MVP,0.3972767192338194,0.6027232807661806
MX1,0.6485907286405563,0.35140927135944366
MX2,0.6282535578523364,0.3717464421476636
MXD1,0.4364387717630182,0.5635612282369817
MXD4,0.36503524519503117,0.6349647548049688
MXI1,0.39694929655109135,0.6030507034489087
MXRA7,0.32281244240169016,0.6771875575983098
MYADM,0.46430719936532633,0.5356928006346737
MYB,0.7609850764274597,0.23901492357254028
MYBBP1A,0.3416864603225674,0.6583135396774327
MYBL1,0.46908192123685566,0.5309180787631443
MYBPC2,0.7242479856525149,0.2757520143474851
MYBPH,0.7419087993247169,0.25809120067528313
MYC,0.3915478491357395,0.6084521508642605
MYCBP,0.3375189122078674,0.6624810877921326
MYCBP2,0.42297921808702604,0.577020781912974
MYCL,0.5338766330054828,0.4661233669945172
MYD88,0.40577023529580664,0.5942297647041934
MYDGF,0.3318864160350391,0.6681135839649609
MYEF2,0.7513878771236965,0.24861212287630352
MYEOV,0.6917165890336037,0.30828341096639633
MYH10,0.36110724670080735,0.6388927532991926
MYH14,0.5667394261275019,0.43326057387249806
MYH15,0.5769837179354259,0.4230162820645741
MYH3,0.6844175394092288,0.3155824605907712
MYH7,0.8370971488101142,0.1629028511898858
MYH9,0.5738973085369382,0.4261026914630618
MYL12A,0.3762552525315966,0.6237447474684035
MYL12B,0.4040482815887247,0.5959517184112753
MYL2,0.7974631573472705,0.20253684265272953
MYL6,0.383095046505332,0.616904953494668
MYL6B,0.46629825394068447,0.5337017460593155
MYL9,0.365183662556644,0.634816337443356
MYLIP,0.5975997054151126,0.40240029458488735
MYLK,0.4884117070053305,0.5115882929946696
MYLK4,0.5330636315047741,0.4669363684952259
MYNN,0.42613300228757517,0.5738669977124249
MYO10,0.3328199675306678,0.6671800324693322
MYO15B,0.601269611290523,0.39873038870947697
MYO16,0.5756440822567258,0.4243559177432742
MYO18A,0.39084665197879076,0.6091533480212092
MYO18B,0.7051729410886765,0.29482705891132355
MYO19,0.399809867143631,0.600190132856369
MYO1C,0.25408016241064096,0.745919837589359
MYO1D,0.3100108483007976,0.6899891516992024
MYO1F,0.48033146506973673,0.5196685349302632
MYO1G,0.5463049922670636,0.45369500773293636
MYO5A,0.3911508293822408,0.6088491706177592
MYO5B,0.5341030806303024,0.46589691936969757
MYO5C,0.6643543328557696,0.3356456671442304
MYO6,0.46718472029481617,0.5328152797051838
MYO7A,0.4990067072212696,0.5009932927787304
MYO9A,0.37232527296457973,0.6276747270354203
MYO9B,0.3246642867369311,0.6753357132630688
MYOF,0.33851556486583184,0.6614844351341682
MYOM1,0.709000748183046,0.29099925181695396
MYOM2,0.7308141440153122,0.2691858559846878
MYOM3,0.62995624010052,0.37004375989948
MYORG,0.3754529708198139,0.6245470291801861
MYOZ1,0.7508174244846616,0.2491825755153384
MYOZ2,0.8057541698217392,0.1942458301782608
MYOZ3,0.7933761498757771,0.2066238501242229
MYPOP,0.3871474005281925,0.6128525994718075
MYSM1,0.4183139944715159,0.581686005528484
MZF1,0.48321755922266413,0.5167824407773358
MZF1-AS1,0.48233713183019844,0.5176628681698016
MZT1,0.34456294854836805,0.6554370514516319
MZT2A,0.3834236309464489,0.6165763690535511
MZT2B,0.44028634258678984,0.5597136574132102
N4BP1,0.34191296795117004,0.6580870320488299
N4BP2,0.4103518304015909,0.589648169598409
N4BP2L1,0.5501095242798328,0.44989047572016716
N4BP2L2,0.36529528509293285,0.6347047149070671
N4BP2L2-IT2,0.5366269515029022,0.4633730484970978
N4BP3,0.4987175411411694,0.5012824588588306
NAA10,0.41263897131596294,0.5873610286840371
NAA15,0.328976046360497,0.6710239536395031
NAA16,0.38709336931684185,0.6129066306831581
NAA20,0.2715483003162912,0.7284516996837088
NAA25,0.3736912829003164,0.6263087170996836
NAA30,0.272710527160338,0.7272894728396619
NAA35,0.35258525157613413,0.6474147484238659
NAA38,0.41365642100572586,0.5863435789942741
NAA40,0.37630186708910124,0.6236981329108988
NAA50,0.38756496033498217,0.6124350396650178
NAA60,0.3077822759348367,0.6922177240651632
NAA80,0.37721909835402456,0.6227809016459754
NAAA,0.4607616274484566,0.5392383725515434
NAALADL1,0.5772933033960206,0.4227066966039794
NAALADL2,0.7134401872754097,0.2865598127245903
NAB1,0.4087255261838436,0.5912744738161564
NAB2,0.37141689604946543,0.6285831039505345
NABP1,0.37600701741342035,0.6239929825865796
NABP2,0.3875459874314921,0.6124540125685078
NACA,0.380272793716618,0.6197272062833821
NACA2,0.5022633921887193,0.4977366078112807
NACC1,0.29769207324300495,0.702307926756995
NACC2,0.30571106475378784,0.6942889352462122
NADK,0.31629009837550776,0.6837099016244923
NADK2,0.46587905819926945,0.5341209418007306
NADSYN1,0.40777101687022616,0.5922289831297738
NAE1,0.31237578448573394,0.687624215514266
NAF1,0.3492225257546774,0.6507774742453226
NAGA,0.3371997345238924,0.6628002654761076
NAGK,0.3389006677482809,0.6610993322517191
NAGLU,0.30709901159363134,0.6929009884063686
NAGPA,0.34140633259500774,0.6585936674049923
NAIF1,0.32680816216660397,0.6731918378333961
NAIP,0.6770680493542126,0.3229319506457874
NAMPT,0.5026091901319367,0.4973908098680633
NANS,0.33860178345016073,0.6613982165498393
NAP1L1,0.3979970371084554,0.6020029628915446
NAP1L2,0.582544883447034,0.41745511655296597
NAP1L4,0.32600356611822334,0.6739964338817767
NAP1L5,0.46660200506448746,0.5333979949355125
NAPA,0.35895741704319206,0.6410425829568079
NAPB,0.40132104977965355,0.5986789502203465
NAPG,0.30179482671831337,0.6982051732816866
NAPRT,0.39643751989517895,0.603562480104821
NAPSA,0.5459253851856504,0.45407461481434963
NARF,0.3494271564164332,0.6505728435835668
NARS1,0.375383707229048,0.624616292770952
NASP,0.4268844851425716,0.5731155148574284
NAT1,0.4674020680998053,0.5325979319001948
NAT10,0.34730903937348295,0.652690960626517
NAT8L,0.659248346728938,0.34075165327106205
NAT9,0.36659260120775017,0.6334073987922498
NATD1,0.35074664945048944,0.6492533505495106
NAV1,0.3563652892730066,0.6436347107269934
NAXD,0.31464799107717617,0.6853520089228238
NAXE,0.32177161558398176,0.6782283844160182
NBAS,0.29213530473810223,0.7078646952618978
NBDY,0.3388535509418164,0.6611464490581835
NBEA,0.7504923003060477,0.24950769969395226
NBEAL1,0.48116688217435566,0.5188331178256443
NBEAL2,0.42980173815573963,0.5701982618442604
NBL1,0.3973309232720307,0.6026690767279693
NBN,0.36871702862637384,0.6312829713736261
NBPF1,0.5161158032715321,0.48388419672846794
NBPF10,0.46931432985833715,0.5306856701416629
NBPF11,0.5212249691997256,0.4787750308002744
NBPF12,0.5134290302438396,0.48657096975616043
NBPF14,0.43220874454293934,0.5677912554570607
NBPF15,0.47998474006141933,0.5200152599385807
NBPF20,0.36940508149564266,0.6305949185043573
NBPF26,0.5738898792437145,0.4261101207562855
NBPF3,0.5278352701238224,0.47216472987617764
NBPF9,0.48184967626418385,0.5181503237358162
NBR1,0.3098413571050124,0.6901586428949875
NBR2,0.5064598002604076,0.4935401997395924
NCAPD2,0.44426789826580454,0.5557321017341954
NCAPD3,0.45114135476095335,0.5488586452390467
NCAPG,0.46377733403018545,0.5362226659698146
NCAPG2,0.45257915769304546,0.5474208423069545
NCAPH,0.46945293833102497,0.530547061668975
NCAPH2,0.39118777667837484,0.6088122233216251
NCBP1,0.32640514496181694,0.6735948550381831
NCBP2,0.34722659763480934,0.6527734023651907
NCBP2AS2,0.4233050287834236,0.5766949712165764
NCBP3,0.30459263468427317,0.6954073653157269
NCDN,0.3063831379903214,0.6936168620096785
NCEH1,0.5294314580304282,0.47056854196957176
NCF1,0.4936054641646998,0.5063945358353001
NCF4,0.4500296621450356,0.5499703378549644
NCK1,0.4796819974269186,0.5203180025730814
NCK1-DT,0.5434799316738333,0.45652006832616665
NCK2,0.32572200229125364,0.6742779977087463
NCKAP1,0.3347764476867659,0.6652235523132342
NCKAP1L,0.4554701346371855,0.5445298653628146
NCKAP5L,0.332024270934718,0.667975729065282
NCKIPSD,0.321780082902738,0.678219917097262
NCL,0.40468208624848295,0.595317913751517
NCLN,0.3184565787336656,0.6815434212663344
NCOA1,0.4270411407841103,0.5729588592158896
NCOA2,0.4429985503000872,0.5570014496999127
NCOA3,0.36743214234177557,0.6325678576582244
NCOA4,0.4606671572795936,0.5393328427204064
NCOA5,0.37836045558963505,0.621639544410365
NCOA6,0.38758171030453276,0.6124182896954673
NCOA7,0.5489280787961823,0.45107192120381767
NCOR1,0.37240253309054033,0.6275974669094597
NCOR2,0.36079768357532366,0.6392023164246763
NCS1,0.335603782374944,0.664396217625056
NCSTN,0.35320976057222914,0.6467902394277709
NDC80,0.5255861351532596,0.4744138648467404
NDE1,0.36241420305200983,0.6375857969479901
NDEL1,0.33205990719475914,0.6679400928052408
NDFIP1,0.2501081374939531,0.7498918625060469
NDFIP2,0.36933350642876966,0.6306664935712303
NDN,0.5820924070264611,0.41790759297353886
NDOR1,0.390161074165787,0.609838925834213
NDRG1,0.5737039728888443,0.42629602711115566
NDRG2,0.5528705380856991,0.4471294619143009
NDRG3,0.3548701594450644,0.6451298405549356
NDRG4,0.4572454097547701,0.5427545902452299
NDST1,0.2998171967088378,0.7001828032911622
NDST2,0.5371686720422336,0.4628313279577664
NDUFA1,0.36856972000428606,0.6314302799957139
NDUFA10,0.33845695161393713,0.6615430483860629
NDUFA11,0.5229758231767586,0.4770241768232414
NDUFA12,0.31353042045209023,0.6864695795479098
NDUFA13,0.4901475092130048,0.5098524907869952
NDUFA2,0.4064482120530946,0.5935517879469054
NDUFA3,0.4108599546764578,0.5891400453235422
NDUFA4,0.36904785382960525,0.6309521461703947
NDUFA4L2,0.5623696084533419,0.43763039154665806
NDUFA5,0.377740333921143,0.6222596660788571
NDUFA6,0.3759833180478641,0.6240166819521359
NDUFA6-DT,0.5242599424506936,0.47574005754930637
NDUFA7,0.5063684133014509,0.4936315866985491
NDUFA8,0.3600496965061341,0.6399503034938658
NDUFA9,0.47233715866293224,0.5276628413370678
NDUFAB1,0.34635700817619053,0.6536429918238095
NDUFAF1,0.34401813176061424,0.6559818682393858
NDUFAF2,0.38296255549149855,0.6170374445085014
NDUFAF3,0.3528426481144769,0.6471573518855231
NDUFAF4,0.42387416692716734,0.5761258330728327
NDUFAF5,0.43270289418952806,0.5672971058104719
NDUFAF6,0.43782857805490494,0.5621714219450951
NDUFAF7,0.3631524946540594,0.6368475053459406
NDUFAF8,0.4168449293023774,0.5831550706976226
NDUFB1,0.4028543984251363,0.5971456015748637
NDUFB10,0.3650906336094652,0.6349093663905347
NDUFB11,0.43483209131019457,0.5651679086898054
NDUFB2,0.36041189304419924,0.6395881069558007
NDUFB3,0.31939621618948877,0.6806037838105112
NDUFB4,0.3489517236926726,0.6510482763073274
NDUFB5,0.3850723329399313,0.6149276670600687
NDUFB6,0.39293494847204,0.60706505152796
NDUFB7,0.4333908318408898,0.5666091681591102
NDUFB8,0.5176380361829486,0.48236196381705143
NDUFB9,0.35867505201271604,0.641324947987284
NDUFC1,0.3520805859672172,0.6479194140327829
NDUFC2,0.4477395598909685,0.5522604401090315
NDUFS1,0.3637885419385774,0.6362114580614227
NDUFS2,0.36323968933096956,0.6367603106690305
NDUFS3,0.3851225610290255,0.6148774389709746
NDUFS4,0.3447940606357796,0.6552059393642204
NDUFS5,0.34662223793566227,0.6533777620643377
NDUFS6,0.405663901673896,0.594336098326104
NDUFS7,0.4389371749545847,0.5610628250454153
NDUFS8,0.35975056141614914,0.6402494385838509
NDUFV1,0.3367976437522365,0.6632023562477636
NDUFV2,0.5068309605121613,0.49316903948783875
NDUFV2-AS1,0.4427805809038026,0.5572194190961974
NDUFV3,0.36458481449101654,0.6354151855089835
NEAT1,0.5678517078714711,0.4321482921285289
NECAB3,0.3757777140874948,0.6242222859125053
NECAP1,0.306412168645433,0.6935878313545669
NECAP2,0.2895959241847907,0.7104040758152093
NECTIN1,0.3684177805802652,0.6315822194197348
NECTIN2,0.34768850994961603,0.6523114900503839
NECTIN3,0.6291442353810582,0.37085576461894176
NEDD1,0.4513592539089067,0.5486407460910934
NEDD4,0.3878375616456781,0.6121624383543218
NEDD4L,0.43226038105785847,0.5677396189421415
NEDD8,0.3325048126280308,0.6674951873719692
NEDD9,0.4901259254131998,0.5098740745868002
NEIL2,0.3887490503756063,0.6112509496243936
NEK1,0.3868318325174706,0.6131681674825293
NEK3,0.42460970926497665,0.5753902907350233
NEK4,0.441801232951028,0.558198767048972
NEK6,0.3451098573527166,0.6548901426472834
NEK7,0.3771744152264936,0.6228255847735065
NEK8,0.43189535156956743,0.5681046484304326
NEK9,0.33628489289964947,0.6637151071003505
NELFA,0.37473849739347187,0.6252615026065281
NELFB,0.31455975864082575,0.6854402413591743
NELFCD,0.34488936487053123,0.6551106351294688
NELFE,0.32710518395262106,0.6728948160473789
NELL2,0.5860189752919334,0.41398102470806664
NEMF,0.3868333141851638,0.6131666858148361
NEMP1,0.482925435262067,0.517074564737933
NEMP2,0.4092206780665687,0.5907793219334313
NENF,0.3902594604130302,0.6097405395869697
NEO1,0.5679243728518486,0.4320756271481514
NEPRO,0.3811083904334477,0.6188916095665523
NES,0.4860098473727703,0.5139901526272297
NET1,0.39351576114339487,0.6064842388566052
NETO2,0.4226578702884061,0.5773421297115939
NEU1,0.2821903760944094,0.7178096239055907
NEU3,0.4139772690832615,0.5860227309167385
NEURL1,0.7086127964513642,0.2913872035486358
NEURL4,0.3548543567636183,0.6451456432363817
NF1,0.4128239154815674,0.5871760845184326
NF2,0.32851460283356054,0.6714853971664394
NFAM1,0.5550703406333923,0.44492965936660767
NFASC,0.3858995682426861,0.6141004317573139
NFAT5,0.45230579376220703,0.547694206237793
NFATC1,0.4132491589656898,0.5867508410343102
NFATC2,0.5416689930217606,0.45833100697823936
NFATC2IP,0.30757296251665267,0.6924270374833473
NFATC3,0.4251434204301664,0.5748565795698336
NFE2,0.46783121675252914,0.5321687832474709
NFE2L1,0.381526238151959,0.6184737618480409
NFE2L2,0.5274970041854041,0.47250299581459587
NFE2L3,0.6683461346796581,0.3316538653203419
NFIA,0.5053671300411224,0.49463286995887756
NFIC,0.4359728752502373,0.5640271247497627
NFIL3,0.3348873124590942,0.6651126875409058
NFIX,0.5652041147862162,0.43479588521378376
NFKB1,0.4138424614710467,0.5861575385289532
NFKB2,0.4237137817378555,0.5762862182621444
NFKBIA,0.4487247775707926,0.5512752224292075
NFKBIB,0.3241895601552512,0.6758104398447489
NFKBID,0.4301151212837015,0.5698848787162984
NFKBIE,0.39340287260711193,0.6065971273928881
NFKBIL1,0.4058989978262356,0.5941010021737644
NFKBIZ,0.5427632044468608,0.45723679555313923
NFRKB,0.34698769064354046,0.6530123093564595
NFS1,0.3262287865925048,0.6737712134074951
NFU1,0.29265745875558685,0.7073425412444132
NFX1,0.3669620672506945,0.6330379327493054
NFXL1,0.42049927823245525,0.5795007217675447
NFYA,0.32743548176118303,0.6725645182388169
NFYB,0.43169490567275454,0.5683050943272454
NFYC,0.3289528328127095,0.6710471671872905
NFYC-AS1,0.6076303390519959,0.3923696609480041
NGDN,0.3464693283396108,0.6535306716603893
NGLY1,0.3313634659695838,0.6686365340304161
NGRN,0.4383018687367439,0.5616981312632561
NHEJ1,0.5001230378236089,0.4998769621763911
NHLH2,0.563261900629316,0.436738099370684
NHLRC2,0.38512512589139597,0.6148748741086041
NHLRC3,0.40123641597373144,0.5987635840262686
NHLRC4,0.6610475916947637,0.3389524083052363
NHP2,0.3557128855692489,0.6442871144307512
NHSL1,0.37397924650992664,0.6260207534900734
NHSL2,0.5566318934517247,0.4433681065482753
NIBAN1,0.5470225438475609,0.4529774561524391
NIBAN2,0.38558083958923817,0.6144191604107618
NIF3L1,0.42081973967807634,0.5791802603219236
NIFK,0.32145233771630694,0.678547662283693
NIFK-AS1,0.45538621502263205,0.544613784977368
NIN,0.3303601184992918,0.6696398815007082
NINJ1,0.47533448732325007,0.5246655126767499
NINJ2,0.5074073635041714,0.49259263649582863
NIP7,0.2971558526291379,0.7028441473708621
NIPA1,0.40178841778210234,0.5982115822178977
NIPA2,0.32072405117963043,0.6792759488203696
NIPAL2,0.37420767705355373,0.6257923229464463
NIPAL3,0.3549019055707114,0.6450980944292886
NIPAL4,0.47340661979147364,0.5265933802085263
NIPBL,0.3684328727956329,0.631567127204367
NIPBL-DT,0.5227102142359529,0.4772897857640471
NIPSNAP1,0.42440941450851305,0.5755905854914869
NIPSNAP2,0.5102957380669457,0.4897042619330543
NIPSNAP3A,0.37098026807819096,0.629019731921809
NISCH,0.3796663459922586,0.6203336540077413
NIT1,0.26852500771305393,0.7314749922869461
NIT2,0.32746282845203367,0.6725371715479663
NKAP,0.3595497254282236,0.6404502745717764
NKAPD1,0.3643232876701014,0.6356767123298985
NKD1,0.5317915199058396,0.4682084800941604
NKG7,0.6300432958773204,0.36995670412267956
NKILA,0.4475172707544906,0.5524827292455095
NKIRAS2,0.24093971917006587,0.7590602808299342
NKPD1,0.464859473119889,0.535140526880111
NKRF,0.328163368627429,0.671836631372571
NKTR,0.4376874789595604,0.5623125210404396
NKX1-2,0.5567172824272087,0.44328271757279125
NLE1,0.32893447524734903,0.6710655247526509
NLK,0.3631632225587964,0.6368367774412036
NLN,0.38185951193528517,0.6181404880647148
NLRC3,0.5014523493924311,0.4985476506075689
NLRC5,0.5352932406323296,0.46470675936767036
NLRP1,0.4153455133949007,0.5846544866050993
NLRP3,0.4094367063205157,0.5905632936794842
NLRP6,0.5242689299796309,0.4757310700203691
NLRX1,0.3330150706294392,0.6669849293705608
NMB,0.45661406431879314,0.5433859356812069
NMD3,0.3160499541887215,0.6839500458112785
NME1,0.3990974460861513,0.6009025539138487
NME2,0.44455601847065346,0.5554439815293466
NME3,0.41253772165094105,0.587462278349059
NME4,0.41917790312852177,0.5808220968714782
NME6,0.3834855495286839,0.616514450471316
NME7,0.35879142449370455,0.6412085755062955
NMI,0.4256074268903051,0.5743925731096948
NMNAT1,0.401004005755697,0.598995994244303
NMRAL1,0.3448633761810405,0.6551366238189595
NMRK1,0.41003755905798506,0.589962440942015
NMT1,0.28916416579990517,0.7108358342000949
NMT2,0.37698809057474136,0.6230119094252586
NMU,0.574145644903183,0.425854355096817
NMUR1,0.6240844785102776,0.3759155214897224
NNAT,0.541882467456162,0.458117532543838
NNT,0.4469625103686537,0.5530374896313464
NNT-AS1,0.5472341786537852,0.4527658213462148
NOA1,0.35931863615821513,0.6406813638417849
NOB1,0.32367879444999353,0.6763212055500065
NOC2L,0.2921344886666962,0.7078655113333038
NOC3L,0.37615486952875343,0.6238451304712466
NOC4L,0.37624706740358044,0.6237529325964195
NOCT,0.393887460231781,0.606112539768219
NOD2,0.4584885356681688,0.5415114643318313
NOG,0.628382781786578,0.371617218213422
NOL10,0.3002472259104252,0.6997527740895748
NOL11,0.3409880525765142,0.6590119474234858
NOL12,0.4749822957175119,0.5250177042824882
NOL3,0.3525544097647071,0.6474455902352929
NOL4L,0.38478190837694065,0.6152180916230594
NOL6,0.422480597825987,0.577519402174013
NOL7,0.3320034279354981,0.6679965720645019
NOL8,0.39718333365661757,0.6028166663433825
NOL9,0.35423644525664194,0.645763554743358
NOLC1,0.3683393408677408,0.6316606591322592
NOM1,0.38229108867900713,0.6177089113209928
NOMO1,0.297913383692503,0.702086616307497
NOMO2,0.40080691035836935,0.5991930896416306
NONO,0.37271721767527716,0.6272827823247229
NOP10,0.29324464513255016,0.7067553548674499
NOP14,0.3134636953473091,0.6865363046526909
NOP14-AS1,0.3457604577498777,0.6542395422501224
NOP16,0.40019420135234085,0.5998057986476591
NOP2,0.5170244723558426,0.4829755276441574
NOP53,0.4251599165477923,0.5748400834522077
NOP56,0.3666598615901811,0.633340138409819
NOP58,0.3515993017437203,0.6484006982562798
NOP9,0.323498398065567,0.676501601934433
NORAD,0.32934483672891346,0.6706551632710865
NOSIP,0.3933869999434267,0.6066130000565733
NOTCH1,0.4733737180275576,0.5266262819724423
NOTCH2,0.4484032474990402,0.5515967525009597
NOTCH2NLC,0.5981677515166146,0.4018322484833854
NOTCH3,0.48689801139490946,0.5131019886050905
NOTCH4,0.47138058500630514,0.5286194149936949
NPAT,0.3829570223710367,0.6170429776289633
NPC1,0.3789912566010441,0.621008743398956
NPC2,0.3245813904296873,0.6754186095703127
NPDC1,0.5076236501336098,0.49237634986639023
NPEPL1,0.5219213031232357,0.4780786968767643
NPEPPS,0.2583415997879846,0.7416584002120155
NPHP3,0.4444430763167994,0.5555569236832005
NPHP4,0.3532205117600305,0.6467794882399696
NPIPA1,0.5942914629621165,0.40570853703788345
NPIPB15,0.6434204418744359,0.3565795581255641
NPIPB4,0.5140760466456413,0.4859239533543587
NPIPB5,0.5646894371935299,0.43531056280647007
NPL,0.5279516859778336,0.4720483140221664
NPLOC4,0.3163957076945475,0.6836042923054525
NPM1,0.4253343790769577,0.5746656209230423
NPM3,0.4221771364765508,0.5778228635234492
NPNT,0.5072785283305815,0.4927214716694185
NPRL2,0.4062174960438694,0.5937825039561306
NPTN,0.30931805978928295,0.690681940210717
NPTXR,0.6237370254737991,0.37626297452620094
NQO1,0.4834619268242802,0.5165380731757199
NQO2,0.32296539111328976,0.6770346088867103
NR1D1,0.4511217677167484,0.5488782322832516
NR1D2,0.4854072119508471,0.514592788049153
NR1H2,0.3039647356740066,0.6960352643259934
NR2C1,0.3930913843214512,0.6069086156785488
NR2C2,0.4518968313932419,0.5481031686067581
NR2C2AP,0.4485635038997446,0.5514364961002554
NR2F6,0.4855784976056644,0.5144215023943356
NR3C1,0.3556438574035253,0.6443561425964748
NR4A1,0.5761714598962239,0.42382854010377613
NR4A1AS,0.7061070863689695,0.29389291363103054
NR4A2,0.5757564300937312,0.42424356990626877
NR4A3,0.5345681543861117,0.4654318456138883
NRARP,0.47167778813413214,0.5283222118658679
NRAS,0.2931718431147082,0.7068281568852919
NRAV,0.3297337143282805,0.6702662856717194
NRBF2,0.2926494250340121,0.7073505749659879
NRBP1,0.27531503506803084,0.7246849649319691
NRDC,0.2775844657527549,0.7224155342472451
NRDE2,0.3412103803296174,0.6587896196703826
NREP,0.48619716454829487,0.5138028354517051
NRF1,0.3150095150174041,0.6849904849825958
NRIP1,0.44777207129767965,0.5522279287023204
NRIP2,0.5478231128571289,0.4521768871428711
NRIP3,0.551402031310967,0.448597968689033
NRM,0.34173560248953955,0.6582643975104605
NRP1,0.3985686846343534,0.6014313153656465
NRP2,0.43610078522137236,0.5638992147786277
NRROS,0.4647059089371136,0.5352940910628864
NRSN2-AS1,0.4968965947628021,0.5031034052371979
NSA2,0.3546859249472618,0.6453140750527382
NSD1,0.4252125679382256,0.5747874320617744
NSD2,0.4181687440723181,0.5818312559276819
NSD3,0.47418705586876186,0.5258129441312381
NSDHL,0.28150516535554615,0.7184948346444539
NSF,0.34735086879559923,0.6526491312044007
NSFL1C,0.2699497549661568,0.7300502450338432
NSG1,0.4785863256880215,0.5214136743119785
NSL1,0.4085845953917929,0.5914154046082071
NSMAF,0.31898538528808523,0.6810146147119147
NSMCE1,0.3792638698858874,0.6207361301141125
NSMCE1-DT,0.5477857163974217,0.4522142836025783
NSMCE2,0.2976640859352691,0.702335914064731
NSMCE3,0.29630709579214454,0.7036929042078555
NSMCE4A,0.45385883322783876,0.5461411667721612
NSMF,0.3342630046286753,0.6657369953713247
NSRP1,0.3280597675059523,0.6719402324940478
NSUN2,0.3380000501471971,0.6619999498528029
NSUN3,0.4135782714667065,0.5864217285332936
NSUN4,0.34627583463277134,0.6537241653672287
NSUN5,0.37492439576557707,0.625075604234423
NSUN6,0.38945912809244226,0.6105408719075578
NT5C,0.3561790934098618,0.6438209065901381
NT5C2,0.47125437429973055,0.5287456257002694
NT5C3A,0.3812251867992537,0.6187748132007462
NT5C3B,0.3962296151689121,0.6037703848310879
NT5DC1,0.4201803633144924,0.5798196366855076
NT5DC2,0.37993344238826204,0.6200665576117379
NT5DC3,0.5154853010816234,0.4845146989183766
NT5M,0.5493669818554606,0.4506330181445394
NTAN1,0.24910020942999317,0.7508997905700068
NTAQ1,0.3515876198985747,0.6484123801014253
NTHL1,0.46882302899445805,0.531176971005542
NTM,0.3900676990992257,0.6099323009007743
NTMT1,0.32416949926742483,0.6758305007325751
NTN1,0.6802788855774062,0.31972111442259377
NTNG2,0.5735207093613488,0.4264792906386512
NTPCR,0.3322635052858719,0.6677364947141281
NTRK1,0.6556600172604833,0.3443399827395167
NTS,0.8088778597967965,0.1911221402032035
NTSR1,0.6451627367309162,0.3548372632690838
NUAK2,0.3433604527797018,0.6566395472202982
NUB1,0.4068397842347622,0.5931602157652378
NUBP1,0.404470652874027,0.595529347125973
NUBP2,0.32702093491596834,0.6729790650840317
NUBPL,0.31995182683957474,0.6800481731604253
NUCB1,0.3329353126298104,0.6670646873701895
NUCB2,0.3670283585254635,0.6329716414745366
NUCKS1,0.39944480838520185,0.6005551916147982
NUDC,0.31817894192811635,0.6818210580718836
NUDCD1,0.3479307182133198,0.6520692817866802
NUDCD2,0.361633806489408,0.638366193510592
NUDCD3,0.2760246386502071,0.7239753613497929
NUDT1,0.4218182358890772,0.5781817641109228
NUDT11,0.6268570753080505,0.37314292469194954
NUDT14,0.4071785043925047,0.5928214956074953
NUDT15,0.3402985856602235,0.6597014143397766
NUDT16,0.4352507266615118,0.5647492733384882
NUDT16L1,0.33685056066938807,0.6631494393306119
NUDT17,0.47494309289114817,0.5250569071088518
NUDT18,0.39310354154024807,0.6068964584597519
NUDT19,0.3543056659400463,0.6456943340599537
NUDT2,0.4557161969797952,0.5442838030202048
NUDT21,0.3560781900637916,0.6439218099362084
NUDT22,0.2895442412367889,0.7104557587632111
NUDT3,0.5398563503154686,0.46014364968453136
NUDT4,0.33245828218891155,0.6675417178110885
NUDT5,0.3637419267158423,0.6362580732841576
NUDT8,0.4800293504127434,0.5199706495872566
NUDT9,0.29133331812252955,0.7086666818774705
NUFIP1,0.3408437443098852,0.6591562556901148
NUFIP2,0.3384620478110654,0.6615379521889346
NUMA1,0.43386267498135567,0.5661373250186443
NUMB,0.25044692292742965,0.7495530770725704
NUP107,0.42521309001105173,0.5747869099889482
NUP133,0.3571800802435194,0.6428199197564806
NUP153,0.4002226232551038,0.5997773767448962
NUP155,0.4061190384839262,0.5938809615160738
NUP160,0.41732959555728094,0.5826704044427191
NUP188,0.3630367118333067,0.6369632881666933
NUP205,0.4096936950726168,0.5903063049273831
NUP210,0.6769127356154578,0.32308726438454216
NUP214,0.32181642430701424,0.6781835756929857
NUP35,0.386904134282044,0.6130958657179559
NUP37,0.3453469092824629,0.6546530907175371
NUP42,0.4006571163024221,0.5993428836975778
NUP43,0.3956179560295173,0.6043820439704827
NUP50,0.3617847021003919,0.6382152978996081
NUP54,0.37458254623093773,0.6254174537690622
NUP58,0.312820647710136,0.6871793522898639
NUP62,0.3515327842240887,0.6484672157759113
NUP85,0.31844500212797094,0.681554997872029
NUP88,0.36792185263974325,0.6320781473602568
NUP93,0.30533600515419884,0.6946639948458011
NUP98,0.3661471222128187,0.6338528777871812
NUS1,0.29319634654426147,0.7068036534557385
NUTF2,0.27303118464936105,0.726968815350639
NUTM2A-AS1,0.3871403618582657,0.6128596381417343
NUTM2B-AS1,0.36723452247679234,0.6327654775232077
NUTM2D,0.3799732077334608,0.6200267922665392
NVL,0.3960128180416567,0.6039871819583433
NWD1,0.7039992564490863,0.29600074355091366
NXF1,0.3474067260644266,0.6525932739355734
NXPE3,0.39800952321716715,0.6019904767828328
NXPH4,0.5431434448276248,0.4568565551723752
NXT1,0.3582386749663523,0.6417613250336477
NXT2,0.41681262105703354,0.5831873789429665
NYNRIN,0.5063794535983887,0.49362054640161135
OAF,0.37227836677006315,0.6277216332299369
OARD1,0.3969844779265778,0.6030155220734221
OAS1,0.5606581600649017,0.43934183993509834
OAS2,0.611820616892406,0.38817938310759403
OAS3,0.5548091743673597,0.44519082563264034
OASL,0.6468477717467717,0.35315222825322834
OAT,0.40423172393015455,0.5957682760698455
OAZ1,0.4241041537773396,0.5758958462226604
OAZ2,0.2772965119885547,0.7227034880114453
OBI1,0.37866470084658693,0.6213352991534131
OBSCN,0.5796574194516454,0.4203425805483546
OBSL1,0.4200348454926695,0.5799651545073305
OCEL1,0.3805186040699482,0.6194813959300518
OCIAD1,0.2973215328529477,0.7026784671470523
OCIAD2,0.3518508356064558,0.6481491643935442
OCLN,0.561951683568103,0.438048316431897
OCRL,0.37958850072962896,0.6204114992703711
ODC1,0.6308763346501759,0.3691236653498241
ODF2,0.3204078711569309,0.6795921288430691
ODF2L,0.3938457363152078,0.6061542636847922
ODR4,0.3255402836948633,0.6744597163051367
OFD1,0.378141281328031,0.6218587186719691
OGA,0.3389287609606981,0.6610712390393019
OGDH,0.40246935321816374,0.5975306467818362
OGFOD1,0.2730704448851092,0.7269295551148909
OGFOD2,0.4769542893128736,0.5230457106871265
OGFOD3,0.3485322166234255,0.6514677833765745
OGFR,0.3740610057221992,0.6259389942778009
OGFRL1,0.5162095241248608,0.48379047587513924
OGG1,0.41029633076063227,0.5897036692393678
OGT,0.4289227548454489,0.5710772451545512
OIP5-AS1,0.4125662318297795,0.5874337681702205
OLA1,0.32821716694161296,0.671782833058387
OLFM1,0.7070684475558144,0.29293155244418556
OLFML2A,0.35553692364399986,0.6444630763560002
OLMALINC,0.5662215298839978,0.43377847011600223
OMA1,0.42598527882780346,0.5740147211721965
OPA1,0.34535873628088404,0.6546412637191159
OPA3,0.3101704251021147,0.6898295748978853
OPHN1,0.5323496987777097,0.46765030122229034
OPLAH,0.42601842113903593,0.5739815788609641
OPRL1,0.5746690173234258,0.4253309826765742
OPTN,0.3859924378671816,0.6140075621328184
OR13A1,0.6956811675003597,0.3043188324996403
OR2I1P,0.7868962096316474,0.21310379036835259
ORAI1,0.383889072441629,0.6161109275583709
ORAI2,0.4614873592342649,0.538512640765735
ORAI3,0.4754637437207358,0.5245362562792641
ORC1,0.44474516729159014,0.5552548327084099
ORC2,0.36513535412294523,0.6348646458770548
ORC3,0.3895290113453354,0.6104709886546646
ORC4,0.36948011542803477,0.6305198845719653
ORC5,0.3646155231233154,0.6353844768766845
ORC6,0.4471095395939691,0.552890460406031
ORMDL1,0.4054582111005272,0.5945417888994728
ORMDL2,0.24389676984199987,0.7561032301580002
ORMDL3,0.3678259491654379,0.6321740508345621
OS9,0.28347728547773193,0.7165227145222681
OSBP,0.2984116335532495,0.7015883664467505
OSBPL10,0.3357709312113002,0.6642290687886998
OSBPL11,0.3520147731261594,0.6479852268738406
OSBPL1A,0.42017086116330965,0.5798291388366903
OSBPL2,0.2896862107029717,0.7103137892970284
OSBPL3,0.26334182512281196,0.7366581748771881
OSBPL5,0.3840689871992384,0.6159310128007616
OSBPL6,0.4555867471333061,0.5444132528666938
OSBPL8,0.3636721053293773,0.6363278946706227
OSBPL9,0.30012931721284986,0.6998706827871501
OSER1,0.28914784101237145,0.7108521589876285
OSER1-DT,0.5594181567430496,0.4405818432569504
OSGEP,0.3855983779898712,0.6144016220101288
OSGEPL1,0.4842491384063448,0.5157508615936552
OSGIN1,0.5365889104349273,0.4634110895650727
OSGIN2,0.37065262347459793,0.6293473765254021
OSM,0.5264675159539495,0.47353248404605053
OST4,0.26080635500589516,0.7391936449941048
OSTC,0.2593180891126394,0.7406819108873606
OSTF1,0.3287011951740299,0.67129880482597
OSTM1,0.27124380732753445,0.7287561926724655
OTOF,0.5671729786055428,0.43282702139445717
OTUB1,0.2554303325845727,0.7445696674154273
OTUD1,0.34702064216669115,0.6529793578333088
OTUD3,0.4626346693507263,0.5373653306492737
OTUD4,0.40059119063828674,0.5994088093617133
OTUD5,0.28562676773539614,0.7143732322646039
OTUD6B,0.358016592583486,0.641983407416514
OTUD6B-AS1,0.3574954164879663,0.6425045835120338
OTUD7B,0.3888122966246946,0.6111877033753055
OTULIN,0.3455670837845121,0.6544329162154878
OTULINL,0.48697411002857344,0.5130258899714266
OXA1L,0.3565903902053833,0.6434096097946167
OXCT1,0.3983271757939032,0.6016728242060968
OXER1,0.7096549176744053,0.29034508232559475
OXLD1,0.42119945638946127,0.5788005436105388
OXNAD1,0.41022239199706484,0.5897776080029351
OXR1,0.36632403624909265,0.6336759637509073
OXSM,0.3477057708161218,0.6522942291838782
OXSR1,0.3274245791669403,0.6725754208330597
P2RX1,0.5080364338521447,0.4919635661478553
P2RX4,0.4640643671154976,0.5359356328845024
P2RX5,0.5993378715855735,0.4006621284144265
P2RX7,0.5417624642806393,0.45823753571936066
P2RY1,0.5853593296238354,0.4146406703761646
P2RY10,0.5505022608808109,0.4494977391191891
P2RY11,0.5320612649832454,0.46793873501675465
P2RY12,0.5437466033867427,0.45625339661325726
P2RY14,0.5581404827535152,0.44185951724648476
P2RY2,0.44174039736390114,0.5582596026360989
P2RY8,0.6300975126879556,0.36990248731204445
P3H1,0.26739073428325355,0.7326092657167464
P3H2,0.5297684009586062,0.4702315990413938
P3H4,0.37653667719236444,0.6234633228076356
P4HA1,0.3305370724493904,0.6694629275506097
P4HA2,0.3074346214000668,0.6925653785999333
P4HB,0.313598642940633,0.686401357059367
P4HTM,0.5872641173856599,0.41273588261434013
PA2G4,0.302999558193343,0.697000441806657
PAAF1,0.3524642441687839,0.647535755831216
PABPC1,0.6622479339795453,0.3377520660204547
PABPC1L,0.5846473021166665,0.4153526978833335
PABPC4,0.31766530791563646,0.6823346920843636
PABPN1,0.5150559422160897,0.48494405778391025
PACC1,0.3289081337196486,0.6710918662803513
PACS1,0.2834597017582772,0.7165402982417228
PACS2,0.3151792229286262,0.6848207770713738
PACSIN2,0.32819452298073365,0.6718054770192663
PACSIN3,0.3918156602552959,0.6081843397447041
PADI2,0.7370324858597347,0.2629675141402653
PADI4,0.5860878899693489,0.4139121100306511
PAF1,0.3210358502609389,0.678964149739061
PAFAH1B1,0.25451558161460397,0.745484418385396
PAFAH1B2,0.27881637576501817,0.7211836242349818
PAFAH1B3,0.5127579436770507,0.48724205632294926
PAFAH2,0.310430726967752,0.689569273032248
PAG1,0.44676692091992926,0.5532330790800708
PAGR1,0.3836804865194218,0.6163195134805781
PAICS,0.35505861336631434,0.6449413866336857
PAIP1,0.3222587843691664,0.6777412156308336
PAIP2,0.2937902597976582,0.7062097402023417
PAK1,0.39490309863218237,0.6050969013678176
PAK1IP1,0.3696771240127938,0.6303228759872062
PAK2,0.36969054197626455,0.6303094580237354
PAK4,0.3502202933388097,0.6497797066611903
PAK6,0.34967841527291704,0.6503215847270829
PALB2,0.39043192538831917,0.6095680746116808
PALLD,0.3429452031850815,0.6570547968149185
PALM2AKAP2,0.4412193370184728,0.5587806629815272
PAM,0.3155721140293671,0.684427885970633
PAM16,0.5043981203011104,0.4956018796988896
PAN2,0.4926345555910042,0.5073654444089958
PAN3,0.35680342917995794,0.643196570820042
PANK1,0.48838010483554434,0.5116198951644557
PANK2,0.31198039358215673,0.6880196064178432
PANK3,0.3691307503197874,0.6308692496802126
PANK4,0.31926372926682234,0.6807362707331777
PANX1,0.31691000876682146,0.6830899912331785
PAOX,0.4918806454432862,0.5081193545567138
PAPOLA,0.3551226878272636,0.6448773121727365
PAPOLG,0.37468752690723967,0.6253124730927604
PAPSS1,0.3816420478480203,0.6183579521519798
PAQR3,0.41936639989061014,0.5806336001093899
PAQR4,0.4739052310053791,0.5260947689946209
PAQR5,0.4729558200176273,0.5270441799823726
PAQR6,0.6163913320217814,0.3836086679782186
PAQR7,0.3186510447412729,0.6813489552587271
PAQR8,0.5901690295764378,0.4098309704235622
PARD3,0.4553666886474405,0.5446333113525594
PARD3B,0.6779917042170253,0.32200829578297474
PARD6A,0.612473685826574,0.387526314173426
PARD6B,0.5554496592708996,0.4445503407291004
PARD6G,0.4409512169659138,0.5590487830340862
PARG,0.3633297701100154,0.6366702298899847
PARK7,0.3368307446528758,0.6631692553471242
PARL,0.44084479393703596,0.5591552060629641
PARN,0.2538007058070174,0.7461992941929826
PARP1,0.413645335073982,0.5863546649260181
PARP10,0.48943755349942614,0.5105624465005738
PARP11,0.45928012100713594,0.540719878992864
PARP12,0.42557839064725805,0.5744216093527419
PARP14,0.5165804699063301,0.4834195300936699
PARP15,0.6114318871072361,0.38856811289276394
PARP16,0.45249795221856665,0.5475020477814334
PARP2,0.4033858049660921,0.5966141950339079
PARP3,0.49240914785436224,0.5075908521456378
PARP4,0.4709762749927385,0.5290237250072616
PARP6,0.3905187302402088,0.6094812697597912
PARP9,0.4969826005399227,0.5030173994600773
PARPBP,0.5383471372936454,0.46165286270635464
PARTICL,0.487531592803342,0.512468407196658
PARVA,0.25194564388532725,0.7480543561146727
PARVB,0.430954748498542,0.569045251501458
PARVG,0.47929678378360613,0.5207032162163938
PASK,0.4957977629133633,0.5042022370866367
PATL1,0.3758125385003431,0.624187461499657
PATL2,0.5978557180081095,0.40214428199189045
PATZ1,0.4981332394693579,0.5018667605306422
PAX8,0.5663094243832997,0.4336905756167003
PAX8-AS1,0.6288405837757247,0.3711594162242753
PAXBP1,0.4376506858638355,0.5623493141361645
PAXBP1-AS1,0.5465177898960454,0.4534822101039546
PAXIP1,0.45518506531204495,0.544814934687955
PAXIP1-AS2,0.4493987075984478,0.5506012924015522
PAXX,0.46704760459916933,0.5329523954008306
PBDC1,0.3538342496114118,0.6461657503885883
PBRM1,0.3997647203505039,0.6002352796494961
PBX1,0.6836773497717721,0.3163226502282279
PBX2,0.29984847269952297,0.700151527300477
PBX3,0.39595332528863636,0.6040466747113636
PBX4,0.5244491691035884,0.4755508308964116
PBXIP1,0.4460429937711784,0.5539570062288216
PC,0.4042490875082357,0.5957509124917644
PCAT19,0.6190509322498526,0.38094906775014736
PCAT6,0.4400135200869824,0.5599864799130176
PCBD1,0.450548492372036,0.549451507627964
PCBD2,0.49302072556955473,0.5069792744304453
PCBP1,0.40046872198581696,0.599531278014183
PCBP1-AS1,0.45577169582247734,0.5442283041775227
PCBP2,0.2954904402473143,0.7045095597526857
PCBP4,0.35514001787773203,0.644859982122268
PCCA,0.4594398694378989,0.5405601305621011
PCCB,0.4041562492826155,0.5958437507173845
PCDH1,0.41761831367122276,0.5823816863287772
PCDH9,0.6005041333181518,0.3994958666818482
PCDHGA2,0.5210976909313884,0.47890230906861164
PCDHGC3,0.409436374503587,0.5905636254964131
PCDHGC5,0.5650652913110596,0.43493470868894035
PCED1A,0.4433662050536701,0.5566337949463299
PCED1B-AS1,0.46617032161780764,0.5338296783821923
PCF11,0.39898450459752766,0.6010154954024723
PCGF1,0.30976562734161106,0.6902343726583889
PCGF3,0.32542307754712446,0.6745769224528755
PCGF5,0.4567489256816251,0.5432510743183749
PCGF6,0.4114670013742788,0.5885329986257213
PCID2,0.35041969854916843,0.6495803014508316
PCIF1,0.2978114797733724,0.7021885202266276
PCK2,0.39577745114053997,0.60422254885946
PCLAF,0.5272505123700414,0.4727494876299586
PCM1,0.4274327297295843,0.5725672702704157
PCMT1,0.2756666806526482,0.7243333193473518
PCMTD1,0.35836079956165384,0.6416392004383462
PCMTD2,0.4139613402741296,0.5860386597258704
PCNA,0.4604729286261967,0.5395270713738033
PCNP,0.3268761383369565,0.6731238616630435
PCNT,0.45272581971117426,0.5472741802888257
PCNX1,0.2978698549975109,0.702130145002489
PCNX2,0.40132303279824555,0.5986769672017545
PCNX3,0.3082954422570765,0.6917045577429235
PCNX4,0.298889447835141,0.7011105521648591
PCSK1N,0.6999543075050626,0.3000456924949374
PCSK5,0.5133567186338561,0.4866432813661439
PCSK7,0.3825764302164316,0.6174235697835684
PCSK9,0.553073954901525,0.446926045098475
PCTP,0.3480738156608173,0.6519261843391827
PCYOX1,0.3222799758825983,0.6777200241174017
PCYOX1L,0.43325461473848137,0.5667453852615186
PCYT1A,0.3501985893983926,0.6498014106016075
PCYT2,0.35569507176322596,0.6443049282367741
PDAP1,0.3166994312778115,0.6833005687221885
PDCD10,0.33536412926124676,0.6646358707387532
PDCD11,0.3476451390555927,0.6523548609444073
PDCD1LG2,0.6120798598442759,0.38792014015572407
PDCD2,0.35888610939894405,0.641113890601056
PDCD2L,0.4403936437198094,0.5596063562801906
PDCD4,0.39655105556760517,0.6034489444323948
PDCD4-AS1,0.3881016227283648,0.6118983772716352
PDCD5,0.3671649627919708,0.6328350372080291
PDCD6,0.4651881121098995,0.5348118878901005
PDCD6IP,0.3037708367088011,0.6962291632911989
PDCD7,0.37084997205861975,0.6291500279413802
PDCL,0.3044727138642754,0.6955272861357247
PDCL3,0.33124578983656,0.66875421016344
PDE12,0.3546809181571007,0.6453190818428993
PDE1B,0.3972155957349709,0.6027844042650291
PDE2A-AS2,0.5657092492495265,0.4342907507504735
PDE3A,0.45371853640036924,0.5462814635996307
PDE3B,0.6463502666779927,0.35364973332200733
PDE4A,0.40293767622538973,0.5970623237746102
PDE4B,0.5453032973621573,0.4546967026378427
PDE4D,0.4652490834040301,0.5347509165959698
PDE4DIP,0.47491623567683355,0.5250837643231665
PDE5A,0.604716739484242,0.395283260515758
PDE6A,0.778319069317409,0.22168093068259098
PDE6B,0.7386787853070668,0.26132121469293323
PDE6D,0.3584852783741163,0.6415147216258836
PDE6G,0.5343356941427503,0.4656643058572497
PDE7A,0.3856107153530632,0.6143892846469368
PDE7B,0.4925580604800156,0.5074419395199844
PDE8A,0.36003119338835987,0.6399688066116401
PDGFA,0.3706227551613535,0.6293772448386465
PDHA1,0.35855820908078123,0.6414417909192187
PDHB,0.36549217413578716,0.6345078258642128
PDHX,0.3799215129443577,0.6200784870556423
PDIA3,0.38992112409323454,0.6100788759067655
PDIA4,0.3680767889267632,0.6319232110732368
PDIA6,0.3689645387764488,0.6310354612235511
PDIK1L,0.5103234313428402,0.4896765686571598
PDK1,0.39678401233894484,0.6032159876610552
PDK2,0.3946486583777836,0.6053513416222164
PDK3,0.42905827930995394,0.570941720690046
PDLIM1,0.33756761492363047,0.6624323850763696
PDLIM2,0.4332904102546828,0.5667095897453172
PDLIM3,0.754748250756945,0.24525174924305504
PDLIM4,0.47882419837904827,0.5211758016209518
PDLIM5,0.3107827678322792,0.6892172321677208
PDLIM7,0.3285038041815694,0.6714961958184307
PDP1,0.404585546414767,0.595414453585233
PDP2,0.3582900086683886,0.6417099913316113
PDPK1,0.34498170310897486,0.6550182968910252
PDPR,0.36913032696715425,0.6308696730328458
PDRG1,0.39000795036554337,0.6099920496344566
PDS5A,0.3280762203836015,0.6719237796163985
PDS5B,0.3775363125439201,0.6224636874560798
PDSS1,0.43687708862125874,0.5631229113787413
PDSS2,0.3246651656393494,0.6753348343606507
PDXDC1,0.3188846422625439,0.681115357737456
PDXK,0.35745720379054546,0.6425427962094545
PDZD11,0.279776517501367,0.720223482498633
PDZD4,0.5580468792468309,0.44195312075316906
PDZD8,0.31840732427580015,0.6815926757241999
PDZK1IP1,0.6049923428467342,0.3950076571532658
PEA15,0.27919038837509497,0.720809611624905
PEAK3,0.582810606275286,0.417189393724714
PEBP1,0.39315672192190376,0.6068432780780962
PECR,0.4857524276844093,0.5142475723155907
PEDS1,0.2863450722901949,0.7136549277098051
PEF1,0.29381913372448515,0.7061808662755149
PEF1-AS1,0.5122556548033442,0.48774434519665577
PELI1,0.429470316107784,0.570529683892216
PELI2,0.6184004885809762,0.3815995114190238
PELO,0.3092684031331113,0.6907315968668887
PELP1,0.38558054635567324,0.6144194536443268
PEMT,0.41698530090174507,0.583014699098255
PEPD,0.3205862467044166,0.6794137532955834
PER1,0.4684755892625877,0.5315244107374123
PER2,0.4918062154735838,0.5081937845264162
PER3,0.6188800430723599,0.3811199569276401
PERP,0.3283893724105188,0.6716106275894812
PES1,0.31339711749127935,0.6866028825087207
PET100,0.5784847816186292,0.42151521838137085
PET117,0.5375669061073235,0.4624330938926765
PEX1,0.5013970477240426,0.4986029522759574
PEX11A,0.3527627800192152,0.6472372199807848
PEX11B,0.3583121488669089,0.6416878511330911
PEX12,0.40998372808098793,0.5900162719190121
PEX13,0.30407991060721024,0.6959200893927897
PEX14,0.2661159941427676,0.7338840058572325
PEX16,0.3455414050923927,0.6544585949076074
PEX19,0.30561928717153414,0.6943807128284658
PEX2,0.3773636647633144,0.6226363352366856
PEX26,0.3382121856723513,0.6617878143276488
PEX3,0.39274059129612787,0.6072594087038721
PEX5,0.3865823229508741,0.613417677049126
PEX6,0.4593644605151245,0.5406355394848755
PEX7,0.3683474878115313,0.6316525121884686
PFAS,0.37915003499282257,0.6208499650071775
PFDN1,0.2790975566022098,0.7209024433977902
PFDN2,0.3219503530833338,0.6780496469166661
PFDN4,0.3547110323395048,0.6452889676604951
PFDN5,0.5790700923119273,0.4209299076880727
PFDN6,0.32417448330670595,0.675825516693294
PFKFB1,0.5651545748114586,0.4348454251885414
PFKFB2,0.30833197260342005,0.69166802739658
PFKFB3,0.4457524296428476,0.5542475703571523
PFKFB4,0.4116236040634768,0.5883763959365231
PFKL,0.3343252422554152,0.6656747577445847
PFKM,0.39014710020273924,0.6098528997972608
PFKP,0.37228796471442493,0.6277120352855751
PFN1,0.4535173869558743,0.5464826130441257
PGAM1,0.2931279848728861,0.706872015127114
PGAM5,0.3410156809591821,0.6589843190408179
PGAP1,0.5184460590992656,0.48155394090073445
PGAP2,0.3331687908087458,0.6668312091912543
PGAP3,0.3853394705802202,0.6146605294197798
PGAP4,0.5904395835740226,0.4095604164259774
PGAP6,0.31058061455509495,0.6894193854449051
PGBD1,0.5249792220337051,0.47502077796629494
PGBD2,0.4545631871691772,0.5454368128308228
PGBD4,0.4439167082309723,0.5560832917690277
PGBD5,0.5936315485409328,0.4063684514590672
PGD,0.5052506450031485,0.49474935499685146
PGF,0.38946093848374275,0.6105390615162573
PGGHG,0.5410797324563775,0.4589202675436225
PGGT1B,0.3308187499642372,0.6691812500357628
PGK1,0.45302146806248594,0.546978531937514
PGLS,0.34239912245954784,0.6576008775404522
PGLYRP3,0.5599531978368759,0.4400468021631241
PGLYRP4,0.4377647063561848,0.5622352936438152
PGM1,0.35293223841914106,0.6470677615808589
PGM2,0.3635357495929514,0.6364642504070486
PGM2L1,0.46568004228174686,0.5343199577182531
PGM3,0.31527814641594887,0.6847218535840511
PGP,0.35530940290274365,0.6446905970972563
PGPEP1,0.5447497335927827,0.45525026640721733
PGRMC1,0.35144220292568207,0.6485577970743179
PGRMC2,0.29627349520368235,0.7037265047963177
PGS1,0.33112966335777727,0.6688703366422227
PHACTR1,0.4252269060484001,0.5747730939515999
PHACTR2,0.3857791153714061,0.6142208846285939
PHACTR4,0.35189143954110996,0.6481085604588901
PHAX,0.3416358028937663,0.6583641971062337
PHB2,0.36716366718922344,0.6328363328107766
PHC1,0.5286870436476809,0.47131295635231907
PHC2,0.3375789060124329,0.6624210939875671
PHC3,0.45156872645020485,0.5484312735497952
PHETA1,0.2996260341522949,0.7003739658477051
PHF1,0.34762873500585556,0.6523712649941444
PHF10,0.4531377357031618,0.5468622642968382
PHF11,0.4271202545080866,0.5728797454919135
PHF12,0.36420250976724283,0.6357974902327572
PHF13,0.29864670229809626,0.7013532977019037
PHF14,0.38362025655806065,0.6163797434419394
PHF19,0.43049140008432524,0.5695085999156748
PHF2,0.41051546750324114,0.5894845324967588
PHF20,0.2966486897119986,0.7033513102880014
PHF20L1,0.3201072305174811,0.679892769482519
PHF21A,0.36177707383675234,0.6382229261632477
PHF23,0.2806585935343589,0.7193414064656412
PHF3,0.38724703368331703,0.612752966316683
PHF5A,0.34312340677050607,0.656876593229494
PHF6,0.391956288633602,0.608043711366398
PHF8,0.46581960416265894,0.534180395837341
PHGDH,0.6315152410949979,0.3684847589050021
PHIP,0.437352854625455,0.562647145374545
PHKA2,0.46222492839608875,0.5377750716039112
PHKB,0.3392329460808209,0.6607670539191791
PHKG1,0.7763060459068843,0.22369395409311565
PHKG2,0.3913662327187402,0.6086337672812598
PHLDA1,0.39949532797826187,0.6005046720217382
PHLDA2,0.4222594518214464,0.5777405481785536
PHLDA3,0.3636957611888647,0.6363042388111353
PHLDB1,0.37152842059731483,0.6284715794026852
PHLDB3,0.3781821828867708,0.6218178171132291
PHLPP1,0.5142714567482471,0.48572854325175285
PHLPP2,0.36185683416468756,0.6381431658353125
PHOSPHO1,0.45572169444390703,0.5442783055560929
PHOSPHO2,0.5099284930952958,0.49007150690470425
PHPT1,0.44487145968845915,0.5551285403115409
PHRF1,0.31459225195326973,0.6854077480467302
PHTF1,0.35609536055874613,0.6439046394412539
PHTF2,0.37082318243171486,0.6291768175682851
PHYH,0.4341446783925806,0.5658553216074194
PHYHD1,0.7266789376735687,0.2733210623264313
PHYKPL,0.3863151414053781,0.613684858594622
PI3,0.5644969290920666,0.4355030709079334
PI4K2A,0.25864538164543255,0.7413546183545674
PI4K2B,0.38558599086744444,0.6144140091325556
PI4KA,0.40316959510424305,0.5968304048957569
PI4KB,0.30972850948039976,0.6902714905196002
PIAS1,0.3445142837507384,0.6554857162492616
PIAS2,0.49035197283540455,0.5096480271645955
PIAS3,0.41816345336181776,0.5818365466381823
PIAS4,0.3598850765930755,0.6401149234069246
PIBF1,0.394333865493536,0.605666134506464
PICALM,0.31287569825404454,0.6871243017459554
PICART1,0.42808851253773483,0.5719114874622652
PICK1,0.37054857884400655,0.6294514211559934
PIEZO1,0.29448814585131394,0.705511854148686
PIGA,0.3387147723031895,0.6612852276968104
PIGB,0.392432158014604,0.607567841985396
PIGBOS1,0.4391884875616857,0.5608115124383143
PIGC,0.3492224131311689,0.650777586868831
PIGF,0.37102591219757286,0.6289740878024271
PIGG,0.30300160038418006,0.69699839961582
PIGH,0.33711153282118694,0.6628884671788131
PIGK,0.3105249101562159,0.689475089843784
PIGL,0.3840943308813231,0.6159056691186768
PIGN,0.41377859243324827,0.5862214075667518
PIGO,0.40529588822807583,0.5947041117719242
PIGP,0.3766365335988147,0.6233634664011853
PIGQ,0.39445542144988266,0.6055445785501173
PIGS,0.31680306872086866,0.6831969312791313
PIGT,0.2986423060564058,0.7013576939435942
PIGV,0.2742641758107181,0.725735824189282
PIGW,0.42739288189581465,0.5726071181041854
PIGX,0.46185331898076193,0.5381466810192381
PIGZ,0.5397542023233005,0.4602457976766995
PIH1D1,0.3443875413920198,0.6556124586079801
PIK3AP1,0.5294417408960206,0.4705582591039794
PIK3C2A,0.3782262030456747,0.6217737969543253
PIK3C2B,0.3994969307844128,0.6005030692155873
PIK3C3,0.40327770981405464,0.5967222901859454
PIK3CA,0.38733855155961855,0.6126614484403814
PIK3CB,0.40756160233701977,0.5924383976629802
PIK3CD,0.4292628424508231,0.5707371575491769
PIK3CD-AS2,0.5521859707576888,0.4478140292423112
PIK3CG,0.5050673990377358,0.4949326009622642
PIK3IP1,0.4821490964719227,0.5178509035280773
PIK3R1,0.5298115706869534,0.4701884293130466
PIK3R3,0.6298061694417681,0.37019383055823185
PIK3R4,0.37328330108097624,0.6267166989190238
PIK3R5,0.4769276391182627,0.5230723608817374
PIK3R6,0.3926421096548438,0.6073578903451562
PIKFYVE,0.39988781937531065,0.6001121806246894
PILRB,0.6388148250324386,0.3611851749675614
PIM1,0.3569652909146888,0.6430347090853112
PIM2,0.5916495003870555,0.40835049961294445
PIM3,0.39510128487433704,0.604898715125663
PIN1,0.38268302381038666,0.6173169761896133
PIN4,0.39324738550931215,0.6067526144906878
PINK1,0.34443096364183085,0.6555690363581692
PINLYP,0.5738048452351775,0.4261951547648225
PINX1,0.4402315033865826,0.5597684966134173
PIP4K2A,0.3359984814056328,0.6640015185943672
PIP4K2B,0.315824296059353,0.684175703940647
PIP4K2C,0.3420558529240744,0.6579441470759255
PIP4P1,0.3096012280189565,0.6903987719810435
PIP4P2,0.44970202605639187,0.5502979739436081
PIP5K1A,0.34907557323042837,0.6509244267695716
PIP5K1B,0.663969775395734,0.336030224604266
PIP5K1C,0.27714406040364076,0.7228559395963592
PIP5KL1,0.4629762178020818,0.5370237821979182
PIR,0.5635689853557518,0.43643101464424816
PISD,0.3737469363425459,0.6262530636574541
PITHD1,0.2863238091979708,0.7136761908020293
PITPNA,0.294180169302438,0.705819830697562
PITPNA-AS1,0.4474736146096672,0.5525263853903328
PITPNB,0.2871024962514639,0.7128975037485361
PITPNC1,0.40896563657692503,0.591034363423075
PITPNM1,0.344071106453027,0.6559288935469729
PITPNM2,0.35019296567354885,0.6498070343264511
PITPNM3,0.43710720339523895,0.562892796604761
PITRM1,0.31827334793550627,0.6817266520644938
PITRM1-AS1,0.46507194904344423,0.5349280509565557
PITX1,0.5361808080758367,0.4638191919241633
PITX2,0.605994561953204,0.394005438046796
PJA1,0.30981219386948006,0.69018780613052
PJA2,0.3830311548496996,0.6169688451503004
PKD1,0.43440183837498936,0.5655981616250106
PKD2,0.4195167321179594,0.5804832678820406
PKIB,0.5488397894161088,0.4511602105838912
PKIG,0.4421067919049944,0.5578932080950056
PKM,0.4355606266430446,0.5644393733569554
PKN1,0.5457918750388282,0.4542081249611718
PKN2,0.36088239188705173,0.6391176081129483
PKN3,0.48510138504207134,0.5148986149579287
PKNOX1,0.3095952823225941,0.690404717677406
PKP1,0.3541767674365214,0.6458232325634786
PKP2,0.4944284308169569,0.5055715691830431
PKP3,0.3675349063373038,0.6324650936626962
PKP4,0.3420927646969046,0.6579072353030955
PLA2G12A,0.36688733340374063,0.6331126665962594
PLA2G15,0.26389094353986103,0.7361090564601389
PLA2G2C,0.5493760630488396,0.45062393695116043
PLA2G2F,0.5923106478793281,0.4076893521206719
PLA2G3,0.4939982506246971,0.5060017493753028
PLA2G4A,0.5659064134316785,0.43409358656832153
PLA2G4E,0.5607598163187504,0.4392401836812496
PLA2G4F,0.42759095528994556,0.5724090447100545
PLA2G6,0.5315115680652005,0.4684884319347995
PLAA,0.38851308543235064,0.6114869145676494
PLAAT3,0.668316228049142,0.33168377195085796
PLAAT4,0.7032879952873502,0.2967120047126498
PLAG1,0.5848077184387616,0.41519228156123844
PLAGL1,0.5527496007936341,0.4472503992063659
PLAGL2,0.4363722705415317,0.5636277294584683
PLAT,0.6272115877696446,0.3727884122303554
PLAU,0.4208441621490887,0.5791558378509113
PLAUR,0.41473971413714544,0.5852602858628546
PLB1,0.46314660034009386,0.5368533996599061
PLBD2,0.3008608571253717,0.6991391428746283
PLCB2,0.6502169455800738,0.3497830544199262
PLCB3,0.2800831003114581,0.7199168996885419
PLCD1,0.3811053135764918,0.6188946864235082
PLCD3,0.3781902039024447,0.6218097960975553
PLCE1,0.5729519586477961,0.42704804135220387
PLCG1,0.2620761213558061,0.737923878644194
PLCG2,0.40515929247651783,0.5948407075234822
PLCH2,0.40418069157749414,0.5958193084225059
PLCL1,0.6182542475206512,0.38174575247934883
PLCL2,0.6251008861831256,0.37489911381687435
PLCXD1,0.44715254807046484,0.5528474519295352
PLD1,0.4676106779703072,0.5323893220296928
PLD2,0.30124063743278384,0.6987593625672162
PLD3,0.4690469450184277,0.5309530549815723
PLD4,0.51467715443245,0.48532284556755
PLEC,0.5068067062113967,0.4931932937886033
PLEK,0.5123963451811245,0.48760365481887546
PLEKHA1,0.3986628901745592,0.6013371098254408
PLEKHA2,0.43084482555942877,0.5691551744405712
PLEKHA3,0.3796947111508676,0.6203052888491324
PLEKHA4,0.5530497208237648,0.4469502791762352
PLEKHA5,0.47296131189380375,0.5270386881061963
PLEKHA8,0.3275530080177954,0.6724469919822046
PLEKHB2,0.33943216795367853,0.6605678320463215
PLEKHF2,0.3340432147628495,0.6659567852371505
PLEKHG2,0.3308276129620416,0.6691723870379584
PLEKHG3,0.3659625742584467,0.6340374257415533
PLEKHG4,0.635260029562882,0.36473997043711803
PLEKHH3,0.38460447107042584,0.6153955289295742
PLEKHJ1,0.4153670934694154,0.5846329065305846
PLEKHM1,0.3367353854700923,0.6632646145299077
PLEKHM2,0.25346824957523495,0.746531750424765
PLEKHM3,0.3975202191088881,0.602479780891112
PLEKHN1,0.37501514450247797,0.624984855497522
PLEKHO1,0.4885021980319704,0.5114978019680296
PLEKHO2,0.3478129447570869,0.6521870552429131
PLGRKT,0.4740625077060291,0.5259374922939709
PLIN2,0.49595785407083376,0.5040421459291662
PLIN3,0.3398567760097129,0.6601432239902871
PLIN4,0.6889781217489924,0.3110218782510076
PLK2,0.43788136541843414,0.5621186345815659
PLK3,0.354682134198291,0.645317865801709
PLK4,0.4476569313555956,0.5523430686444044
PLOD1,0.25187435758666005,0.74812564241334
PLOD3,0.353407443101917,0.646592556898083
PLP2,0.3638395458193762,0.6361604541806238
PLPBP,0.42874136034931454,0.5712586396506855
PLPP1,0.45416270702012945,0.5458372929798705
PLPP2,0.4706030919083527,0.5293969080916473
PLPP5,0.5091001364801612,0.49089986351983883
PLPPR2,0.33617724040855784,0.6638227595914421
PLRG1,0.3159080366936645,0.6840919633063355
PLS3,0.2511642430992132,0.7488357569007869
PLSCR1,0.4588318626795496,0.5411681373204504
PLSCR4,0.6197186868105616,0.38028131318943836
PLTP,0.4076266453734466,0.5923733546265534
PLXDC2,0.48985137205038753,0.5101486279496125
PLXNA1,0.37753687240183353,0.6224631275981665
PLXNA2,0.37965806255773976,0.6203419374422603
PLXNA3,0.4076638035476208,0.5923361964523792
PLXNA4,0.5080516217276454,0.4919483782723546
PLXNB1,0.45607238369328634,0.5439276163067137
PLXNB2,0.3687394591813375,0.6312605408186625
PLXNB3,0.4790705240198544,0.5209294759801456
PLXNC1,0.5102063289710453,0.48979367102895466
PLXND1,0.3877517482531922,0.6122482517468077
PM20D2,0.549761560346399,0.450238439653601
PMAIP1,0.4941916492368494,0.5058083507631506
PMEPA1,0.4754529624645199,0.5245470375354802
PMF1,0.42633714952639173,0.5736628504736083
PMFBP1,0.45366403300847324,0.5463359669915268
PML,0.4719466944890363,0.5280533055109637
PMM1,0.3129572801824127,0.6870427198175872
PMM2,0.36230356126491514,0.6376964387350849
PMP22,0.3936704397201538,0.6063295602798462
PMPCA,0.3199274323082396,0.6800725676917604
PMPCB,0.3566593988133328,0.6433406011866671
PMS1,0.43557906629783766,0.5644209337021624
PMS2,0.37373819042529377,0.6262618095747062
PMVK,0.3523420877754688,0.6476579122245312
PNISR,0.44838277090873035,0.5516172290912696
PNKD,0.3981410182480301,0.60185898175197
PNKP,0.36637721130890505,0.633622788691095
PNLIPRP3,0.6553144348519189,0.34468556514808113
PNMA1,0.3372982663235494,0.6627017336764506
PNN,0.3945785758218595,0.6054214241781405
PNO1,0.339810164246176,0.6601898357538241
PNP,0.33607586067435996,0.6639241393256401
PNPLA1,0.5326623456286532,0.4673376543713468
PNPLA2,0.33306932342903955,0.6669306765709604
PNPLA4,0.3665324965757983,0.6334675034242017
PNPLA6,0.3024907335639,0.6975092664361
PNPLA7,0.6015375873872212,0.3984624126127788
PNPLA8,0.3260184752621821,0.6739815247378179
PNPO,0.33817066598151413,0.6618293340184859
PNPT1,0.3922376169690064,0.6077623830309936
PNRC1,0.36944112261491163,0.6305588773850883
PNRC2,0.3529201269016734,0.6470798730983266
POC1A,0.4341637340507337,0.5658362659492663
POC1B,0.3981874611760889,0.6018125388239111
POC5,0.42237090532268795,0.577629094677312
PODNL1,0.43174936675599646,0.5682506332440036
PODXL,0.5182036432836737,0.48179635671632626
POFUT1,0.34359934606722425,0.6564006539327758
POFUT2,0.3435398228466511,0.6564601771533489
POGK,0.37899088699902805,0.621009113000972
POGLUT1,0.39438191801309586,0.6056180819869041
POGLUT2,0.3162531235388347,0.6837468764611653
POGLUT3,0.375298814315881,0.6247011856841189
POGZ,0.4013557497944151,0.5986442502055849
POLA1,0.4749603681266308,0.5250396318733692
POLA2,0.49759956502488684,0.5024004349751132
POLB,0.43210451304912567,0.5678954869508743
POLD2,0.2975143560075334,0.7024856439924666
POLD3,0.43409878281610353,0.5659012171838964
POLD4,0.29927642497101,0.70072357502899
POLDIP2,0.2890407300687262,0.7109592699312738
POLDIP3,0.34557134272264584,0.6544286572773541
POLE,0.434048314179693,0.5659516858203071
POLE3,0.3705287804561002,0.6294712195438998
POLE4,0.332283598237804,0.6677164017621959
POLG,0.33384332420038326,0.6661566757996167
POLG2,0.4328387962388141,0.567161203761186
POLH,0.44150780726756367,0.5584921927324363
POLI,0.4863643922976085,0.5136356077023915
POLK,0.4023015020149095,0.5976984979850906
POLL,0.38261782803705763,0.6173821719629424
POLM,0.3316792579633849,0.6683207420366151
POLN,0.6948097805891719,0.30519021941082813
POLR1A,0.3635377130870308,0.6364622869129692
POLR1B,0.4146620184183121,0.5853379815816879
POLR1C,0.3862144843276058,0.6137855156723941
POLR1D,0.2902257703244686,0.7097742296755314
POLR1E,0.4347165035349982,0.5652834964650018
POLR1F,0.31953717661755426,0.6804628233824457
POLR1G,0.418484934472612,0.581515065527388
POLR1H,0.39814397426588194,0.6018560257341181
POLR2A,0.41420634529952494,0.5857936547004751
POLR2B,0.40396503545343876,0.5960349645465612
POLR2C,0.2929879908582994,0.7070120091417006
POLR2D,0.35628293827176094,0.6437170617282391
POLR2E,0.31413339173221694,0.6858666082677831
POLR2F,0.363130489530574,0.636869510469426
POLR2G,0.3328584688050406,0.6671415311949593
POLR2H,0.4165843605462994,0.5834156394537007
POLR2I,0.5385985374450684,0.46140146255493164
POLR2J,0.37591750520680633,0.6240824947931937
POLR2J2,0.5516077759010451,0.44839222409895485
POLR2J3,0.6261960331882749,0.3738039668117251
POLR2K,0.3544446472078562,0.6455553527921438
POLR2L,0.3412721621404801,0.6587278378595198
POLR2M,0.3573107873754842,0.6426892126245158
POLR3A,0.360440547977175,0.6395594520228249
POLR3B,0.40672588082296507,0.593274119177035
POLR3C,0.3834607901849917,0.6165392098150083
POLR3D,0.3425884816263403,0.6574115183736597
POLR3E,0.328306040593556,0.6716939594064439
POLR3F,0.3522300879870142,0.6477699120129858
POLR3G,0.4482234548777342,0.5517765451222658
POLR3GL,0.4426460436412266,0.5573539563587734
POLR3H,0.3378040435324822,0.6621959564675177
POLR3K,0.40235110046342015,0.5976488995365798
POLRMT,0.3832284708374313,0.6167715291625687
POM121,0.46603503690234255,0.5339649630976575
POM121C,0.36137774267366957,0.6386222573263305
POMC,0.7162668108940125,0.28373318910598755
POMGNT1,0.3673420519168888,0.6326579480831112
POMK,0.43784694985619615,0.5621530501438039
POMP,0.3116405236401728,0.6883594763598272
POMT1,0.3725478601242815,0.6274521398757185
POMZP3,0.4472285642155579,0.5527714357844421
PON2,0.42495872053716865,0.5750412794628313
POP4,0.34115155480269876,0.6588484451973012
POP5,0.3887328250067575,0.6112671749932426
POP7,0.34480136410067125,0.6551986358993287
POPDC2,0.6013201416603157,0.39867985833968433
POR,0.3622662262724979,0.6377337737275022
PORCN,0.37263744404273375,0.6273625559572662
POT1,0.35707617418042253,0.6429238258195775
POU2F1,0.3960121305925505,0.6039878694074494
POU2F2,0.4509161396750382,0.5490838603249618
POU3F1,0.6191608948366982,0.38083910516330177
POU5F2,0.648528203368187,0.35147179663181305
PPA1,0.37497900931962896,0.625020990680371
PPA2,0.34192867630294393,0.6580713236970561
PPAN,0.46634459947901113,0.5336554005209888
PPARA,0.4112980488155569,0.5887019511844431
PPARD,0.3183423027263156,0.6816576972736844
PPARGC1A,0.687155368072646,0.312844631927354
PPARGC1B,0.5763287491032055,0.42367125089679447
PPAT,0.4244816976466349,0.5755183023533651
PPCDC,0.4264403986079352,0.5735596013920647
PPCS,0.33231022993900944,0.6676897700609905
PPDPF,0.3201121656955885,0.6798878343044115
PPFIA1,0.4930382360305105,0.5069617639694894
PPFIA4,0.6137873668755803,0.38621263312441967
PPFIBP1,0.33937360612409456,0.6606263938759054
PPFIBP2,0.5324083252676896,0.46759167473231045
PPHLN1,0.3173087623768619,0.6826912376231381
PPIA,0.3255578532282795,0.6744421467717205
PPIB,0.26405363506637514,0.7359463649336249
PPID,0.3204085041901895,0.6795914958098105
PPIE,0.3302875038768564,0.6697124961231435
PPIF,0.3680933878890106,0.6319066121109894
PPIG,0.34242926138852325,0.6575707386114767
PPIH,0.43174128447260174,0.5682587155273983
PPIL1,0.3389141771144101,0.6610858228855899
PPIL2,0.34219547268003225,0.6578045273199677
PPIL3,0.40926157124340534,0.5907384287565947
PPIL4,0.32210476643272806,0.6778952335672719
PPIP5K2,0.3737294205597469,0.6262705794402531
PPL,0.5008534975349903,0.4991465024650097
PPM1A,0.30103228174682173,0.6989677182531783
PPM1B,0.348624658371721,0.651375341628279
PPM1D,0.42315356699483736,0.5768464330051626
PPM1F,0.2980413617463325,0.7019586382536676
PPM1G,0.3184609535549368,0.6815390464450632
PPM1H,0.6486681199499539,0.3513318800500461
PPM1K,0.482378219387361,0.5176217806126391
PPM1L,0.6339691132307053,0.36603088676929474
PPM1M,0.40297093375452925,0.5970290662454707
PPME1,0.30582229008099865,0.6941777099190014
PPOX,0.4707839802971908,0.5292160197028092
PPP1CA,0.2596208261259432,0.7403791738740568
PPP1CB,0.3046421945057643,0.6953578054942358
PPP1CC,0.34504417622728006,0.65495582377272
PPP1R10,0.3094030211546591,0.6905969788453409
PPP1R11,0.29364329137440237,0.7063567086255976
PPP1R12A,0.37712698616087437,0.6228730138391256
PPP1R12B,0.6038570340190615,0.39614296598093846
PPP1R12C,0.3286163013960634,0.6713836986039365
PPP1R13L,0.3203548123793943,0.6796451876206058
PPP1R14B,0.34823108970054556,0.6517689102994544
PPP1R14B-AS1,0.31266074251782683,0.6873392574821732
PPP1R15A,0.41118510413382736,0.5888148958661726
PPP1R15B,0.3552514893069331,0.6447485106930668
PPP1R16A,0.42581319117120336,0.5741868088287967
PPP1R16B,0.6109716253621238,0.3890283746378762
PPP1R18,0.31720276800582986,0.6827972319941702
PPP1R2,0.31633584633735673,0.6836641536626433
PPP1R21,0.2823869433154219,0.7176130566845781
PPP1R26,0.4285582889403616,0.5714417110596384
PPP1R27,0.7709911657231194,0.22900883427688057
PPP1R35,0.472586668495621,0.527413331504379
PPP1R37,0.3434338351445539,0.6565661648554462
PPP1R3B,0.3875548906092133,0.6124451093907868
PPP1R3E,0.5198808408209256,0.48011915917907444
PPP1R3F,0.5235982771430697,0.4764017228569303
PPP1R7,0.32010491179036243,0.6798950882096375
PPP1R8,0.325045911063041,0.674954088936959
PPP1R9B,0.25499443736459526,0.7450055626354047
PPP2CA,0.28502443675617023,0.7149755632438297
PPP2CB,0.3378842892125249,0.6621157107874751
PPP2R1A,0.2550595306259181,0.744940469374082
PPP2R1B,0.31726941732423647,0.6827305826757635
PPP2R2A,0.3383771037416799,0.6616228962583202
PPP2R2C,0.3633116858878306,0.6366883141121694
PPP2R2D,0.25457414479127954,0.7454258552087205
PPP2R3A,0.4437642525881529,0.5562357474118471
PPP2R3B,0.5190764207925115,0.4809235792074885
PPP2R3C,0.3338039219379425,0.6661960780620575
PPP2R5A,0.28152382493551287,0.7184761750644871
PPP2R5B,0.2797758773168815,0.7202241226831185
PPP2R5C,0.2971366286011679,0.7028633713988321
PPP2R5D,0.38890133585248676,0.6110986641475132
PPP2R5E,0.2942893020808697,0.7057106979191303
PPP3CA,0.24602920884665633,0.7539707911533436
PPP3CB,0.3048932934179902,0.6951067065820098
PPP3CB-AS1,0.4494352047996862,0.5505647952003139
PPP3CC,0.37011314715657917,0.6298868528434208
PPP3R1,0.24315506381182267,0.7568449361881773
PPP4C,0.26149819305698785,0.7385018069430122
PPP4R1,0.3125512476212212,0.6874487523787788
PPP4R2,0.3230969227318253,0.6769030772681748
PPP4R3A,0.3158952700240271,0.6841047299759728
PPP4R3B,0.3463538054909025,0.6536461945090974
PPP5C,0.35414821601339747,0.6458517839866025
PPP6C,0.3047668947173016,0.6952331052826983
PPP6R1,0.3451007588633469,0.6548992411366531
PPP6R2,0.3377451327230249,0.662254867276975
PPP6R3,0.3065217608319862,0.6934782391680139
PPRC1,0.3707358405060534,0.6292641594939465
PPT1,0.4114940177117075,0.5885059822882925
PPT2,0.3514406917882817,0.6485593082117183
PPTC7,0.3968117652194841,0.603188234780516
PPWD1,0.39200458409530775,0.6079954159046923
PQBP1,0.3723522773278611,0.6276477226721389
PRADC1,0.3930366143052067,0.6069633856947934
PRAF2,0.4905977331634079,0.5094022668365921
PRAG1,0.3870798250926392,0.6129201749073607
PRANCR,0.5056741844330516,0.49432581556694843
PRCC,0.33867931459099054,0.6613206854090095
PRCP,0.3616027778812817,0.6383972221187183
PRDM1,0.46776293590664864,0.5322370640933514
PRDM10,0.3752381969243288,0.6247618030756712
PRDM11,0.37567227945796083,0.6243277205420392
PRDM15,0.5004255553441388,0.4995744446558612
PRDM2,0.39480127500636236,0.6051987249936377
PRDM4,0.3086859823337623,0.6913140176662377
PRDM8,0.47016810679009985,0.5298318932099002
PRDX1,0.34246536903083324,0.6575346309691668
PRDX2,0.492648717548166,0.507351282451834
PRDX3,0.3937058762780258,0.6062941237219742
PRDX4,0.36504502115505083,0.6349549788449491
PRDX5,0.3528911474027804,0.6471088525972196
PRDX6,0.38644704488771303,0.6135529551122869
PRDX6-AS1,0.5194716985736575,0.4805283014263425
PREB,0.3307979710932289,0.669202028906771
PRELID1,0.34416506891804083,0.6558349310819591
PRELID2,0.4730832464993,0.5269167535007
PRELID3B,0.3286169679569347,0.6713830320430654
PREP,0.2759113109537533,0.7240886890462467
PREPL,0.42226567545107435,0.5777343245489257
PRF1,0.5554689248757703,0.44453107512422974
PRH1,0.5066844294113773,0.49331557058862274
PRICKLE1,0.4384477734565735,0.5615522265434265
PRICKLE3,0.36480410264006685,0.6351958973599332
PRIM1,0.5472083618598325,0.45279163814016754
PRIM2,0.4105352581079517,0.5894647418920482
PRIMPOL,0.4231950305402279,0.5768049694597721
PRKAA1,0.3169393076428345,0.6830606923571655
PRKAB1,0.39123394393495153,0.6087660560650485
PRKAB2,0.3733178208182965,0.6266821791817034
PRKACA,0.3242907953847732,0.6757092046152269
PRKACB,0.42176579417926924,0.5782342058207308
PRKAG1,0.2995633808230715,0.7004366191769285
PRKAG2,0.3658592104911804,0.6341407895088196
PRKAG2-AS1,0.6306225455233029,0.3693774544766971
PRKAG3,0.7870393523148128,0.2129606476851872
PRKAR1A,0.31317964515515734,0.6868203548448426
PRKAR1B,0.4107143051390137,0.5892856948609864
PRKAR1B-AS1,0.5922931634954044,0.4077068365045956
PRKAR2A,0.3327294588088989,0.6672705411911011
PRKAR2B,0.7198829597660473,0.2801170402339527
PRKCA,0.44060189330152105,0.559398106698479
PRKCB,0.4468816002564771,0.553118399743523
PRKCD,0.29148381602551254,0.7085161839744875
PRKCE,0.4160577604281051,0.583942239571895
PRKCH,0.3694068544677326,0.6305931455322674
PRKCI,0.3861281845186438,0.6138718154813563
PRKCQ-AS1,0.5789717489055225,0.4210282510944775
PRKCSH,0.2941219581823264,0.7058780418176736
PRKCZ,0.32936390143420013,0.6706360985657999
PRKD2,0.303486797293382,0.696513202706618
PRKD3,0.3935373899127756,0.6064626100872244
PRKDC,0.46970334595867563,0.5302966540413243
PRKG2,0.5712693812591689,0.42873061874083107
PRKN,0.5350406893662044,0.4649593106337956
PRKRA,0.42251275426575113,0.5774872457342488
PRKRIP1,0.41038704610296656,0.5896129538970334
PRKX,0.5646057799458504,0.4353942200541496
PRKY,0.717739115868296,0.282260884131704
PRMT1,0.37114743675504414,0.6288525632449559
PRMT2,0.33686735906771254,0.6631326409322875
PRMT3,0.3536328904862915,0.6463671095137085
PRMT5,0.40482835311974796,0.595171646880252
PRMT7,0.33476302180705325,0.6652369781929468
PRMT9,0.32884862273931503,0.671151377260685
PRNP,0.4394726524395602,0.5605273475604398
PROB1,0.4699634276330471,0.5300365723669529
PROCR,0.39784612134099007,0.6021538786590099
PRODH,0.5807477246437754,0.41925227535622456
PROM2,0.3897287363984755,0.6102712636015245
PRORP,0.3509653290467603,0.6490346709532397
PROSER1,0.36337203426020487,0.6366279657397951
PROX2,0.6040893601519721,0.3959106398480279
PRPF18,0.338515772617289,0.6614842273827111
PRPF19,0.3448777102998325,0.6551222897001675
PRPF3,0.3502052152263267,0.6497947847736734
PRPF31,0.34753041594688383,0.6524695840531162
PRPF38A,0.3495229394840343,0.6504770605159658
PRPF38B,0.36188461179179804,0.638115388208202
PRPF39,0.40131170648549286,0.5986882935145071
PRPF4,0.3724442550114223,0.6275557449885777
PRPF40A,0.32097808617566315,0.6790219138243369
PRPF40B,0.44671933352947235,0.5532806664705276
PRPF6,0.3060831682357405,0.6939168317642594
PRPF8,0.42437204958072733,0.5756279504192727
PRPS1,0.32195940108171534,0.6780405989182847
PRPS2,0.3993877874953406,0.6006122125046593
PRPSAP1,0.38572620041668415,0.6142737995833158
PRPSAP2,0.334765269421041,0.665234730578959
PRR11,0.37505828123539686,0.6249417187646031
PRR12,0.39620691404810976,0.6037930859518903
PRR13,0.32338698394596577,0.6766130160540342
PRR14,0.3211761848734958,0.6788238151265042
PRR14L,0.404676045690264,0.595323954309736
PRR29,0.5374886478696551,0.4625113521303449
PRR3,0.46451424275125774,0.5354857572487423
PRR33,0.6422980949282646,0.3577019050717354
PRR5,0.4523527068751199,0.5476472931248801
PRR5L,0.4552185173545565,0.5447814826454436
PRR7,0.455779549532703,0.544220450467297
PRR7-AS1,0.6166791687054294,0.3833208312945706
PRR9,0.6287381574511528,0.3712618425488472
PRRC1,0.2951624446681568,0.7048375553318432
PRRC2A,0.3503506160507511,0.649649383949249
PRRC2B,0.46523264582668034,0.5347673541733197
PRRC2C,0.41096009739807676,0.5890399026019233
PRRT1,0.5265101766479867,0.4734898233520133
PRRT3,0.5621950072901589,0.4378049927098411
PRSS12,0.6911849815930639,0.30881501840693615
PRSS21,0.6766902623432023,0.3233097376567977
PRSS22,0.5392484824572291,0.4607515175427709
PRTFDC1,0.588318119091647,0.411681880908353
PRUNE1,0.3767652354602303,0.6232347645397698
PRUNE2,0.6022509847368512,0.39774901526314876
PRX,0.4429978539368936,0.5570021460631064
PRXL2A,0.3952664325812033,0.6047335674187967
PRXL2B,0.3750615082681179,0.6249384917318821
PRXL2C,0.33904467416661127,0.6609553258333887
PSAP,0.5547972938844136,0.44520270611558643
PSAPL1,0.6892540540013995,0.3107459459986005
PSD,0.5337145158222744,0.46628548417772564
PSD4,0.33468217216432095,0.665317827835679
PSEN1,0.22984213749753377,0.7701578625024662
PSENEN,0.40734581596085,0.5926541840391499
PSIP1,0.5280323124357632,0.4719676875642368
PSKH1,0.3039700853571828,0.6960299146428173
PSMA1,0.4233331068285874,0.5766668931714126
PSMA2,0.5602966025471687,0.43970339745283127
PSMA3,0.3517379281776292,0.6482620718223708
PSMA3-AS1,0.3916403613984585,0.6083596386015415
PSMA4,0.3471705563632505,0.6528294436367494
PSMA5,0.3453206682045545,0.6546793317954456
PSMA6,0.4405508895537683,0.5594491104462317
PSMA7,0.3171424406713673,0.6828575593286327
PSMB1,0.37898933408515795,0.621010665914842
PSMB10,0.5563780697328704,0.4436219302671296
PSMB2,0.336871980689466,0.663128019310534
PSMB3,0.3816360307059118,0.6183639692940882
PSMB4,0.36565427921180216,0.6343457207881978
PSMB5,0.28776991101247923,0.7122300889875208
PSMB6,0.30775890738420586,0.6922410926157941
PSMB7,0.3445559496592198,0.6554440503407801
PSMB8,0.4830876477062702,0.5169123522937298
PSMB8-AS1,0.5396317408553192,0.4603682591446808
PSMB9,0.5917718442423003,0.40822815575769966
PSMC1,0.3273994866758585,0.6726005133241415
PSMC2,0.3054276667535305,0.6945723332464695
PSMC3,0.33268703586821047,0.6673129641317895
PSMC3IP,0.5000407466931003,0.4999592533068997
PSMC4,0.3328593237591641,0.6671406762408358
PSMC5,0.3220458698592016,0.6779541301407984
PSMC6,0.2585009604559413,0.7414990395440587
PSMD1,0.29366281874743955,0.7063371812525605
PSMD10,0.29180535793836626,0.7081946420616337
PSMD11,0.3133699377732618,0.6866300622267383
PSMD12,0.2739279099873134,0.7260720900126866
PSMD13,0.3375106868999345,0.6624893131000655
PSMD14,0.292989380441473,0.7070106195585271
PSMD2,0.33405067026615143,0.6659493297338486
PSMD3,0.29204587415525957,0.7079541258447404
PSMD4,0.31450836839420454,0.6854916316057955
PSMD5,0.35247886792889666,0.6475211320711034
PSMD6,0.2978237486989071,0.702176251301093
PSMD6-AS2,0.6697205230593681,0.33027947694063187
PSMD7,0.30474284993085476,0.6952571500691452
PSMD8,0.2722466577376638,0.7277533422623361
PSMD9,0.37982580065727234,0.6201741993427277
PSME1,0.46104622286345276,0.5389537771365472
PSME2,0.4863005221954414,0.5136994778045586
PSME3,0.28664449668888536,0.7133555033111146
PSME3IP1,0.30526344424911905,0.6947365557508809
PSME4,0.3159440120549074,0.6840559879450926
PSMF1,0.2799978908151388,0.7200021091848612
PSMG1,0.3684944920241833,0.6315055079758167
PSMG2,0.3606913387775421,0.6393086612224579
PSMG3,0.3961122882153307,0.6038877117846693
PSMG3-AS1,0.5676438419946602,0.4323561580053398
PSMG4,0.4468087564621653,0.5531912435378348
PSPC1,0.4214305223098823,0.5785694776901177
PSPN,0.42767966432230814,0.5723203356776918
PSTPIP2,0.5401988194457122,0.45980118055428776
PTAFR,0.39226680541677134,0.6077331945832287
PTAR1,0.42022512906364035,0.5797748709363597
PTBP1,0.28847855562344193,0.7115214443765581
PTBP2,0.4452118841665132,0.5547881158334869
PTBP3,0.3307672237445201,0.6692327762554799
PTCD1,0.5342615310634885,0.4657384689365115
PTCD2,0.4517363905906677,0.5482636094093323
PTCD3,0.3855938520282507,0.6144061479717493
PTCH1,0.5650620492441314,0.4349379507558686
PTCH2,0.5974331492824214,0.4025668507175786
PTDSS1,0.3612652982452086,0.6387347017547914
PTDSS2,0.33520365559629034,0.6647963444037097
PTEN,0.32663214592529194,0.6733678540747081
PTER,0.41573745597686085,0.5842625440231392
PTGDR2,0.5462409923119205,0.45375900768807953
PTGER2,0.4106317921707939,0.5893682078292062
PTGER4,0.4757185232426439,0.524281476757356
PTGES2,0.34534967398004873,0.6546503260199512
PTGES3,0.31695593654045034,0.6830440634595496
PTGFRN,0.3381894190928766,0.6618105809071234
PTGR2,0.4759129674306938,0.5240870325693062
PTGS1,0.5538803301751614,0.44611966982483864
PTGS2,0.6323645412921906,0.36763545870780945
PTK2,0.28653666007864687,0.7134633399213531
PTK2B,0.4255931670112269,0.574406832988773
PTK6,0.40402293471353395,0.595977065286466
PTMA,0.4321944854621376,0.5678055145378624
PTMS,0.43554883556706564,0.5644511644329344
PTOV1,0.39298343791493345,0.6070165620850665
PTOV1-AS2,0.5928952933422157,0.4071047066577843
PTP4A1,0.4646878144038575,0.5353121855961425
PTP4A2,0.31004582185830387,0.6899541781416961
PTPA,0.32308256945439745,0.6769174305456025
PTPDC1,0.3981556360210691,0.6018443639789308
PTPMT1,0.38398859703115057,0.6160114029688495
PTPN1,0.29980884607149555,0.7001911539285044
PTPN11,0.3560641059385879,0.6439358940614122
PTPN12,0.2763495737952845,0.7236504262047154
PTPN18,0.5017795355192253,0.4982204644807747
PTPN2,0.3581258494939123,0.6418741505060876
PTPN22,0.46512451448610853,0.5348754855138915
PTPN23,0.3234127190329933,0.6765872809670067
PTPN3,0.38048540082361015,0.6195145991763898
PTPN4,0.39776299335062504,0.602237006649375
PTPN6,0.43571315745690037,0.5642868425430996
PTPN7,0.6516586212175233,0.34834137878247673
PTPN9,0.3033974085535322,0.6966025914464677
PTPRA,0.25997998964573654,0.7400200103542635
PTPRB,0.43490750369216713,0.5650924963078329
PTPRC,0.5606350994535855,0.4393649005464145
PTPRE,0.41112388031823294,0.5888761196817671
PTPRF,0.41988171743495123,0.5801182825650488
PTPRG,0.3812407291095172,0.6187592708904828
PTPRJ,0.4964654360498701,0.5035345639501299
PTPRM,0.4945682132882731,0.5054317867117268
PTPRN2,0.6340960658022335,0.36590393419776646
PTPRO,0.40157959211085525,0.5984204078891447
PTPRU,0.45101093617267907,0.5489890638273209
PTPRZ1,0.4826055577557002,0.5173944422442998
PTRH2,0.34086068387010265,0.6591393161298973
PTRHD1,0.4052641311926501,0.5947358688073499
PTS,0.3617201213325773,0.6382798786674226
PTTG1,0.44541473207729204,0.5545852679227079
PTTG1IP,0.30888786838789073,0.6911121316121093
PUF60,0.31962575670331717,0.6803742432966828
PUM1,0.3222688252904585,0.6777311747095415
PUM2,0.35956139184002367,0.6404386081599763
PUM3,0.44799170323780607,0.552008296762194
PURA,0.37055338692984413,0.6294466130701559
PURB,0.272058830779445,0.7279411692205551
PUS1,0.3816619063062327,0.6183380936937672
PUS10,0.37232666702142786,0.6276733329785722
PUS3,0.3555816813771214,0.6444183186228787
PUS7,0.4200809664492096,0.5799190335507904
PUS7L,0.41689833998680115,0.5831016600131989
PUSL1,0.3357449806810889,0.6642550193189112
PVR,0.2514331195769565,0.7485668804230434
PVT1,0.4586520034021565,0.5413479965978435
PWP1,0.2677908827816801,0.7322091172183198
PWP2,0.6287253307444709,0.3712746692555291
PWWP2A,0.4295125805905887,0.5704874194094113
PWWP2B,0.3367219322494098,0.6632780677505902
PWWP3A,0.349781235546938,0.6502187644530619
PXDC1,0.3102058047162635,0.6897941952837365
PXDNL,0.5231166662914413,0.47688333370855873
PXK,0.3926979404475008,0.6073020595524992
PXMP4,0.44985669159463476,0.5501433084053653
PXN,0.2835291794368199,0.7164708205631801
PXN-AS1,0.4265102790668607,0.5734897209331393
PXYLP1,0.6361022485154015,0.36389775148459846
PYCARD,0.41524950840643476,0.5847504915935653
PYCR2,0.3860649112612009,0.6139350887387991
PYCR3,0.409864802179592,0.590135197820408
PYGB,0.3671609644911119,0.6328390355088881
PYGL,0.4010686129331589,0.5989313870668411
PYGO2,0.37364193531019346,0.6263580646898066
PYM1,0.33363812915714725,0.6663618708428527
PYROXD1,0.4462184725063188,0.5537815274936813
PYROXD2,0.4950997792184353,0.5049002207815647
PZP,0.6350921168923378,0.3649078831076622
QARS1,0.32474569311099394,0.675254306889006
QDPR,0.4124212839773723,0.5875787160226277
QKI,0.3526845340217863,0.6473154659782137
QPCT,0.49946925789117813,0.5005307421088219
QPCTL,0.3433192712920053,0.6566807287079948
QPRT,0.5580905133060047,0.4419094866939953
QRFP,0.4940249185476984,0.5059750814523016
QRICH1,0.343570343617882,0.6564296563821179
QRSL1,0.389376216967191,0.610623783032809
QSER1,0.4018798302859068,0.5981201697140932
QSOX1,0.2912242228298315,0.7087757771701685
QSOX2,0.3615725114941597,0.6384274885058403
QTRT1,0.43645777659756796,0.5635422234024321
QTRT2,0.41744688738669666,0.5825531126133033
R3HCC1,0.39647058796669754,0.6035294120333025
R3HCC1L,0.33493647165596485,0.6650635283440351
R3HDM1,0.37153774220496416,0.6284622577950358
R3HDM2,0.3754930618618216,0.6245069381381785
R3HDM4,0.2914041123086853,0.7085958876913148
RAB10,0.3371051446135555,0.6628948553864444
RAB11A,0.3011427944792168,0.6988572055207831
RAB11B,0.32889996335974764,0.6711000366402524
RAB11B-AS1,0.48664845313344685,0.5133515468665532
RAB11FIP1,0.6089618450828961,0.3910381549171039
RAB11FIP2,0.39599916844495703,0.6040008315550429
RAB11FIP3,0.32438189283545527,0.6756181071645447
RAB11FIP4,0.41815620022160666,0.5818437997783934
RAB11FIP5,0.191325155735415,0.808674844264585
RAB12,0.32573221770248245,0.6742677822975176
RAB13,0.4587077115263258,0.5412922884736742
RAB14,0.317907815666071,0.6820921843339289
RAB15,0.516419306397438,0.48358069360256195
RAB18,0.31760278690074173,0.6823972130992583
RAB19,0.6173600767339978,0.38263992326600216
RAB1A,0.2496719261398539,0.7503280738601461
RAB1B,0.2924611396821482,0.7075388603178518
RAB20,0.3821741970522063,0.6178258029477937
RAB21,0.33669852944357054,0.6633014705564295
RAB22A,0.23655626485872613,0.7634437351412738
RAB24,0.47453708361302105,0.525462916386979
RAB25,0.43722044623323847,0.5627795537667615
RAB27A,0.4098841351057802,0.5901158648942197
RAB27B,0.5684536365526063,0.4315463634473937
RAB28,0.39397084074360983,0.6060291592563902
RAB29,0.33286163796271595,0.667138362037284
RAB2A,0.2490409900035177,0.7509590099964822
RAB2B,0.32881132593112333,0.6711886740688766
RAB30,0.3669349492660591,0.6330650507339409
RAB30-DT,0.428713924999881,0.571286075000119
RAB31,0.3752603844872543,0.6247396155127457
RAB32,0.3524590887661491,0.6475409112338508
RAB33A,0.450492676081402,0.549507323918598
RAB33B,0.34877908549138475,0.6512209145086152
RAB34,0.37774542858824134,0.6222545714117587
RAB35,0.2704682788545532,0.7295317211454468
RAB36,0.6139679774641991,0.38603202253580093
RAB37,0.5126797594130039,0.4873202405869961
RAB38,0.4096150110874857,0.5903849889125143
RAB39B,0.6578578810606684,0.34214211893933155
RAB3D,0.3940799374665533,0.6059200625334467
RAB3GAP1,0.27543728266443523,0.7245627173355648
RAB3GAP2,0.34499269457800047,0.6550073054219996
RAB3IP,0.5380851956350463,0.4619148043649537
RAB40B,0.4824774307864053,0.5175225692135947
RAB40C,0.3613125830888748,0.6386874169111252
RAB42,0.7247651900563922,0.2752348099436078
RAB4A,0.3769789087985243,0.6230210912014758
RAB4B,0.6649746341364724,0.3350253658635276
RAB5A,0.31634548998304773,0.6836545100169522
RAB5B,0.3341910620885236,0.6658089379114764
RAB5C,0.24033822809412544,0.7596617719058746
RAB5IF,0.5292074275868279,0.4707925724131721
RAB6A,0.3217531847102301,0.6782468152897698
RAB7A,0.32738081691786647,0.6726191830821335
RAB7B,0.38322016250874313,0.6167798374912569
RAB8A,0.3346836165125881,0.6653163834874118
RAB8B,0.30064312664658893,0.699356873353411
RAB9A,0.330872770897778,0.669127229102222
RAB9B,0.7353134740676198,0.2646865259323802
RABAC1,0.37992732998515877,0.6200726700148412
RABEP1,0.32762861331658705,0.6723713866834129
RABEP2,0.3442334184156997,0.6557665815843003
RABEPK,0.318970438092947,0.681029561907053
RABGAP1,0.35644815117120743,0.6435518488287926
RABGAP1L,0.3691492793815477,0.6308507206184524
RABGEF1,0.2716638901537018,0.7283361098462982
RABGGTA,0.28837058593385984,0.7116294140661401
RABGGTB,0.34548136142880786,0.6545186385711921
RABIF,0.329408099326039,0.670591900673961
RABL2A,0.6056051126548222,0.3943948873451778
RABL2B,0.4642604632037027,0.5357395367962974
RABL3,0.339429786162717,0.660570213837283
RABL6,0.3693117939734033,0.6306882060265967
RAC1,0.3211100383528641,0.6788899616471359
RAC2,0.6220147716147559,0.37798522838524407
RAC3,0.5699866834495749,0.4300133165504251
RACGAP1,0.42367808361138615,0.5763219163886139
RACK1,0.5174019560217857,0.48259804397821426
RAD1,0.38994539795177324,0.6100546020482267
RAD17,0.36175018309482504,0.6382498169051749
RAD18,0.4302936119160482,0.5697063880839518
RAD21,0.37361108059329645,0.6263889194067036
RAD23A,0.32364978960582186,0.6763502103941781
RAD23B,0.30788848103423205,0.692111518965768
RAD50,0.4714765612568174,0.5285234387431825
RAD51-AS1,0.5604456514120102,0.4395543485879898
RAD51AP1,0.5494209634406226,0.45057903655937737
RAD51C,0.4418772081179278,0.5581227918820721
RAD51D,0.4290092627384833,0.5709907372615167
RAD52,0.4989506235080106,0.5010493764919894
RAD54L,0.5379140345113618,0.46208596548863823
RAD54L2,0.3903531176703317,0.6096468823296683
RAD9A,0.3836134283670357,0.6163865716329643
RAE1,0.31780888698995113,0.6821911130100489
RAF1,0.4620849931878703,0.5379150068121297
RAG1,0.5405844428709575,0.4594155571290425
RAI1,0.3793531483305352,0.6206468516694648
RAI14,0.3983826887394701,0.6016173112605299
RALA,0.25066414448831764,0.7493358555116824
RALB,0.296755012390869,0.703244987609131
RALBP1,0.3245051275173734,0.6754948724826266
RALGAPA1,0.3928792734763452,0.6071207265236548
RALGAPA2,0.43070402262466295,0.569295977375337
RALGAPB,0.3079497924606715,0.6920502075393284
RALGDS,0.42770690630589214,0.5722930936941079
RALGPS2,0.4146113246679306,0.5853886753320694
RALY,0.38832650227206095,0.611673497727939
RALY-AS1,0.4633801962648119,0.5366198037351881
RAMAC,0.30257263204215895,0.6974273679578411
RAN,0.2888519117009959,0.7111480882990041
RANBP1,0.3920202971036945,0.6079797028963054
RANBP10,0.325220421488796,0.6747795785112041
RANBP2,0.37325217069259714,0.6267478293074029
RANBP3,0.37386059761047363,0.6261394023895264
RANBP6,0.4125653500003474,0.5874346499996526
RANBP9,0.38840464342917713,0.6115953565708229
RANGAP1,0.3670619162065642,0.6329380837934357
RANGRF,0.438640403428248,0.5613595965717519
RAP1A,0.30848530972642557,0.6915146902735745
RAP1B,0.3405815668936287,0.6594184331063713
RAP1GAP,0.35316780844836365,0.6468321915516364
RAP1GAP2,0.46280866275940624,0.5371913372405938
RAP1GDS1,0.2443330273963511,0.7556669726036489
RAP2A,0.29463607671537567,0.7053639232846243
RAP2B,0.3585826922208071,0.6414173077791929
RAP2C,0.29365847868445727,0.7063415213155427
RAPGEF1,0.34104356941367897,0.658956430586321
RAPGEF2,0.34461957349308897,0.655380426506911
RAPGEF3,0.45405518343406065,0.5459448165659393
RAPGEF6,0.38966355925159796,0.610336440748402
RAPGEFL1,0.44732089287468363,0.5526791071253163
RARA,0.2900833268982491,0.7099166731017509
RARA-AS1,0.48259331764919416,0.5174066823508059
RARG,0.3913001338286059,0.608699866171394
RARRES2,0.6041105102215495,0.3958894897784505
RARS1,0.3022658830575113,0.6977341169424887
RARS2,0.2983504142612219,0.7016495857387781
RASA1,0.40184722734349115,0.5981527726565088
RASA2,0.360173805616796,0.639826194383204
RASA3,0.39675357565283775,0.6032464243471622
RASA4,0.3981616646051407,0.6018383353948593
RASAL1,0.46276271396449636,0.5372372860355037
RASAL2,0.3274245908749955,0.6725754091250045
RASAL3,0.5507473615663392,0.4492526384336608
RASD1,0.6067557792578425,0.3932442207421575
RASGEF1A,0.5999937206506729,0.4000062793493271
RASGEF1B,0.4072309892092432,0.5927690107907568
RASGRP1,0.6189088629824775,0.3810911370175225
RASGRP2,0.5427399501204491,0.45726004987955093
RASGRP3,0.4632112963923386,0.5367887036076614
RASGRP4,0.4528027389730726,0.5471972610269273
RASSF1,0.3894880379417113,0.6105119620582887
RASSF10-DT,0.4735316570316042,0.5264683429683958
RASSF2,0.5336382687091827,0.46636173129081726
RASSF3,0.2949941505544952,0.7050058494455048
RASSF5,0.5058678542929036,0.4941321457070964
RASSF7,0.3760862478188106,0.6239137521811894
RAVER1,0.44468855751412256,0.5553114424858774
RAVER2,0.5138827461217131,0.48611725387828686
RB1,0.35615769853549345,0.6438423014645065
RB1-DT,0.5591781884431839,0.4408218115568161
RB1CC1,0.34145285348807064,0.6585471465119294
RBAK,0.3802149229283844,0.6197850770716156
RBBP4,0.4275014581424849,0.572498541857515
RBBP5,0.3425601103476116,0.6574398896523884
RBBP6,0.3386863164071526,0.6613136835928475
RBBP7,0.3814542591571808,0.6185457408428192
RBBP8,0.48441318209682194,0.5155868179031781
RBBP9,0.41264560392924715,0.5873543960707528
RBCK1,0.3708398480500494,0.6291601519499506
RBFA,0.4586585760116577,0.5413414239883423
RBFOX1,0.7256439839090619,0.27435601609093807
RBFOX2,0.28005601595421986,0.7199439840457802
RBIS,0.41724581590720583,0.5827541840927941
RBKS,0.39657534951610224,0.6034246504838978
RBL1,0.46927399028624805,0.530726009713752
RBL2,0.4084361775645188,0.5915638224354812
RBM10,0.3550541730863707,0.6449458269136292
RBM12,0.2859549961451973,0.7140450038548027
RBM12B,0.4831416149224554,0.5168583850775446
RBM14,0.309789493979354,0.690210506020646
RBM15,0.35717282058405025,0.6428271794159497
RBM15B,0.3236905855259725,0.6763094144740275
RBM17,0.3399286259497915,0.6600713740502084
RBM18,0.310967672084059,0.6890323279159409
RBM19,0.34901281100298676,0.6509871889970132
RBM22,0.3184232001991144,0.6815767998008856
RBM23,0.31604786509914057,0.6839521349008595
RBM25,0.3322401545675738,0.6677598454324263
RBM26,0.33864702310945305,0.661352976890547
RBM27,0.3065402480756997,0.6934597519243003
RBM28,0.3580350173371179,0.6419649826628822
RBM3,0.417289564119918,0.582710435880082
RBM33,0.33171802333423067,0.6682819766657693
RBM34,0.4945418435548033,0.5054581564451968
RBM38,0.45635866426995825,0.5436413357300418
RBM39,0.361330713411527,0.638669286588473
RBM4,0.4595342507319791,0.5404657492680209
RBM41,0.3820202507610832,0.6179797492389167
RBM42,0.346810300967523,0.653189699032477
RBM43,0.43121446961803095,0.5687855303819691
RBM45,0.30821219592222143,0.6917878040777785
RBM47,0.46675637470824377,0.5332436252917563
RBM48,0.3989786612136023,0.6010213387863976
RBM4B,0.389651568872588,0.610348431127412
RBM5,0.35367316087441786,0.6463268391255821
RBM5-AS1,0.5983037927321025,0.40169620726789745
RBM6,0.40434395814580576,0.5956560418541943
RBM7,0.31869886682501863,0.6813011331749814
RBM8A,0.3666750429464238,0.6333249570535762
RBMS1,0.25839725362571436,0.7416027463742856
RBMX,0.38129622475909336,0.6187037752409066
RBMX2,0.30949234816112686,0.6905076518388731
RBMXL1,0.4632940191243376,0.5367059808756625
RBP1,0.4874415839357035,0.5125584160642964
RBPJ,0.378070523164102,0.621929476835898
RBPMS,0.4985742521073137,0.5014257478926862
RBSN,0.3782004048781736,0.6217995951218265
RBX1,0.34935482617999825,0.6506451738200018
RC3H1,0.3521161209791899,0.6478838790208101
RC3H2,0.32837764572884354,0.6716223542711565
RCAN1,0.37381232948973775,0.6261876705102623
RCAN3,0.3323152150426592,0.6676847849573408
RCBTB1,0.4131445437669754,0.5868554562330246
RCBTB2,0.40007940413696425,0.5999205958630358
RCC1,0.3773140484201057,0.6226859515798944
RCC1L,0.3441001913909401,0.6558998086090599
RCC2,0.3338077829352447,0.6661922170647553
RCCD1,0.4554092458316258,0.5445907541683742
RCE1,0.3268063148217542,0.6731936851782458
RCHY1,0.4143918731382915,0.5856081268617085
RCL1,0.455089235412223,0.544910764587777
RCN1,0.5077066783394132,0.4922933216605868
RCN2,0.39228593478245394,0.6077140652175461
RCOR1,0.320213762378054,0.679786237621946
RCOR3,0.4072042219340801,0.5927957780659199
RCSD1,0.47094116626041277,0.5290588337395872
RDH10,0.5588200730936868,0.44117992690631325
RDH11,0.2778088601771742,0.7221911398228258
RDH13,0.40424422015036854,0.5957557798496315
RDH14,0.3534305449575186,0.6465694550424814
RDH16,0.5070957137005669,0.49290428629943306
RDH5,0.6556198447942734,0.3443801552057266
RDX,0.34951635849262985,0.6504836415073701
REC8,0.6159321559326989,0.3840678440673011
RECK,0.4886035206062453,0.5113964793937547
RECQL,0.44761525839567184,0.5523847416043282
RECQL5,0.35470821681831566,0.6452917831816843
REEP3,0.3082432231333639,0.6917567768666362
REEP4,0.31321967975236475,0.6867803202476352
REEP5,0.3169474420802934,0.6830525579197066
REEP6,0.5006267098443848,0.49937329015561516
REL,0.47837513365915846,0.5216248663408416
RELA,0.23561443817535682,0.7643855618246431
RELA-DT,0.45289341307112146,0.5471065869288785
RELB,0.44465077721646856,0.5553492227835315
RELCH,0.41821352019906044,0.5817864798009396
RELL1,0.32202013841431054,0.6779798615856895
RELL2,0.4544657665703978,0.5455342334296023
RELT,0.31424491859174203,0.685755081408258
RENBP,0.593293985085828,0.406706014914172
REPIN1,0.5590210173811231,0.4409789826188769
REPS1,0.31776029111019205,0.682239708889808
RER1,0.262116348071556,0.737883651928444
RERE,0.3854584646012102,0.6145415353987898
RESF1,0.46497586582388195,0.535024134176118
REST,0.35376732769821373,0.6462326723017863
RET,0.5843235914196286,0.41567640858037136
RETREG1,0.5989319426672799,0.4010680573327201
RETREG2,0.2901525790137904,0.7098474209862096
RETREG3,0.28141905633466585,0.7185809436653341
RETSAT,0.36266546031194075,0.6373345396880592
REV1,0.4091376167322908,0.5908623832677091
REV3L,0.4536933760557856,0.5463066239442145
REX1BD,0.4491664402719055,0.5508335597280944
REXO1,0.36291715369692873,0.6370828463030713
REXO2,0.3351045562220471,0.6648954437779528
REXO4,0.3280877960579736,0.6719122039420264
REXO5,0.5408455524593592,0.45915444754064083
RFC1,0.3632571025352393,0.6367428974647606
RFC2,0.3977390599570104,0.6022609400429896
RFC3,0.4563292523047754,0.5436707476952246
RFC4,0.4842426659805434,0.5157573340194566
RFC5,0.5122508757880756,0.4877491242119244
RFESD,0.45808019435831476,0.5419198056416852
RFFL,0.4336852002888918,0.5663147997111082
RFK,0.3535326676709311,0.6464673323290688
RFLNB,0.3420447361256395,0.6579552638743604
RFNG,0.3538212722965649,0.6461787277034351
RFT1,0.32922063980783733,0.6707793601921627
RFTN1,0.4209250568279198,0.5790749431720802
RFWD3,0.3722448317067964,0.6277551682932037
RFX1,0.3514051312314613,0.6485948687685388
RFX2,0.3353844093424933,0.6646155906575066
RFX3,0.5469042334173407,0.45309576658265927
RFX5,0.4790825551109655,0.5209174448890346
RFX5-AS1,0.6548226773738861,0.3451773226261139
RFX7,0.46756098685520037,0.5324390131447996
RFXANK,0.3682352054331984,0.6317647945668017
RFXAP,0.44802769805703846,0.5519723019429615
RGCC,0.3974792095167296,0.6025207904832703
RGL1,0.5494061900036675,0.4505938099963325
RGL2,0.29773547207670553,0.7022645279232944
RGMA,0.5597865533615861,0.4402134466384139
RGP1,0.4110751835895436,0.5889248164104564
RGPD2,0.6255452739340919,0.37445472606590813
RGPD4,0.401141274188246,0.5988587258117539
RGS1,0.620931147464684,0.37906885253531597
RGS10,0.3849985602178744,0.6150014397821256
RGS12,0.37420702166855335,0.6257929783314466
RGS13,0.7033306615693229,0.2966693384306771
RGS14,0.4737395654831614,0.5262604345168387
RGS16,0.5763316266238689,0.42366837337613106
RGS18,0.41504144721797537,0.5849585527820247
RGS19,0.27517125888594557,0.7248287411140544
RGS2,0.5524006807910544,0.4475993192089456
RGS9,0.5846227843846593,0.4153772156153407
RHBDD1,0.32613900024443865,0.6738609997555614
RHBDD2,0.38933680286364897,0.610663197136351
RHBDD3,0.416686580649444,0.583313419350556
RHBDF2,0.32030740486724035,0.6796925951327597
RHCG,0.642052982534681,0.357947017465319
RHEB,0.3241586411105735,0.6758413588894265
RHEX,0.7036245135324342,0.29637548646756584
RHNO1,0.46466271206736565,0.5353372879326344
RHOA,0.3373967807606927,0.6626032192393073
RHOB,0.3473582339606115,0.6526417660393885
RHOBTB2,0.37569879687258173,0.6243012031274182
RHOBTB3,0.6082420381052154,0.3917579618947846
RHOC,0.339490832627884,0.660509167372116
RHOD,0.384239740137543,0.615760259862457
RHOF,0.5020802036992141,0.49791979630078587
RHOG,0.28052723181567024,0.7194727681843298
RHOH,0.47474018963319914,0.5252598103668009
RHOQ,0.33420031970100744,0.6657996802989925
RHOT1,0.35778734939438955,0.6422126506056105
RHOT2,0.3537831043026277,0.6462168956973723
RHOV,0.5271317000899997,0.47286829991000034
RIC1,0.39268516483051435,0.6073148351694857
RIC3,0.7735059538057872,0.22649404619421276
RIC8A,0.30389001898999723,0.6961099810100028
RIC8B,0.45673912870032446,0.5432608712996756
RICTOR,0.3854962484911084,0.6145037515088916
RIDA,0.4097648151218891,0.5902351848781109
RIF1,0.4224540540682418,0.5775459459317582
RILP,0.38797951649342266,0.6120204835065773
RILPL1,0.31848219595849514,0.6815178040415049
RILPL2,0.35709973610937595,0.642900263890624
RIMKLB,0.43603539573294775,0.5639646042670523
RIN1,0.46113969864589827,0.5388603013541018
RIN2,0.349219375955207,0.650780624044793
RIN3,0.3735139449792249,0.6264860550207751
RING1,0.3002059176963355,0.6997940823036646
RINL,0.5404622416411128,0.4595377583588872
RINT1,0.4043062063200133,0.5956937936799866
RIOK1,0.3619407005608082,0.6380592994391918
RIOK2,0.3289011425471732,0.6710988574528268
RIOK3,0.3330059440673462,0.6669940559326538
RIOX1,0.38007919889475617,0.6199208011052438
RIOX2,0.3353338288808508,0.6646661711191493
RIPK1,0.3276869029338871,0.6723130970661129
RIPK2,0.35416661681873457,0.6458333831812655
RIPK3,0.4457403224493776,0.5542596775506223
RIPOR1,0.23080819213230694,0.769191807867693
RIPOR2,0.5835042468139103,0.41649575318608967
RIPOR3,0.6898569794637817,0.31014302053621834
RIT1,0.36959472325231346,0.6304052767476865
RITA1,0.3801270031503269,0.6198729968496731
RLF,0.3171351027808019,0.6828648972191981
RLIM,0.3112022287116685,0.6887977712883315
RMC1,0.3817205216203417,0.6182794783796584
RMDN1,0.3324851029153381,0.6675148970846618
RMDN2,0.45989388786256313,0.5401061121374369
RMDN3,0.3328859792756183,0.6671140207243818
RMI1,0.4914212908063616,0.5085787091936385
RMI2,0.47074052478585926,0.5292594752141407
RMND1,0.39301892928779125,0.6069810707122087
RMND5A,0.38758338721735136,0.6124166127826487
RMND5B,0.4558708220720291,0.5441291779279709
RNASE7,0.45773119629094644,0.5422688037090535
RNASEH1,0.4224334747663566,0.5775665252336434
RNASEH2B,0.40144191841994015,0.5985580815800599
RNASEH2C,0.3820815480181149,0.6179184519818851
RNASEK,0.5109611903982503,0.4890388096017497
RNASEL,0.44577140228024553,0.5542285977197545
RNASET2,0.48794332944921087,0.5120566705507892
RND1,0.6037155836820602,0.39628441631793976
RND3,0.44385066255927086,0.5561493374407291
RNF10,0.2425291428350777,0.7574708571649222
RNF103,0.3544121970023428,0.6455878029976572
RNF11,0.30885430096947986,0.6911456990305201
RNF111,0.3510169911065272,0.6489830088934728
RNF113A,0.3313000733698053,0.6686999266301947
RNF114,0.36941736098378897,0.630582639016211
RNF115,0.37954315010990414,0.6204568498900959
RNF121,0.3679153666432415,0.6320846333567585
RNF122,0.3876890361841236,0.6123109638158764
RNF123,0.39215422395084587,0.6078457760491541
RNF125,0.5556735119649342,0.4443264880350658
RNF126,0.3325606110904898,0.6674393889095103
RNF13,0.3453334335769926,0.6546665664230074
RNF130,0.4820695886654513,0.5179304113345486
RNF135,0.3619003922545484,0.6380996077454516
RNF138,0.4679278891001429,0.5320721108998572
RNF139,0.2795929860855852,0.7204070139144148
RNF14,0.32059798669070005,0.6794020133093
RNF141,0.3326442465186119,0.6673557534813881
RNF144A,0.47031173881675514,0.5296882611832449
RNF145,0.4024836170886244,0.5975163829113757
RNF146,0.356099409916039,0.6439005900839609
RNF149,0.3341931203779365,0.6658068796220635
RNF152,0.5557163740907397,0.4442836259092603
RNF166,0.43861989410860197,0.5613801058913981
RNF167,0.30347879736551214,0.6965212026344878
RNF168,0.42317707863237175,0.5768229213676282
RNF169,0.4905602644596781,0.509439735540322
RNF170,0.4169946728008134,0.5830053271991866
RNF181,0.31432948767074514,0.6856705123292548
RNF185,0.24497885456574814,0.7550211454342519
RNF187,0.30911067178073737,0.6908893282192626
RNF19A,0.43242994749120306,0.567570052508797
RNF19B,0.3614191822707653,0.6385808177292347
RNF2,0.2885893733639802,0.7114106266360198
RNF20,0.31896268436685205,0.681037315633148
RNF207,0.6440175463046346,0.3559824536953654
RNF208,0.5448503856148038,0.4551496143851962
RNF213,0.5126291364431381,0.4873708635568619
RNF213-AS1,0.5389907913548606,0.4610092086451394
RNF214,0.36320291991744724,0.6367970800825528
RNF215,0.39275504435811726,0.6072449556418827
RNF216,0.3028701523851071,0.6971298476148928
RNF217,0.32730815426579546,0.6726918457342046
RNF220,0.321396352989333,0.678603647010667
RNF222,0.5650243764477116,0.43497562355228836
RNF227,0.5322216711938381,0.4677783288061619
RNF25,0.3661673359040703,0.6338326640959298
RNF26,0.3439721704593727,0.6560278295406273
RNF31,0.5432876742311886,0.4567123257688114
RNF32-AS1,0.648664510675839,0.35133548932416103
RNF34,0.36294679969016996,0.63705320030983
RNF38,0.43763295986822676,0.5623670401317733
RNF4,0.32538518256374765,0.6746148174362523
RNF40,0.3568334896117449,0.6431665103882551
RNF41,0.3354624499167715,0.6645375500832285
RNF43,0.5406237585203988,0.4593762414796012
RNF44,0.41776137080575737,0.5822386291942426
RNF5,0.3635034265794924,0.6364965734205076
RNF6,0.30967296180980547,0.6903270381901945
RNF7,0.3417482256357159,0.6582517743642842
RNF8,0.28365772277382867,0.7163422772261714
RNFT1,0.41346315587205545,0.5865368441279446
RNGTT,0.3192104416500245,0.6807895583499755
RNH1,0.299820820667914,0.700179179332086
RNMT,0.36408702097833157,0.6359129790216684
RNPC3,0.4240306647760527,0.5759693352239472
RNPEP,0.3024993810270514,0.6975006189729487
RNPEPL1,0.3250610878957169,0.674938912104283
RNPS1,0.30523903405160774,0.6947609659483922
RO60,0.37886475771665573,0.6211352422833443
ROBO3,0.4904788069959198,0.5095211930040802
ROCK1,0.38015779347292017,0.6198422065270799
ROCK2,0.33860626364392893,0.6613937363560711
ROGDI,0.43884413556328844,0.5611558644367116
ROMO1,0.39358178100415636,0.6064182189958436
RORA,0.5180966470922742,0.4819033529077258
RORA-AS1,0.4235934168100357,0.5764065831899643
RP2,0.3585096017590591,0.6414903982409409
RP9,0.40377974124359234,0.5962202587564076
RPA1,0.37595877051353455,0.6240412294864655
RPA2,0.4221326605017696,0.5778673394982303
RPA3,0.40743322430976797,0.592566775690232
RPAIN,0.42805391550064087,0.5719460844993591
RPAP1,0.35962599675570217,0.6403740032442978
RPAP2,0.3684436324983835,0.6315563675016165
RPAP3,0.3384636252054146,0.6615363747945854
RPE,0.29841242198433193,0.7015875780156681
RPE65,0.6179098806210926,0.38209011937890736
RPF1,0.3051465814933181,0.6948534185066819
RPF2,0.3120836507795112,0.6879163492204887
RPGR,0.3780939805188349,0.6219060194811651
RPH3AL,0.596047722867557,0.40395227713244297
RPIA,0.42004925119025366,0.5799507488097464
RPL37A-DT,0.46490113330738886,0.5350988666926111
RPN1,0.30531451678169624,0.6946854832183038
RPN2,0.3499928772549278,0.6500071227450722
RPP14,0.46128631808928083,0.5387136819107192
RPP21,0.4942285285464355,0.5057714714535645
RPP25,0.5529128818639687,0.4470871181360313
RPP25L,0.47204646840691566,0.5279535315930843
RPP30,0.37541526023830685,0.6245847397616932
RPP38,0.41883665323257446,0.5811633467674255
RPP38-DT,0.4524549578449556,0.5475450421550444
RPP40,0.399739587147321,0.600260412852679
RPRD1A,0.40618032749210087,0.5938196725078991
RPRD1B,0.31743030050503357,0.6825696994949664
RPRD2,0.4257430625813348,0.5742569374186652
RPS27AP5,0.5271002650260925,0.47289973497390747
RPS6KA1,0.3597343635878393,0.6402656364121607
RPS6KA2,0.44103415390210493,0.558965846097895
RPS6KA3,0.39555083135409014,0.6044491686459099
RPS6KA4,0.33939219023367123,0.6606078097663288
RPS6KA5,0.4903051922363894,0.5096948077636105
RPS6KB1,0.3573979924299887,0.6426020075700113
RPS6KB2,0.32061263067381723,0.6793873693261827
RPS6KC1,0.35439810689006535,0.6456018931099347
RPTN,0.663384137409074,0.336615862590926
RPTOR,0.2979238447067993,0.7020761552932007
RPUSD1,0.3583030216395855,0.6416969783604145
RPUSD2,0.37027544741119656,0.6297245525888034
RPUSD3,0.3308935915119946,0.6691064084880054
RPUSD4,0.34714171875800404,0.652858281241996
RRAD,0.6532503526125636,0.3467496473874364
RRAGA,0.31642889231443405,0.683571107685566
RRAGB,0.39911619094865664,0.6008838090513433
RRAGC,0.2881610666268638,0.7118389333731362
RRAGD,0.5836538683090892,0.41634613169091084
RRAS,0.3595355274155736,0.6404644725844264
RRAS2,0.30522120701061795,0.694778792989382
RRBP1,0.3164692413327949,0.683530758667205
RREB1,0.3906583848542401,0.6093416151457599
RRM1,0.39596633187362124,0.6040336681263787
RRM2B,0.34654258617333006,0.65345741382667
RRN3,0.3019690243527293,0.6980309756472707
RRP1,0.38044180667826105,0.6195581933217389
RRP12,0.3124190012791327,0.6875809987208673
RRP15,0.3410983621808035,0.6589016378191965
RRP1B,0.37614332884550095,0.623856671154499
RRP36,0.3081245319917798,0.6918754680082202
RRP7A,0.3875802138022014,0.6124197861977986
RRP8,0.3385962085532291,0.661403791446771
RRP9,0.3581712371004479,0.641828762899552
RRS1,0.3814341364694493,0.6185658635305507
RSAD1,0.39638845595930305,0.603611544040697
RSAD2,0.6790016378675189,0.3209983621324811
RSBN1,0.3530751006411655,0.6469248993588346
RSBN1L,0.4621302517397063,0.5378697482602937
RSF1,0.3757181369832584,0.6242818630167416
RSL1D1,0.3342301309374826,0.6657698690625173
RSPH3,0.29751642261232647,0.7024835773876735
RSPH9,0.5565273383898395,0.4434726616101605
RSPRY1,0.2710508530227734,0.7289491469772267
RSRC1,0.4275906799095018,0.5724093200904983
RSRC2,0.32360880688897203,0.676391193111028
RSRP1,0.5121246677424226,0.4878753322575774
RSU1,0.29034961813262533,0.7096503818673747
RTCA,0.2622729509270617,0.7377270490729383
RTCA-AS1,0.6123100934284074,0.38768990657159264
RTCB,0.31966319281075684,0.6803368071892432
RTEL1,0.4364933797291347,0.5635066202708653
RTF1,0.33310066828770296,0.6668993317122971
RTF2,0.26425281626039315,0.7357471837396068
RTKN2,0.6454613176839692,0.3545386823160308
RTL10,0.3893542702176741,0.6106457297823259
RTL5,0.6428702622652054,0.3571297377347946
RTL6,0.448748235723802,0.551251764276198
RTL8A,0.3475650489396815,0.6524349510603185
RTL8C,0.29958159955484526,0.7004184004451548
RTN2,0.38896168555532185,0.6110383144446782
RTN3,0.2847569103011795,0.7152430896988204
RTN4,0.2953830976371786,0.7046169023628214
RTN4IP1,0.42785148482237545,0.5721485151776246
RTP4,0.6795833366257804,0.3204166633742196
RTRAF,0.3322518799187882,0.6677481200812119
RTTN,0.39474502937602146,0.6052549706239785
RUBCN,0.4234845566430262,0.5765154433569738
RUFY1,0.3610134483980281,0.6389865516019719
RUFY2,0.3723540024033615,0.6276459975966385
RUFY3,0.40265851254974094,0.5973414874502591
RUNDC1,0.3303460353719337,0.6696539646280664
RUNDC3A-AS1,0.4925902171858719,0.5074097828141281
RUNX1,0.41084762662649155,0.5891523733735085
RUNX2,0.4177675127450909,0.5822324872549092
RUNX3,0.5595976465514728,0.4404023534485272
RUNX3-AS1,0.5368451151464667,0.4631548848535333
RUSC1,0.30593483349574463,0.6940651665042554
RUSC2,0.44356236500399454,0.5564376349960054
RUSF1,0.3668562796499048,0.6331437203500951
RUVBL1,0.34248634920056376,0.6575136507994362
RUVBL2,0.3218663115320461,0.6781336884679539
RWDD1,0.328092041558453,0.671907958441547
RWDD2B,0.3765964887237975,0.6234035112762025
RWDD3,0.4837315274136407,0.5162684725863593
RWDD4,0.33586160918431623,0.6641383908156837
RXRA,0.34351335665477173,0.6564866433452283
RXRB,0.3143156733629959,0.6856843266370041
RXYLT1,0.4097951807613884,0.5902048192386116
RYBP,0.33077199278133257,0.6692280072186674
RYK,0.3481601114783968,0.6518398885216032
RYR1,0.6518249948109899,0.3481750051890101
RYR3,0.6979925015142986,0.3020074984857014
S100A10,0.3309697821470244,0.6690302178529757
S100A11,0.3510124509089759,0.6489875490910241
S100A13,0.5736006950693471,0.4263993049306529
S100A14,0.42383510512965067,0.5761648948703493
S100A16,0.31624272651970387,0.6837572734802961
S100A2,0.4224150851368904,0.5775849148631096
S100A4,0.5442745728152139,0.45572542718478615
S100A6,0.5494920361254897,0.4505079638745103
S100A7,0.6221377785716738,0.37786222142832615
S100A7A,0.6117498321192605,0.3882501678807395
S100A8,0.6455845226134572,0.3544154773865428
S100A9,0.650810777076653,0.349189222923347
S100PBP,0.34896755910345484,0.6510324408965451
S1PR2,0.41391575815422194,0.5860842418457781
S1PR5,0.454922874192042,0.545077125807958
SAA1,0.677101439663342,0.322898560336658
SAAL1,0.4110343945877893,0.5889656054122108
SAC3D1,0.4336371616061245,0.5663628383938755
SACM1L,0.3429647766585861,0.6570352233414138
SACS,0.4060331790574959,0.5939668209425041
SAE1,0.32484395768759505,0.675156042312405
SAFB,0.35079569010330097,0.6492043098966991
SAFB2,0.35685151988374336,0.6431484801162566
SALL2,0.6313540275607791,0.3686459724392209
SAMD1,0.3675257230975798,0.6324742769024202
SAMD10,0.5606096802013261,0.43939031979867393
SAMD4A,0.40677825042179655,0.5932217495782035
SAMD4B,0.2973159982689789,0.7026840017310211
SAMD8,0.3440970778465271,0.6559029221534729
SAMD9,0.5574171218488898,0.4425828781511102
SAMD9L,0.6117776089480945,0.3882223910519055
SAMHD1,0.5484448618122509,0.45155513818774906
SAMM50,0.34823950406696114,0.6517604959330389
SAMSN1,0.4372491714145456,0.5627508285854543
SAP18,0.3179817436529057,0.6820182563470942
SAP30,0.5195344223507813,0.4804655776492187
SAP30BP,0.3002712409943342,0.6997287590056658
SAP30L,0.4411993896854775,0.5588006103145224
SAP30L-AS1,0.4397155719676188,0.5602844280323812
SAPCD1,0.6408829082335744,0.3591170917664256
SAPCD2,0.4651148110362036,0.5348851889637964
SAR1A,0.2704959516080895,0.7295040483919105
SAR1B,0.3300997415956642,0.6699002584043359
SARAF,0.3608076782631023,0.6391923217368978
SARS1,0.2618385054769793,0.7381614945230207
SART1,0.31639961658843924,0.6836003834115607
SART3,0.3676098763410534,0.6323901236589466
SASH3,0.4576354521725859,0.5423645478274142
SASS6,0.4866274499467441,0.5133725500532559
SAT1,0.5033853381339993,0.4966146618660007
SAT2,0.3730969540774822,0.6269030459225178
SATB1,0.5474860567067351,0.4525139432932649
SATB1-AS1,0.6481519756572587,0.3518480243427413
SAV1,0.29377668304368854,0.7062233169563115
SAYSD1,0.3576736535344805,0.6423263464655196
SBDS,0.2581491893423455,0.7418508106576545
SBF1,0.37712053475635393,0.622879465243646
SBF2,0.39466592988797594,0.605334070112024
SBF2-AS1,0.5253642318504197,0.4746357681495803
SBNO1,0.35080059750803877,0.6491994024919612
SBNO1-AS1,0.5664202512374946,0.4335797487625054
SBNO2,0.37865714436130865,0.6213428556386913
SBSN,0.4837473410048655,0.5162526589951345
SC5D,0.42824047830488,0.57175952169512
SCAF1,0.3021277678864343,0.6978722321135657
SCAF11,0.37023045535066296,0.629769544649337
SCAF4,0.3544819605137621,0.6455180394862379
SCAF8,0.37454941576080664,0.6254505842391933
SCAI,0.4805244840681553,0.5194755159318447
SCAMP1,0.3138662820814976,0.6861337179185024
SCAMP1-AS1,0.45135661001716343,0.5486433899828366
SCAMP2,0.29832913101251635,0.7016708689874837
SCAMP3,0.29385992947001277,0.7061400705299872
SCAMP4,0.2822906768747738,0.7177093231252262
SCAND1,0.4159307878996645,0.5840692121003355
SCAP,0.32107989699579775,0.6789201030042022
SCAPER,0.4151300149304526,0.5848699850695473
SCARB2,0.32916306677673546,0.6708369332232645
SCARF1,0.41439415062112467,0.5856058493788754
SCARF2,0.38457653851115275,0.6154234614888472
SCART1,0.6022574124591691,0.3977425875408309
SCCPDH,0.5336673781275749,0.4663326218724251
SCD,0.4873390620840447,0.5126609379159552
SCD5,0.48592101729341913,0.5140789827065808
SCFD1,0.24157476514977003,0.75842523485023
SCFD2,0.3369220271706581,0.6630779728293419
SCIN,0.7106503141777856,0.28934968582221443
SCLT1,0.3982548812138183,0.6017451187861818
SCLY,0.4876919449972255,0.5123080550027745
SCMH1,0.3823749242084367,0.6176250757915633
SCML1,0.5096993036568165,0.4903006963431835
SCN4A,0.7281310473169599,0.2718689526830401
SCN4B,0.515168586479766,0.48483141352023396
SCN5A,0.7037400092397418,0.2962599907602582
SCNM1,0.3793577722140721,0.6206422277859279
SCNN1A,0.5510370236422334,0.4489629763577666
SCNN1D,0.5176326275936195,0.4823673724063805
SCNN1G,0.5734499267169407,0.4265500732830593
SCO1,0.33342092890026315,0.6665790710997368
SCO2,0.6801664722817284,0.31983352771827156
SCOC,0.29924081691673826,0.7007591830832618
SCOC-AS1,0.5269427421901908,0.47305725780980923
SCP2,0.2987207242487265,0.7012792757512736
SCPEP1,0.48530085970248493,0.5146991402975151
SCRIB,0.37053782652531353,0.6294621734746865
SCRN1,0.3660170072024422,0.6339829927975578
SCRN2,0.4068422618189028,0.5931577381810972
SCRN3,0.43929717955844744,0.5607028204415525
SCX,0.5038908843084106,0.49610911569158944
SCYL1,0.24463214006807124,0.7553678599319288
SCYL2,0.3580840440200908,0.6419159559799092
SCYL3,0.4691062851675919,0.5308937148324081
SDAD1,0.33804548292287756,0.6619545170771224
SDC1,0.24764880554617516,0.7523511944538248
SDC3,0.3684126335595335,0.6315873664404665
SDC4,0.3847161177545786,0.6152838822454214
SDCBP,0.37570177271429983,0.6242982272857002
SDCBP2,0.5110408168818269,0.4889591831181731
SDCBP2-AS1,0.5153028023030076,0.4846971976969924
SDCCAG8,0.3941723539360932,0.6058276460639068
SDE2,0.3638138547539711,0.6361861452460289
SDF2,0.2858249895008547,0.7141750104991453
SDF2L1,0.35919929907790255,0.6408007009220975
SDF4,0.30042037753654377,0.6995796224634563
SDHA,0.4435056298971176,0.5564943701028824
SDHAF1,0.43689795290785177,0.5631020470921482
SDHAF2,0.37848567217588425,0.6215143278241158
SDHAF3,0.4261303203446524,0.5738696796553475
SDHAF4,0.425037980345743,0.574962019654257
SDHB,0.2859037447986858,0.7140962552013141
SDHC,0.2785725082669939,0.7214274917330061
SDHD,0.3639549052209726,0.6360450947790274
SDK2,0.5684365300195557,0.43156346998044426
SDR39U1,0.5081178019089359,0.49188219809106415
SDR42E1,0.357771764775472,0.642228235224528
SDR42E2,0.5597184923078332,0.4402815076921668
SDR9C7,0.4891391248841371,0.510860875115863
SDSL,0.5358167333262307,0.4641832666737693
SEC11A,0.27910781889555175,0.7208921811044482
SEC11C,0.4234465541584151,0.5765534458415849
SEC13,0.25672950875014067,0.7432704912498593
SEC14L1,0.32228731197704164,0.6777126880229584
SEC14L2,0.4781971334346703,0.5218028665653297
SEC14L5,0.7582731310810361,0.2417268689189639
SEC14L6,0.6139805292976754,0.38601947070232456
SEC16A,0.30820318923464846,0.6917968107653516
SEC22A,0.30979362236601965,0.6902063776339804
SEC22B,0.3439530182097639,0.6560469817902361
SEC22C,0.3034151446606432,0.6965848553393568
SEC23A,0.28731309198441785,0.7126869080155822
SEC23B,0.32447426752852543,0.6755257324714745
SEC23IP,0.3087040300347975,0.6912959699652025
SEC24A,0.34078837452190264,0.6592116254780973
SEC24B,0.30944283845435294,0.6905571615456471
SEC24C,0.4505210800894669,0.5494789199105331
SEC24D,0.35228422031338724,0.6477157796866128
SEC31A,0.3074753218596535,0.6925246781403465
SEC61A1,0.2764416161392416,0.7235583838607584
SEC61B,0.3046108412423304,0.6953891587576696
SEC61G,0.4419295223695891,0.5580704776304108
SEC62,0.31036554416641593,0.6896344558335841
SEC63,0.27321558844830307,0.7267844115516969
SECISBP2,0.3558501412293741,0.6441498587706259
SECISBP2L,0.3778990876993963,0.6221009123006037
SECTM1,0.6320912146142551,0.3679087853857449
SEH1L,0.3647406665342195,0.6352593334657806
SEL1L,0.3322144674935511,0.6677855325064489
SEL1L3,0.5374720485082695,0.46252795149173054
SELENBP1,0.6730076351336071,0.32699236486639294
SELENOF,0.26981417580308126,0.7301858241969188
SELENOH,0.40959010113562855,0.5904098988643715
SELENOI,0.36692925489374567,0.6330707451062543
SELENOK,0.35428020344781025,0.6457197965521897
SELENOM,0.4598314533276217,0.5401685466723782
SELENON,0.34289469064346384,0.6571053093565362
SELENOO,0.36619646734158906,0.6338035326584109
SELENOP,0.6046254879661969,0.39537451203380314
SELENOS,0.28750335761911366,0.7124966423808863
SELENOT,0.3241940988227725,0.6758059011772275
SELENOW,0.32429505565336775,0.6757049443466323
SELPLG,0.5184351120676313,0.48156488793236873
SEM1,0.36885847843119074,0.6311415215688092
SEMA3D,0.6243047873888697,0.37569521261113026
SEMA4A,0.4224532092256205,0.5775467907743794
SEMA4B,0.3549652359714465,0.6450347640285534
SEMA4C,0.426428618441735,0.573571381558265
SEMA4D,0.5355595765369279,0.4644404234630721
SEMA4F,0.31259222807628767,0.6874077719237124
SEMA6A,0.6769160330295563,0.3230839669704437
SEMA6B,0.3904182677755931,0.6095817322244069
SEMA7A,0.44016482547989916,0.5598351745201009
SENCR,0.512024640504803,0.487975359495197
SENP1,0.40282968182249795,0.5971703181775021
SENP2,0.38147905335894655,0.6185209466410535
SENP3,0.357500628435186,0.642499371564814
SENP5,0.35794295503624846,0.6420570449637515
SENP6,0.3563609119238598,0.6436390880761402
SENP7,0.4149449158992086,0.5850550841007913
SEPHS1,0.3716419828789575,0.6283580171210426
SEPHS2,0.33850808654512676,0.6614919134548732
SEPSECS-AS1,0.5149368633116994,0.4850631366883006
SEPTIN1,0.6333537165607724,0.36664628343922756
SEPTIN10,0.3207754577909197,0.6792245422090804
SEPTIN11,0.3830511506114687,0.6169488493885313
SEPTIN2,0.33489676884242464,0.6651032311575753
SEPTIN4,0.5341771058738232,0.46582289412617683
SEPTIN6,0.450414029615266,0.549585970384734
SEPTIN7,0.2945198874721037,0.7054801125278962
SEPTIN8,0.34793313645890783,0.6520668635410922
SEPTIN9,0.4131592669125114,0.5868407330874885
SERAC1,0.39908924592392786,0.6009107540760721
SERBP1,0.2613323502674965,0.7386676497325035
SERF2,0.3748916733477797,0.6251083266522204
SERGEF,0.4043080173432827,0.5956919826567173
SERINC1,0.3129319663026503,0.6870680336973497
SERINC2,0.3740017775978361,0.6259982224021639
SERINC3,0.26778956529285225,0.7322104347071478
SERINC5,0.41816048324108124,0.5818395167589188
SERP1,0.3037736560218036,0.6962263439781964
SERPINA1,0.44032114318438936,0.5596788568156106
SERPINA9,0.6110876990216119,0.38891230097838814
SERPINB1,0.4582888531897749,0.5417111468102251
SERPINB2,0.5804801562002727,0.4195198437997273
SERPINB3,0.656069315969944,0.343930684030056
SERPINB4,0.670426861516067,0.329573138483933
SERPINB6,0.3977906850299665,0.6022093149700335
SERPINB8,0.3972022285951035,0.6027977714048964
SERPINB9,0.49905366769858767,0.5009463323014123
SERPINB9P1,0.5738364341003555,0.42616356589964455
SERPINE1,0.4703169177685465,0.5296830822314536
SERPINE2,0.493956454630409,0.5060435453695911
SERPINF1,0.6086444248046193,0.39135557519538067
SERPING1,0.5789336711168289,0.4210663288831711
SERPINH1,0.29089406691491604,0.709105933085084
SERPINI1,0.7081348236118045,0.29186517638819554
SERTAD1,0.38065458461642265,0.6193454153835773
SERTAD2,0.3402571002786447,0.6597428997213552
SERTAD3,0.369590933035527,0.6304090669644731
SERTAD4,0.6049791361604419,0.39502086383955815
SESN1,0.4261832082910197,0.5738167917089803
SESN2,0.3314106674598796,0.6685893325401204
SESN3,0.5064053748335157,0.49359462516648434
SESTD1,0.49268726259469986,0.5073127374053001
SET,0.3765738963016442,0.6234261036983558
SETBP1,0.45869424140879084,0.5413057585912091
SETD1A,0.31795934601021664,0.6820406539897834
SETD1B,0.39723089975970133,0.6027691002402986
SETD2,0.3725683385772364,0.6274316614227635
SETD3,0.21063928775090193,0.7893607122490981
SETD4,0.42767749088151114,0.5723225091184889
SETD5,0.37541641747312887,0.6245835825268711
SETD6,0.4053683259657451,0.5946316740342549
SETD9,0.5104683158653123,0.48953168413468773
SETDB1,0.42544630435960634,0.5745536956403936
SETDB2,0.4054826995623963,0.5945173004376036
SETMAR,0.5424709096550941,0.45752909034490585
SETX,0.3449465094932488,0.6550534905067512
SEZ6,0.8974032529762813,0.10259674702371868
SF1,0.3096889097443117,0.6903110902556884
SF3A1,0.3420873699443681,0.6579126300556319
SF3A2,0.3571000261498349,0.6428999738501651
SF3A3,0.31539046125752584,0.6846095387424742
SF3B1,0.39243865651743753,0.6075613434825624
SF3B2,0.2887711594812572,0.7112288405187428
SF3B3,0.3159101933706552,0.6840898066293448
SF3B4,0.3420787145649748,0.6579212854350251
SF3B5,0.3605018710451467,0.6394981289548534
SF3B6,0.3212889832710581,0.6787110167289419
SFI1,0.5042949132621288,0.49570508673787117
SFMBT2,0.4728725685604981,0.5271274314395019
SFN,0.38975581659802366,0.6102441834019763
SFPQ,0.35324918305767433,0.6467508169423257
SFR1,0.4429731954421316,0.5570268045578683
SFRP1,0.7163938816104617,0.2836061183895383
SFSWAP,0.31531232395874603,0.6846876760412539
SFT2D1,0.30193966533988714,0.6980603346601129
SFT2D2,0.3519853435988937,0.6480146564011062
SFTPD,0.5562205889395305,0.4437794110604695
SFXN1,0.386870676651597,0.613129323348403
SFXN2,0.5829219999057906,0.41707800009420937
SFXN3,0.26672635041177273,0.7332736495882273
SFXN4,0.3910757901945284,0.6089242098054716
SFXN5,0.4026719315775803,0.5973280684224197
SGCE,0.4424462475414787,0.5575537524585212
SGF29,0.4141793791204691,0.5858206208795309
SGIP1,0.4423557429441384,0.5576442570558616
SGK1,0.5267064720392227,0.4732935279607773
SGK3,0.42714500267590794,0.5728549973240921
SGMS1,0.3546016588807106,0.6453983411192894
SGMS1-AS1,0.522761805249112,0.477238194750888
SGMS2,0.3884238302707672,0.6115761697292328
SGO1,0.5650504550763539,0.4349495449236461
SGO2,0.4471708967217377,0.5528291032782623
SGPL1,0.3631397911480495,0.6368602088519505
SGPP1,0.34328130329959095,0.656718696700409
SGPP2,0.5855666462864194,0.4144333537135806
SGSH,0.29726393706265036,0.7027360629373496
SGSM2,0.41922212711402346,0.5807778728859765
SGSM3,0.5474478421466691,0.4525521578533309
SGTA,0.33541846993778435,0.6645815300622157
SGTB,0.31581234373152256,0.6841876562684774
SH2B1,0.39427120850554537,0.6057287914944547
SH2B3,0.34461015183478594,0.6553898481652141
SH2D2A,0.47363452294043135,0.5263654770595687
SH2D3A,0.3153366344049573,0.6846633655950427
SH2D3C,0.4824206994048187,0.5175793005951813
SH2D5,0.44120191277137827,0.5587980872286218
SH3BGRL,0.4434432201087475,0.5565567798912525
SH3BGRL2,0.5739864856004715,0.4260135143995285
SH3BGRL3,0.3978659567822303,0.6021340432177698
SH3BP1,0.39612301093127045,0.6038769890687296
SH3BP2,0.34795037417539526,0.6520496258246047
SH3BP4,0.3995611444115639,0.6004388555884361
SH3BP5,0.5411253826958793,0.4588746173041207
SH3BP5-AS1,0.6155241876840591,0.38447581231594086
SH3BP5L,0.34164859354496,0.65835140645504
SH3D21,0.38967276816921576,0.6103272318307842
SH3GL1,0.2579309072628218,0.7420690927371782
SH3GLB1,0.283126938002949,0.7168730619970509
SH3GLB2,0.3650272217180048,0.6349727782819952
SH3KBP1,0.49422085870589527,0.5057791412941047
SH3PXD2A,0.37353044216121944,0.6264695578387806
SH3RF1,0.38499871109213146,0.6150012889078685
SH3RF2,0.5069584756025246,0.4930415243974754
SH3TC1,0.43274360096880365,0.5672563990311963
SH3TC2,0.4453277944454125,0.5546722055545875
SH3YL1,0.4875135325959751,0.5124864674040249
SHANK1,0.48243242096421973,0.5175675790357803
SHANK2,0.5786777724112783,0.42132222758872173
SHARPIN,0.30258674174547195,0.697413258254528
SHB,0.45846633347017424,0.5415336665298258
SHC1,0.3012424030208162,0.6987575969791838
SHF,0.5130368566938809,0.4869631433061191
SHFL,0.4596417152455875,0.5403582847544125
SHISA2,0.7391975522041321,0.2608024477958679
SHISA4,0.5098112268107278,0.49018877318927223
SHISA5,0.3541290144036923,0.6458709855963076
SHISAL1,0.4685807437635958,0.5314192562364042
SHISAL2A,0.5442703430141721,0.4557296569858279
SHKBP1,0.2991798888043767,0.7008201111956234
SHLD1,0.42403360988412586,0.5759663901158741
SHLD2,0.38705459742673803,0.6129454025732619
SHLD3,0.4750717713364533,0.5249282286635467
SHMT1,0.4613355579120772,0.5386644420879227
SHMT2,0.38218736023242983,0.6178126397675702
SHOC2,0.29311992174812723,0.7068800782518727
SHPRH,0.5459489385996547,0.45405106140034535
SHQ1,0.3867480283869164,0.6132519716130835
SHROOM1,0.4529698113245623,0.5470301886754376
SHROOM2,0.4708657663847719,0.529134233615228
SHTN1,0.383448237819331,0.616551762180669
SIAH1,0.3364353303664497,0.6635646696335503
SIAH2,0.33009187451430727,0.6699081254856927
SIDT2,0.31664018326305915,0.6833598167369408
SIGIRR,0.5586588941514492,0.4413411058485508
SIGLEC1,0.43123311842126505,0.568766881578735
SIGLEC10,0.4508372444127287,0.5491627555872713
SIGLEC12,0.5262565894850663,0.47374341051493374
SIGLEC14,0.4629566190498216,0.5370433809501785
SIGLEC6,0.45849613871957573,0.5415038612804243
SIGLEC7,0.36228926107287407,0.6377107389271259
SIGLEC8,0.5938885488680431,0.4061114511319569
SIGLEC9,0.33338180164407405,0.666618198355926
SIGMAR1,0.4207251790378775,0.5792748209621226
SIK1,0.71124367415905,0.28875632584095
SIK2,0.34636835913572994,0.6536316408642701
SIK3,0.3147127293050289,0.6852872706949711
SIKE1,0.32412190788558554,0.6758780921144145
SIL1,0.35064656526914667,0.6493534347308534
SIMC1,0.5673885462539536,0.43261145374604637
SIN3A,0.3428380394886647,0.6571619605113352
SIN3B,0.29166188727997777,0.7083381127200222
SINHCAF,0.47552949589278015,0.5244705041072198
SIPA1,0.351338550980602,0.648661449019398
SIPA1L1,0.3857633423592363,0.6142366576407636
SIPA1L2,0.4926340627883162,0.5073659372116839
SIPA1L3,0.41613841243088245,0.5838615875691175
SIRPA,0.3922175004013947,0.6077824995986053
SIRPG,0.5317749466214862,0.46822505337851383
SIRT1,0.39942868506269796,0.600571314937302
SIRT2,0.31453575007617474,0.6854642499238253
SIRT3,0.35307248389082296,0.646927516109177
SIRT6,0.3489157035946846,0.6510842964053154
SIRT7,0.3233011732144015,0.6766988267855985
SIVA1,0.38698691528822693,0.6130130847117731
SIX5,0.4352436400949955,0.5647563599050045
SKA2,0.36569209170660805,0.634307908293392
SKAP1,0.6439026732529912,0.3560973267470088
SKAP2,0.3551853162269773,0.6448146837730226
SKI,0.34140142638768467,0.6585985736123153
SKIL,0.386995061433741,0.613004938566259
SKP1,0.33353056545768467,0.6664694345423153
SKP2,0.42938125452825,0.57061874547175
SLA,0.47345136531761717,0.5265486346823829
SLA2,0.706097023827689,0.293902976172311
SLAIN1,0.6928802249687058,0.3071197750312942
SLAIN2,0.2845954903002296,0.7154045096997703
SLAMF1,0.6085603098784175,0.39143969012158253
SLAMF6,0.4658221248537302,0.5341778751462698
SLBP,0.3507139030843973,0.6492860969156027
SLC10A3,0.2866620173943894,0.7133379826056105
SLC10A7,0.366827845107764,0.633172154892236
SLC11A1,0.4480875549571855,0.5519124450428146
SLC11A2,0.40564262654100147,0.5943573734589985
SLC12A2,0.4557589239307812,0.5442410760692188
SLC12A4,0.28504354011134375,0.7149564598886562
SLC12A6,0.4696966180843966,0.5303033819156033
SLC12A7,0.612534265433039,0.387465734566961
SLC12A8,0.4589795927916254,0.5410204072083746
SLC15A2,0.5775515415838787,0.42244845841612133
SLC15A3,0.5477705906544413,0.45222940934555866
SLC15A4,0.2721611195676295,0.7278388804323705
SLC16A1,0.34555696616215364,0.6544430338378464
SLC16A1-AS1,0.43195822994623867,0.5680417700537613
SLC16A10,0.5481755674949714,0.4518244325050286
SLC16A13,0.3607274856684463,0.6392725143315536
SLC16A3,0.37157888604061945,0.6284211139593805
SLC16A4,0.5766528961913926,0.4233471038086074
SLC16A5,0.47541310851063046,0.5245868914893695
SLC16A7,0.5886922340307917,0.41130776596920826
SLC17A5,0.3573011416675789,0.6426988583324211
SLC17A9,0.5574113875627518,0.44258861243724823
SLC18A2,0.5475787829075541,0.45242121709244587
SLC19A1,0.44858047366142273,0.5514195263385773
SLC19A2,0.3372718397794025,0.6627281602205974
SLC1A4,0.5211267263761589,0.47887327362384113
SLC1A5,0.3802403000050357,0.6197596999949643
SLC20A1,0.34562610156301943,0.6543738984369806
SLC20A2,0.4293463852788721,0.5706536147211279
SLC22A17,0.5317053922585079,0.4682946077414921
SLC22A18,0.4216623678803444,0.5783376321196556
SLC22A18AS,0.4187066750600934,0.5812933249399066
SLC22A23,0.327517240042133,0.672482759957867
SLC22A3,0.51506039313972,0.48493960686028004
SLC23A2,0.33528995513916016,0.6647100448608398
SLC24A1,0.39732204244605135,0.6026779575539487
SLC24A3,0.5090927284743104,0.4909072715256896
SLC25A1,0.3034813672836338,0.6965186327163662
SLC25A11,0.3279601601617677,0.6720398398382323
SLC25A12,0.373287616829787,0.626712383170213
SLC25A13,0.32449197370026794,0.6755080262997321
SLC25A14,0.44265977080379215,0.5573402291962078
SLC25A15,0.4000405004647161,0.5999594995352839
SLC25A16,0.3376779601510082,0.6623220398489917
SLC25A17,0.2876147369055876,0.7123852630944124
SLC25A19,0.3987097102217376,0.6012902897782624
SLC25A20,0.4615531601011753,0.5384468398988247
SLC25A22,0.41589246903147015,0.5841075309685299
SLC25A23,0.5550376634512629,0.44496233654873707
SLC25A24,0.32075774589819567,0.6792422541018044
SLC25A25,0.5026003782238279,0.49739962177617214
SLC25A25-AS1,0.6209089841161456,0.3790910158838544
SLC25A26,0.3685172793588468,0.6314827206411532
SLC25A28,0.42739961722067427,0.5726003827793258
SLC25A29,0.4870468968791621,0.5129531031208379
SLC25A3,0.3190833465861423,0.6809166534138578
SLC25A33,0.47870797557490213,0.5212920244250978
SLC25A34,0.6904693714209965,0.3095306285790035
SLC25A36,0.4160284586250782,0.5839715413749218
SLC25A37,0.37112599797546864,0.6288740020245314
SLC25A38,0.39662058119262966,0.6033794188073703
SLC25A39,0.26974387892654966,0.7302561210734504
SLC25A4,0.5674544987933976,0.4325455012066024
SLC25A40,0.4761648311146668,0.5238351688853332
SLC25A42,0.4866986460983753,0.5133013539016247
SLC25A43,0.39213302970996927,0.6078669702900308
SLC25A44,0.32600134651043583,0.6739986534895641
SLC25A46,0.33540599088051487,0.6645940091194851
SLC25A5,0.4001540953426489,0.5998459046573511
SLC25A53,0.4346118058477129,0.5653881941522871
SLC25A6,0.45783050038984846,0.5421694996101516
SLC26A11,0.46735229289957453,0.5326477071004254
SLC26A2,0.5089432629091399,0.49105673709086006
SLC26A6,0.3854455141616719,0.6145544858383281
SLC26A7,0.48060315900615286,0.5193968409938472
SLC27A1,0.4304328518254416,0.5695671481745583
SLC27A2,0.6808341901217189,0.31916580987828114
SLC27A3,0.38142996920006617,0.6185700307999338
SLC27A4,0.3187428095968374,0.6812571904031626
SLC27A5,0.6160528106348855,0.3839471893651145
SLC28A3,0.47695247935397284,0.5230475206460272
SLC29A1,0.3505863299194191,0.6494136700805808
SLC2A1,0.479766155193959,0.5202338448060411
SLC2A10,0.5814626557486398,0.41853734425136024
SLC2A11,0.4980636523770435,0.5019363476229566
SLC2A12,0.6932471181665149,0.30675288183348515
SLC2A14,0.584008626639843,0.415991373360157
SLC2A3,0.46282509208789896,0.5371749079121011
SLC2A4RG,0.3336205490465675,0.6663794509534324
SLC2A6,0.44811296303357395,0.551887036966426
SLC2A8,0.4251511868621622,0.5748488131378378
SLC2A9,0.3696706661056461,0.6303293338943539
SLC30A1,0.32631325176251785,0.6736867482374822
SLC30A4,0.31851560765478226,0.6814843923452177
SLC30A5,0.3458436331046479,0.6541563668953521
SLC30A6,0.38006143404969145,0.6199385659503085
SLC30A7,0.3024351502036942,0.6975648497963058
SLC30A9,0.30712165630289484,0.6928783436971051
SLC31A1,0.33961079243038383,0.6603892075696162
SLC31A2,0.4031777083873749,0.5968222916126251
SLC33A1,0.35213930000151905,0.647860699998481
SLC34A1,0.510904678276607,0.489095321723393
SLC35A1,0.4064285760479314,0.5935714239520686
SLC35A2,0.28706541863669244,0.7129345813633076
SLC35A3,0.3991595304438046,0.6008404695561954
SLC35A4,0.3381514726788737,0.6618485273211263
SLC35A5,0.37717792950570583,0.6228220704942942
SLC35B1,0.3178450023489339,0.6821549976510661
SLC35B2,0.32464038875020507,0.6753596112497949
SLC35B3,0.38095842488110065,0.6190415751188993
SLC35C1,0.3442981676863773,0.6557018323136228
SLC35C2,0.2845153252544281,0.7154846747455719
SLC35D1,0.3676557434456689,0.6323442565543311
SLC35D2,0.3808788878044912,0.6191211121955088
SLC35E1,0.2646178992332092,0.7353821007667908
SLC35E2B,0.4680606557854584,0.5319393442145416
SLC35E3,0.3733935776565756,0.6266064223434245
SLC35E4,0.3292849547828415,0.6707150452171585
SLC35F2,0.33063601290008854,0.6693639870999115
SLC35F5,0.30638045059250935,0.6936195494074906
SLC35F6,0.2769634293924485,0.7230365706075514
SLC36A1,0.3230773037565606,0.6769226962434394
SLC36A4,0.36465600226074457,0.6353439977392554
SLC37A2,0.3705505326922451,0.6294494673077549
SLC37A3,0.3721711952239275,0.6278288047760725
SLC37A4,0.4200065354151385,0.5799934645848615
SLC38A1,0.42050385900906156,0.5794961409909385
SLC38A10,0.3198454636814339,0.6801545363185661
SLC38A2,0.4727191776037216,0.5272808223962784
SLC38A6,0.3577610022787537,0.6422389977212464
SLC38A9,0.3774238164935793,0.6225761835064207
SLC39A1,0.44743077137640547,0.5525692286235946
SLC39A10,0.3389628425772701,0.6610371574227298
SLC39A11,0.3598529273377998,0.6401470726622003
SLC39A13,0.2918854532763362,0.7081145467236638
SLC39A14,0.38954022792833193,0.610459772071668
SLC39A2,0.4334651439317635,0.5665348560682365
SLC39A3,0.37596248356359346,0.6240375164364065
SLC39A4,0.3834728183490889,0.616527181650911
SLC39A6,0.4432772935501167,0.5567227064498833
SLC39A7,0.29676921386271715,0.7032307861372828
SLC39A8,0.3653077551030687,0.6346922448969313
SLC39A9,0.2813001861795783,0.7186998138204217
SLC3A2,0.39548042682664736,0.6045195731733526
SLC40A1,0.5941583088466099,0.4058416911533901
SLC41A1,0.3506508357822895,0.6493491642177105
SLC41A2,0.428567589659776,0.571432410340224
SLC41A3,0.325403115312968,0.674596884687032
SLC43A1,0.5780144738299506,0.42198552617004936
SLC43A2,0.4137412543807711,0.586258745619229
SLC43A3,0.5010389345032829,0.49896106549671715
SLC44A1,0.43344539643398355,0.5665546035660165
SLC44A2,0.4020394447392651,0.5979605552607349
SLC45A3,0.4281938573611634,0.5718061426388366
SLC45A4,0.4947215127093451,0.5052784872906548
SLC46A1,0.459560040384531,0.540439959615469
SLC46A3,0.4832718489425523,0.5167281510574477
SLC47A1,0.6016107393162591,0.3983892606837409
SLC47A2,0.5568578573209899,0.4431421426790101
SLC48A1,0.35775432735681534,0.6422456726431847
SLC49A3,0.5878910688417298,0.4121089311582702
SLC49A4,0.3455226913626705,0.6544773086373294
SLC4A1AP,0.30144269498331205,0.698557305016688
SLC4A2,0.38489810270922525,0.6151018972907747
SLC4A3,0.3558960667412196,0.6441039332587803
SLC4A5,0.5362194377396788,0.46378056226032116
SLC4A7,0.44173560610839296,0.558264393891607
SLC4A8,0.6928087792226246,0.3071912207773754
SLC50A1,0.29691967866217184,0.7030803213378282
SLC52A2,0.29741741104849745,0.7025825889515025
SLC5A1,0.518625126353332,0.481374873646668
SLC5A10,0.47934051629688057,0.5206594837031194
SLC5A3,0.40740301752729075,0.5925969824727093
SLC5A6,0.47489109688571524,0.5251089031142848
SLC66A1,0.28071592906157355,0.7192840709384265
SLC66A2,0.3217543086835316,0.6782456913164684
SLC66A3,0.30691077653318644,0.6930892234668136
SLC6A11,0.45927836426666807,0.540721635733332
SLC6A2,0.5830643687929425,0.41693563120705746
SLC6A6,0.4440803565084934,0.5559196434915066
SLC6A8,0.46626025970493046,0.5337397402950695
SLC6A9,0.4403447702892923,0.5596552297107077
SLC7A1,0.41819810388343676,0.5818018961165632
SLC7A11,0.5961196949439389,0.4038803050560611
SLC7A2,0.730541573039123,0.26945842696087696
SLC7A4,0.6015782209911517,0.39842177900884834
SLC7A5,0.680586827652795,0.319413172347205
SLC7A6,0.33350395231640767,0.6664960476835924
SLC7A6OS,0.2843721869867295,0.7156278130132705
SLC7A7,0.46002992934414316,0.5399700706558568
SLC7A8,0.46492711507848333,0.5350728849215167
SLC8A1,0.49046078643628527,0.5095392135637147
SLC8B1,0.32880485696452005,0.6711951430354799
SLC9A1,0.26230671715789605,0.7376932828421039
SLC9A3-AS1,0.46571735931294306,0.5342826406870569
SLC9A6,0.3118704429528277,0.6881295570471724
SLC9A8,0.4069916584662029,0.5930083415337971
SLC9B1,0.4952251708933285,0.5047748291066715
SLCO2B1,0.5353563699339118,0.4646436300660882
SLCO3A1,0.4303024315408298,0.5696975684591702
SLCO4A1,0.4667056000658444,0.5332943999341556
SLF1,0.5082521262977805,0.4917478737022195
SLF2,0.3968949639903648,0.6031050360096353
SLFN11,0.5187266293380942,0.4812733706619058
SLFN12,0.4745801830930369,0.525419816906963
SLFN12L,0.6652345029371125,0.3347654970628875
SLFN13,0.6386859097651073,0.3613140902348927
SLFN5,0.4949844458273479,0.5050155541726521
SLIRP,0.3765043850455965,0.6234956149544035
SLK,0.35232203852917465,0.6476779614708253
SLMAP,0.350118987262249,0.649881012737751
SLN,0.8176183317388807,0.18238166826111935
SLPI,0.5480749734810421,0.45192502651895794
SLTM,0.3489047372713685,0.6510952627286315
SLU7,0.32495565260095255,0.6750443473990475
SLX4,0.3887765716229166,0.6112234283770834
SLX4IP,0.38605592639318537,0.6139440736068147
SMAD1,0.41713943385652136,0.5828605661434787
SMAD2,0.3552251627136554,0.6447748372863447
SMAD3,0.39537100440689493,0.604628995593105
SMAD4,0.4101532724286829,0.5898467275713171
SMAD5,0.412902159350259,0.587097840649741
SMAD7,0.35413207300007343,0.6458679269999266
SMAP1,0.43125007168522905,0.568749928314771
SMAP2,0.32962431758642197,0.670375682413578
SMARCA1,0.4629432298243046,0.5370567701756954
SMARCA2,0.5142074243298599,0.4857925756701401
SMARCA4,0.384847226153527,0.615152773846473
SMARCA5,0.34726152076785055,0.6527384792321494
SMARCAD1,0.3902731689491442,0.6097268310508558
SMARCAL1,0.2968174841787134,0.7031825158212865
SMARCB1,0.3141969384492508,0.6858030615507492
SMARCC1,0.40400125671710285,0.5959987432828971
SMARCC2,0.4196596536785364,0.5803403463214636
SMARCD1,0.3208876598094191,0.679112340190581
SMARCD2,0.3819398975798062,0.6180601024201938
SMARCD3,0.5018466865377766,0.49815331346222336
SMARCE1,0.5124433929366725,0.4875566070633275
SMC1A,0.4337142216307776,0.5662857783692223
SMC2,0.45904765411147047,0.5409523458885295
SMC3,0.4094253507043634,0.5905746492956365
SMC4,0.5174344373600823,0.4825655626399177
SMC5,0.4427660810095923,0.5572339189904076
SMC6,0.38775422317641123,0.6122457768235887
SMCHD1,0.41792566754988264,0.5820743324501174
SMCO4,0.521219794771501,0.47878020522849896
SMCR5,0.6213690814163003,0.3786309185836997
SMCR8,0.3988935133176191,0.601106486682381
SMDT1,0.3679392532046352,0.6320607467953647
SMG1,0.4078441722584622,0.5921558277415377
SMG5,0.33079710975289345,0.6692028902471066
SMG6,0.4201239948826177,0.5798760051173824
SMG7,0.3396864605269262,0.6603135394730738
SMG8,0.40103170754654066,0.5989682924534594
SMG9,0.40821719276053564,0.5917828072394644
SMIM1,0.5622242875397205,0.43777571246027946
SMIM10L1,0.45739079107131275,0.5426092089286872
SMIM12,0.274445972272328,0.725554027727672
SMIM13,0.349429533816874,0.650570466183126
SMIM14,0.43539232068828176,0.5646076793117183
SMIM15,0.3696013476167406,0.6303986523832594
SMIM19,0.4738954907017095,0.5261045092982906
SMIM20,0.394216206989118,0.605783793010882
SMIM26,0.446041108242103,0.553958891757897
SMIM27,0.4474771283566952,0.5525228716433048
SMIM29,0.33031339331396986,0.6696866066860301
SMIM3,0.4598584164466177,0.5401415835533823
SMIM30,0.3284736203828028,0.6715263796171972
SMIM35,0.4370498274053846,0.5629501725946153
SMIM7,0.3673552530152457,0.6326447469847543
SMIM8,0.426740043929645,0.5732599560703551
SMN1,0.4027979368610041,0.5972020631389958
SMN2,0.5390722512134484,0.4609277487865516
SMNDC1,0.2868653844509806,0.7131346155490195
SMO,0.44679391304297106,0.553206086957029
SMOC2,0.55702190260802,0.44297809739198
SMOX,0.3638476576390011,0.6361523423609989
SMPD1,0.3756083156913519,0.6243916843086481
SMPD2,0.37445628696254324,0.6255437130374568
SMPD4,0.3456258835004909,0.6543741164995092
SMPDL3A,0.4333035706409386,0.5666964293590614
SMPX,0.818758779338428,0.181241220661572
SMS,0.3481934095865914,0.6518065904134086
SMTNL1,0.7810165477650506,0.21898345223494942
SMU1,0.3373742454818317,0.6626257545181683
SMUG1,0.33018649981490206,0.669813500185098
SMURF1,0.329017100589616,0.670982899410384
SMURF2,0.2720891374961606,0.7279108625038394
SMYD2,0.30754158672477516,0.6924584132752248
SMYD3,0.446727268264762,0.5532727317352379
SMYD4,0.3823582460837705,0.6176417539162296
SMYD5,0.3414930919451373,0.6585069080548627
SNAI1,0.466038368376238,0.533961631623762
SNAI3,0.46546421891876627,0.5345357810812337
SNAI3-AS1,0.49582325773579733,0.5041767422642027
SNAP23,0.2998400387088103,0.7001599612911897
SNAP29,0.3166740568620818,0.6833259431379182
SNAP47,0.34116304931896074,0.6588369506810392
SNAPC1,0.3575660889702184,0.6424339110297816
SNAPC2,0.29737269579033765,0.7026273042096624
SNAPC3,0.3973436477993216,0.6026563522006785
SNAPC5,0.4239285151873316,0.5760714848126685
SNAPIN,0.39221810389842304,0.607781896101577
SNCG,0.6503009530050414,0.3496990469949586
SND1,0.317967849184892,0.6820321508151079
SNF8,0.33731196102287087,0.6626880389771291
SNHG1,0.4721339499311788,0.5278660500688213
SNHG10,0.5088996722229889,0.49110032777701107
SNHG11,0.4478415607341698,0.5521584392658302
SNHG12,0.5657418753419604,0.4342581246580396
SNHG14,0.6176219603845051,0.3823780396154949
SNHG15,0.43319655156561304,0.5668034484343869
SNHG16,0.33846635770584854,0.6615336422941515
SNHG17,0.47029402213437216,0.5297059778656279
SNHG19,0.5487186568123954,0.4512813431876046
SNHG20,0.5497958606907299,0.45020413930927006
SNHG21,0.5389487541147641,0.46105124588523594
SNHG25,0.5611161242372223,0.43888387576277765
SNHG26,0.4599523770489863,0.5400476229510137
SNHG29,0.4154835718550852,0.5845164281449148
SNHG3,0.5045606238501412,0.4954393761498588
SNHG30,0.5001164887632642,0.4998835112367358
SNHG32,0.5058348492852279,0.4941651507147721
SNHG5,0.5187462211719581,0.4812537788280419
SNHG6,0.4660424845559256,0.5339575154440743
SNHG7,0.4842810034751892,0.5157189965248108
SNHG8,0.4539879134723118,0.5460120865276882
SNHG9,0.5804449979748044,0.4195550020251956
SNIP1,0.29485342066202846,0.7051465793379715
SNN,0.33935134671628475,0.6606486532837152
SNORC,0.5172898809292487,0.48271011907075134
SNPH,0.3917980921521251,0.6082019078478749
SNRK,0.3277621042382504,0.6722378957617496
SNRK-AS1,0.5508214352386338,0.4491785647613662
SNRNP200,0.3957655453788383,0.6042344546211618
SNRNP25,0.39740762220961706,0.602592377790383
SNRNP27,0.28956618146704777,0.7104338185329522
SNRNP35,0.37608516056622776,0.6239148394337722
SNRNP40,0.35520220787397455,0.6447977921260255
SNRNP48,0.3776859271207026,0.6223140728792974
SNRNP70,0.3441786907413708,0.6558213092586291
SNRPA,0.3545504179117935,0.6454495820882065
SNRPA1,0.3662712454263653,0.6337287545736348
SNRPB,0.35389007361871855,0.6461099263812815
SNRPB2,0.32213977937187466,0.6778602206281253
SNRPC,0.32011525243121597,0.679884747568784
SNRPD1,0.37298815830477644,0.6270118416952235
SNRPD2,0.3634758245732103,0.6365241754267896
SNRPD3,0.40267108088093145,0.5973289191190685
SNRPE,0.3784680978528091,0.6215319021471909
SNRPF,0.35976911136614426,0.6402308886338557
SNRPG,0.33834478857793976,0.6616552114220602
SNRPN,0.5820484661630222,0.4179515338369778
SNTB2,0.2999348651085581,0.700065134891442
SNU13,0.3594632867191519,0.6405367132808482
SNUPN,0.37472364812025,0.62527635187975
SNW1,0.2784512868550207,0.7215487131449794
SNX1,0.3037863897957972,0.6962136102042028
SNX10,0.3869472297706774,0.6130527702293226
SNX11,0.27276009551548797,0.727239904484512
SNX12,0.23892420869586722,0.7610757913041328
SNX13,0.323861242671098,0.6761387573289019
SNX14,0.273930262641183,0.726069737358817
SNX15,0.5820873986397471,0.4179126013602529
SNX16,0.3443823709551777,0.6556176290448223
SNX17,0.3110032055660018,0.6889967944339982
SNX18,0.33655918575823307,0.6634408142417669
SNX19,0.3239411450922489,0.6760588549077511
SNX2,0.32275649279888186,0.6772435072011181
SNX20,0.4156369801078524,0.5843630198921477
SNX24,0.3325979746878147,0.6674020253121853
SNX25,0.36240323606346336,0.6375967639365366
SNX27,0.36431098197187695,0.635689018028123
SNX29,0.3327315914378102,0.6672684085621898
SNX3,0.27637064962514807,0.7236293503748519
SNX30,0.373362057443176,0.626637942556824
SNX33,0.2785927878160562,0.7214072121839439
SNX4,0.36157921861324993,0.6384207813867501
SNX5,0.29577183068197754,0.7042281693180225
SNX6,0.3350221904526864,0.6649778095473136
SNX8,0.3369851981489254,0.6630148018510746
SNX9,0.3404930037047182,0.6595069962952818
SOAT1,0.31320307217538357,0.6867969278246164
SOCS1,0.5522222534886428,0.44777774651135716
SOCS2,0.5542194289820535,0.44578057101794655
SOCS3,0.4126196681920971,0.587380331807903
SOCS4,0.3237394852829831,0.6762605147170169
SOCS5,0.32339584567983237,0.6766041543201676
SOCS6,0.3812123212431158,0.6187876787568842
SOCS7,0.39129260554909706,0.6087073944509029
SOD1,0.38984034875673906,0.610159651243261
SOD2,0.49166802423340933,0.5083319757665907
SON,0.36762364075652193,0.6323763592434781
SORBS1,0.6233509300010545,0.37664906999894554
SORBS3,0.3963667931301253,0.6036332068698747
SORCS2,0.5063673263149602,0.4936326736850398
SORD,0.4362277569515364,0.5637722430484635
SORL1,0.6189052036830357,0.3810947963169643
SORT1,0.49167464088116375,0.5083253591188363
SOS1,0.3929852343031338,0.6070147656968662
SOS1-IT1,0.4722192082554102,0.5277807917445898
SOS2,0.30529544522453633,0.6947045547754637
SOX12,0.41748956883592264,0.5825104311640774
SOX13,0.5272467945303235,0.4727532054696765
SOX2,0.7208298604403224,0.2791701395596776
SOX4,0.5388253804828439,0.4611746195171561
SP1,0.37918501906096935,0.6208149809390306
SP100,0.4032474841390337,0.5967525158609663
SP110,0.44438132430825916,0.5556186756917408
SP140L,0.4077943220202412,0.5922056779797589
SP2,0.3293326177767345,0.6706673822232655
SP3,0.36642184800335337,0.6335781519966466
SP4,0.4736884651439531,0.526311534856047
SPACA9,0.4495593990598406,0.5504406009401595
SPAG1,0.3683111058282001,0.6316888941718
SPAG16,0.5139261484146118,0.4860738515853882
SPAG4,0.3848300465781774,0.6151699534218227
SPAG5,0.45081316786152975,0.5491868321384703
SPAG6,0.8007293513842991,0.19927064861570087
SPAG7,0.31613839750311207,0.683861602496888
SPAG9,0.27776290592737496,0.722237094072625
SPARC,0.3799252082992877,0.6200747917007123
SPARCL1,0.494799444185836,0.505200555814164
SPART,0.46821664167301996,0.53178335832698
SPART-AS1,0.5296206133706229,0.47037938662937706
SPAST,0.43963021066571983,0.5603697893342802
SPATA1,0.5165378318301269,0.4834621681698731
SPATA13,0.5606011216129575,0.4393988783870425
SPATA2,0.36244963694896015,0.6375503630510398
SPATA20,0.40016463452151846,0.5998353654784816
SPATA25,0.554631521659238,0.445368478340762
SPATA2L,0.33001217605280025,0.6699878239471997
SPATA33,0.3939274757036141,0.6060725242963859
SPATA41,0.5064318781452519,0.4935681218547481
SPATA6,0.6404646773423467,0.3595353226576533
SPATA7,0.41649904421397616,0.5835009557860238
SPATC1L,0.5427360215357372,0.4572639784642628
SPATS2,0.31056056171655655,0.6894394382834435
SPATS2L,0.33349924507950035,0.6665007549204996
SPCS1,0.28976001909800936,0.7102399809019906
SPCS2,0.28885059683982817,0.7111494031601718
SPCS3,0.31231473612466026,0.6876852638753397
SPDL1,0.4479160298194204,0.5520839701805795
SPDYA,0.5043695989464011,0.4956304010535989
SPECC1,0.3486005490911858,0.6513994509088141
SPECC1L,0.3309556365545307,0.6690443634454692
SPEG,0.5200542898050377,0.47994571019496235
SPEN,0.39025281981698107,0.609747180183019
SPG11,0.3953316169125693,0.6046683830874306
SPG21,0.29251412701393875,0.7074858729860612
SPG7,0.32227839023939203,0.677721609760608
SPHK1,0.3643656154495797,0.6356343845504203
SPHK2,0.48819684822644505,0.511803151773555
SPI1,0.3477252535521984,0.6522747464478016
SPICE1,0.5282782949507236,0.47172170504927635
SPIDR,0.4360883358333792,0.5639116641666209
SPIN1,0.36182764997439726,0.6381723500256027
SPIN2B,0.4951444885560444,0.5048555114439556
SPIN3,0.5706083881003516,0.42939161189964836
SPIN4,0.5174379194421428,0.4825620805578572
SPINDOC,0.35454265560422626,0.6454573443957737
SPINK5,0.6644643012966428,0.3355356987033572
SPINT1,0.367182496669037,0.632817503330963
SPINT1-AS1,0.5071287250944546,0.4928712749055454
SPINT2,0.3743249199220112,0.6256750800779888
SPIRE1,0.47122489501323017,0.5287751049867698
SPN,0.5334800146520138,0.4665199853479862
SPNS1,0.5523961963398116,0.44760380366018837
SPOCK2,0.6577888195003782,0.34221118049962185
SPOCK3,0.6014512064201492,0.39854879357985085
SPON1,0.5331395768693515,0.46686042313064846
SPON2,0.42947049385734964,0.5705295061426503
SPOP,0.315141184654619,0.684858815345381
SPOPL,0.34375092812946867,0.6562490718705314
SPP1,0.5989604704082012,0.4010395295917988
SPPL2A,0.336267779980387,0.663732220019613
SPPL2B,0.4159269154603992,0.5840730845396007
SPPL3,0.31487989239394665,0.6851201076060534
SPR,0.37512667503740105,0.624873324962599
SPRED1,0.4006207776921136,0.5993792223078864
SPRED2,0.4008430713521583,0.5991569286478418
SPRING1,0.3446213943617685,0.6553786056382316
SPRR1A,0.551883941250188,0.448116058749812
SPRR1B,0.5565574435251099,0.44344255647489006
SPRR2A,0.6217356026172638,0.3782643973827362
SPRR2B,0.6292342522314617,0.3707657477685383
SPRR2D,0.5988034499543053,0.40119655004569466
SPRR2E,0.660019009241036,0.33998099075896404
SPRR2G,0.6256587792720113,0.3743412207279887
SPRR3,0.7482786412749972,0.2517213587250028
SPRR4,0.5188018067606858,0.48119819323931423
SPRTN,0.38252565717058523,0.6174743428294147
SPRY1,0.43330683851880686,0.5666931614811932
SPRY2,0.49729583146316664,0.5027041685368334
SPRYD3,0.24273858751569474,0.7572614124843052
SPRYD4,0.38435480105025427,0.6156451989497458
SPRYD7,0.26068489346653223,0.7393151065334678
SPSB1,0.3837261545870985,0.6162738454129015
SPSB2,0.46608602362019674,0.5339139763798033
SPSB3,0.513094702203359,0.48690529779664105
SPTAN1,0.28704070539346765,0.7129592946065324
SPTB,0.7430077088730676,0.25699229112693245
SPTBN1,0.3513273575476238,0.6486726424523762
SPTBN2,0.4057207134153162,0.5942792865846838
SPTLC1,0.2698151260348303,0.7301848739651697
SPTLC2,0.3288538405405624,0.6711461594594377
SPTSSA,0.34639874566346407,0.6536012543365359
SPTY2D1,0.2986501859767096,0.7013498140232903
SQLE,0.355002527524318,0.644997472475682
SQOR,0.4012123058949198,0.5987876941050803
SQSTM1,0.46070750962410656,0.5392924903758934
SRA1,0.3339707140943834,0.6660292859056166
SRBD1,0.37312194438917295,0.6268780556108271
SRC,0.3472539734793827,0.6527460265206173
SRCAP,0.4422020475779261,0.557797952422074
SRD5A1,0.44519408739038874,0.5548059126096112
SRD5A3,0.367946079533015,0.632053920466985
SREBF1,0.4718612389905112,0.5281387610094888
SREBF2,0.3799165192924972,0.6200834807075029
SREBF2-AS1,0.5098146264042173,0.49018537359578274
SREK1,0.35753520232226166,0.6424647976777383
SREK1IP1,0.29441872691469534,0.7055812730853046
SRF,0.2992992785626224,0.7007007214373776
SRFBP1,0.4029215749885355,0.5970784250114645
SRGAP1,0.4289150945842266,0.5710849054157734
SRGAP2,0.34404670127800535,0.6559532987219947
SRGAP2B,0.39046807696909774,0.6095319230309022
SRGAP2C,0.38434094430080484,0.6156590556991952
SRGAP3,0.5537095697862762,0.44629043021372383
SRGN,0.5730195678770542,0.4269804321229458
SRI,0.34461864589580465,0.6553813541041953
SRM,0.33964331660951885,0.6603566833904811
SRMS,0.56925115148936,0.43074884851064
SRP14,0.317019622706409,0.682980377293591
SRP19,0.39772474340030123,0.6022752565996987
SRP54,0.25825529342650305,0.741744706573497
SRP68,0.262206270621391,0.737793729378609
SRP72,0.3175967016390392,0.6824032983609608
SRP9,0.3502431809902191,0.6497568190097809
SRPK1,0.36940112969438943,0.6305988703056106
SRPK2,0.3314533050787369,0.6685466949212631
SRPRA,0.3653358912893704,0.6346641087106296
SRPRB,0.3355416884379728,0.6644583115620273
SRRD,0.2966798722710727,0.7033201277289274
SRRM1,0.31391678720579613,0.6860832127942038
SRRM2,0.4485602251120976,0.5514397748879024
SRRM2-AS1,0.600638640246221,0.39936135975377896
SRRT,0.3514053278735706,0.6485946721264294
SRSF1,0.3045970875537023,0.6954029124462977
SRSF10,0.3470425076250519,0.6529574923749482
SRSF11,0.3427948069625667,0.6572051930374333
SRSF2,0.36928810525153366,0.6307118947484663
SRSF3,0.3248192274144718,0.6751807725855282
SRSF4,0.3007959703183068,0.6992040296816933
SRSF5,0.41202445341540234,0.5879755465845977
SRSF6,0.32774588172989233,0.6722541182701076
SRSF7,0.3414049675920978,0.6585950324079022
SRSF8,0.328449086951358,0.671550913048642
SRSF9,0.2971105490412031,0.7028894509587968
SS18,0.3974396788648197,0.6025603211351803
SS18L1,0.3541127499192953,0.6458872500807047
SS18L2,0.39341647710118977,0.6065835228988102
SSB,0.328555686998048,0.6714443130019521
SSBP1,0.31440706532781143,0.6855929346721885
SSBP2,0.5313224920204708,0.46867750797952923
SSBP3,0.44339950223054203,0.556600497769458
SSBP4,0.3977176438285304,0.6022823561714696
SSH1,0.3395310801320842,0.6604689198679158
SSH2,0.3617600362215723,0.6382399637784277
SSH3,0.3335620961817248,0.6664379038182753
SSNA1,0.38589108309575487,0.6141089169042451
SSR1,0.30315082480332683,0.6968491751966732
SSR2,0.3542267294334514,0.6457732705665487
SSR3,0.29552694356867243,0.7044730564313275
SSR4,0.4150747638195753,0.5849252361804247
SSRP1,0.334677677867668,0.665322322132332
SSTR2,0.808708307998521,0.191291692001479
SSTR3,0.5232940683407443,0.4767059316592557
SSU72,0.32198795968932764,0.6780120403106724
SSX2IP,0.45902658998966217,0.5409734100103378
ST13,0.3320254406758717,0.6679745593241283
ST14,0.4068995432129928,0.5931004567870072
ST20,0.6086536188210759,0.39134638117892406
ST20-AS1,0.43902317168457167,0.5609768283154284
ST3GAL1,0.48012417182326317,0.5198758281767368
ST3GAL2,0.28845407833744374,0.7115459216625563
ST3GAL3,0.5370454250701836,0.4629545749298164
ST3GAL4,0.431469459751887,0.568530540248113
ST3GAL5,0.44744975173047613,0.5525502482695239
ST6GAL1,0.6144641914537975,0.3855358085462025
ST6GALNAC2,0.48508914772953304,0.514910852270467
ST6GALNAC4,0.3860759274767978,0.6139240725232022
ST6GALNAC6,0.5545156481010574,0.44548435189894264
ST7,0.31834392183061155,0.6816560781693884
ST7L,0.38459581163312706,0.6154041883668729
ST8SIA1,0.5636463798582554,0.4363536201417446
ST8SIA4,0.4616278133222035,0.5383721866777965
STAB1,0.49487675886069027,0.5051232411393097
STAC3,0.7181646217192922,0.2818353782807078
STAG1,0.46062204028878895,0.539377959711211
STAG2,0.39216277429035734,0.6078372257096427
STAM,0.34109004360756706,0.658909956392433
STAM2,0.3399953651907189,0.6600046348092812
STAMBP,0.2709942604248811,0.7290057395751188
STAMBPL1,0.5373331962951592,0.4626668037048408
STAP1,0.4851008818617889,0.5148991181382111
STARD10,0.34390550560783595,0.656094494392164
STARD13,0.36515204049646854,0.6348479595035315
STARD3,0.32332055430327145,0.6766794456967286
STARD3NL,0.36574172002396416,0.6342582799760359
STARD4,0.3887972666748932,0.6112027333251068
STARD5,0.5130232822682176,0.4869767177317824
STARD7,0.3897713044924395,0.6102286955075604
STARD8,0.428217709663191,0.571782290336809
STARD9,0.4482540988413218,0.5517459011586783
STAT1,0.6474578103848866,0.3525421896151134
STAT2,0.475177667502846,0.5248223324971539
STAT3,0.3928901127406529,0.6071098872593471
STAT4,0.47992927421416554,0.5200707257858345
STAT5A,0.4477723477674382,0.5522276522325618
STAT5B,0.3554182452083166,0.6445817547916834
STAT6,0.344679519534111,0.655320480465889
STAU1,0.2684296805278531,0.7315703194721469
STAU2,0.40857781044074465,0.5914221895592553
STBD1,0.49715942942670416,0.5028405705732959
STEAP3,0.4340367072394916,0.5659632927605084
STEAP4,0.6441603004932404,0.35583969950675964
STIL,0.5224264939980847,0.4775735060019153
STIM1,0.35882521021578995,0.64117478978421
STIM2,0.38406021520495415,0.6159397847950459
STIMATE,0.36337236909145887,0.6366276309085411
STING1,0.4538258228983198,0.5461741771016801
STIP1,0.3240520523062774,0.6759479476937226
STK10,0.31820921333772795,0.6817907866622721
STK11,0.33731534651347567,0.6626846534865243
STK11IP,0.2933170005146946,0.7066829994853054
STK16,0.34405430406332016,0.6559456959366798
STK17A,0.3526116488335122,0.6473883511664877
STK17B,0.3976745191695435,0.6023254808304566
STK19,0.3184614601944174,0.6815385398055827
STK24,0.393545413389802,0.606454586610198
STK25,0.2795869866386056,0.7204130133613944
STK26,0.4396952545004232,0.5603047454995769
STK3,0.2804304501374385,0.7195695498625615
STK32B,0.5577186644742531,0.4422813355257469
STK32C,0.38062893067087444,0.6193710693291256
STK35,0.32629396550224293,0.673706034497757
STK36,0.4773548575384276,0.5226451424615723
STK38,0.3394552886353007,0.6605447113646993
STK38L,0.38818562988724026,0.6118143701127597
STK39,0.3440406993031502,0.6559593006968498
STK4,0.34151506297556417,0.6584849370244359
STK40,0.4400415649371488,0.5599584350628513
STMN1,0.4861579883311476,0.5138420116688525
STMN3,0.5599984175392559,0.44000158246074406
STMP1,0.30621735964502605,0.693782640354974
STN1,0.31927978500191656,0.6807202149980834
STOM,0.41634244325437714,0.5836575567456228
STOML1,0.4057412806100079,0.5942587193899921
STOML2,0.41852565322603497,0.581474346773965
STON2,0.37198322559041636,0.6280167744095837
STPG1,0.336687784375889,0.663312215624111
STRADA,0.5333445465990475,0.4666554534009525
STRADB,0.44100801593491007,0.5589919840650899
STRAP,0.2919444108182298,0.7080555891817701
STRBP,0.44632640587432043,0.5536735941256796
STRIP1,0.3076144238667829,0.6923855761332172
STRIP2,0.44240995390074594,0.557590046099254
STRN,0.3592832327953407,0.6407167672046593
STRN3,0.3105818114979359,0.689418188502064
STRN4,0.29153828555718064,0.7084617144428194
STT3A,0.3254414437604802,0.6745585562395198
STT3B,0.30618959931390627,0.6938104006860937
STUB1,0.2655684589740953,0.7344315410259047
STX10,0.33669374180525274,0.6633062581947473
STX11,0.440175110740321,0.559824889259679
STX12,0.2919321298333151,0.7080678701666849
STX16,0.2832345911800595,0.7167654088199404
STX17,0.40980944223701954,0.5901905577629805
STX18,0.29583208655406323,0.7041679134459368
STX19,0.5840543700116021,0.4159456299883979
STX1A,0.3603312195544796,0.6396687804455203
STX1B,0.5240919526134219,0.4759080473865781
STX2,0.33199748769402504,0.668002512305975
STX3,0.27650023052202805,0.7234997694779719
STX4,0.3102518626754837,0.6897481373245162
STX5,0.2838122558646968,0.7161877441353032
STX6,0.25163368744376513,0.7483663125562349
STX7,0.31032378944967476,0.6896762105503252
STX8,0.33600357813494547,0.6639964218650545
STXBP2,0.3470867656703506,0.6529132343296493
STXBP3,0.321784937089043,0.678215062910957
STXBP4,0.4301046585398061,0.5698953414601939
STXBP5,0.3924373505370958,0.6075626494629043
STYX,0.27154082735069096,0.728459172649309
STYXL1,0.3067493586069239,0.6932506413930761
SUB1,0.3701529476259436,0.6298470523740565
SUCLA2,0.3196851098909974,0.6803148901090026
SUCLA2-AS1,0.47166512733591454,0.5283348726640855
SUCLG1,0.31736232872520176,0.6826376712747982
SUCLG2,0.3601077904126474,0.6398922095873526
SUCO,0.3092160397874458,0.6907839602125543
SUDS3,0.3569805096568806,0.6430194903431194
SUFU,0.3287292124171342,0.6712707875828658
SUGP1,0.33382731676101685,0.6661726832389832
SUGP2,0.40064991638064384,0.5993500836193562
SUGT1,0.2702224907864417,0.7297775092135583
SUGT1-DT,0.5456339120864868,0.4543660879135132
SULF2,0.490323647324528,0.509676352675472
SULT1A1,0.5884396891508784,0.4115603108491216
SUMF1,0.31582499475085307,0.6841750052491469
SUMF2,0.3823221770248243,0.6176778229751757
SUMO1,0.30793995277157854,0.6920600472284215
SUMO2,0.29442746857447283,0.7055725314255272
SUMO3,0.3474004516111953,0.6525995483888047
SUMO4,0.4012376078005348,0.5987623921994651
SUN1,0.33401823815490517,0.6659817618450948
SUN2,0.40163577773741316,0.5983642222625869
SUN3,0.6114636382886341,0.38853636171136585
SUOX,0.4678289842392717,0.5321710157607282
SUPT16H,0.37972842595939127,0.6202715740406087
SUPT20H,0.36056421590702875,0.6394357840929712
SUPT3H,0.37331230592514786,0.6266876940748521
SUPT5H,0.2987117550468871,0.7012882449531129
SUPT6H,0.3043857969210616,0.6956142030789384
SUPT7L,0.2854182762426457,0.7145817237573543
SUPV3L1,0.33327858169962254,0.6667214183003775
SURF1,0.39247975604874746,0.6075202439512526
SURF2,0.41155181505850386,0.5884481849414962
SURF4,0.25611763587221503,0.743882364127785
SURF6,0.40912780006017,0.59087219993983
SUSD1,0.3349128549120256,0.6650871450879744
SUSD2,0.5483345682067531,0.4516654317932469
SUSD3,0.5388544100735869,0.4611455899264131
SUSD6,0.39533243275114466,0.6046675672488553
SUV39H1,0.4636201933026314,0.5363798066973686
SUV39H2,0.4771470246570451,0.5228529753429549
SUZ12,0.39618282871586935,0.6038171712841307
SV2A,0.5898461554731641,0.4101538445268359
SV2C,0.49946556399975506,0.5005344360002449
SVBP,0.3898896521755627,0.6101103478244373
SVIL,0.45336192048021723,0.5466380795197827
SVIP,0.7125617329563413,0.2874382670436587
SVOPL,0.5366165201578822,0.4633834798421178
SWAP70,0.3088615008496812,0.6911384991503188
SWI5,0.3626055492620383,0.6373944507379616
SWSAP1,0.403267933854035,0.596732066145965
SWT1,0.3694801013916731,0.6305198986083269
SYAP1,0.30666773533448577,0.6933322646655142
SYCE1L,0.5842679579343114,0.4157320420656886
SYCP3,0.7659668209297317,0.23403317907026833
SYF2,0.29543634477470604,0.704563655225294
SYK,0.4858678712376526,0.5141321287623474
SYMPK,0.34086165364299503,0.659138346357005
SYNC,0.5926555932632515,0.40734440673674854
SYNCRIP,0.31649411536220995,0.68350588463779
SYNE1,0.5296026681150708,0.47039733188492916
SYNE2,0.46955341898969244,0.5304465810103076
SYNE3,0.417375455477408,0.5826245445225919
SYNGAP1,0.39428597475801197,0.605714025241988
SYNGR1,0.5759672022291592,0.4240327977708408
SYNGR2,0.43884595589978354,0.5611540441002165
SYNJ1,0.4235214293003082,0.5764785706996918
SYNJ2,0.37198223466319696,0.6280177653368031
SYNJ2BP,0.3543016905231135,0.6456983094768864
SYNPO,0.3469215201413525,0.6530784798586475
SYNPO2L,0.7334626508610589,0.2665373491389411
SYNRG,0.36889433062502314,0.6311056693749768
SYP,0.6845936008862087,0.3154063991137913
SYPL1,0.3298774031656129,0.6701225968343871
SYPL2,0.7773779545511518,0.22262204544884823
SYS1,0.2649458233000977,0.7350541766999024
SYT11,0.4811569707734244,0.5188430292265755
SYT12,0.50542276725173,0.49457723274827003
SYT13,0.7007806492703301,0.2992193507296699
SYT2,0.7163796967693737,0.28362030323062626
SYT7,0.4051570136632238,0.5948429863367761
SYTL2,0.5644347944429943,0.43556520555700573
SYTL3,0.5025066275681768,0.49749337243182323
SYVN1,0.28695916783596787,0.7130408321640321
SZRD1,0.21330714091059885,0.7866928590894011
SZT2,0.39175139819937094,0.608248601800629
TAB1,0.3750525540007012,0.6249474459992987
TAB2,0.3348855790682137,0.6651144209317863
TAB3,0.35789371228643824,0.6421062877135617
TACC1,0.4929060143019472,0.5070939856980528
TACC3,0.4154332857578993,0.5845667142421007
TACO1,0.3410366281002228,0.6589633718997772
TACSTD2,0.4471834733017853,0.5528165266982147
TADA1,0.45340224222413134,0.5465977577758687
TADA2A,0.43184540926345755,0.5681545907365424
TADA2B,0.30473210396511213,0.6952678960348879
TADA3,0.3349208553720798,0.6650791446279203
TAF1,0.4249141945370606,0.5750858054629394
TAF10,0.5305373218974897,0.4694626781025103
TAF11,0.34299723458077225,0.6570027654192278
TAF12,0.29948484365429195,0.700515156345708
TAF13,0.2807097350180681,0.7192902649819319
TAF15,0.3491885627486876,0.6508114372513124
TAF1A,0.43625515699386597,0.563744843006134
TAF1B,0.3596591946801969,0.6403408053198031
TAF1C,0.3805829217391355,0.6194170782608646
TAF1D,0.3737165257334709,0.6262834742665291
TAF2,0.3913994442139353,0.6086005557860648
TAF3,0.32832980661519934,0.6716701933848006
TAF4,0.3670775480568409,0.6329224519431591
TAF4B,0.5296247612152781,0.47037523878472187
TAF5,0.3905100588287626,0.6094899411712373
TAF5L,0.3514530525675842,0.6485469474324158
TAF6,0.4295829970921789,0.570417002907821
TAF6L,0.4604756858732019,0.539524314126798
TAF7,0.34965404043240206,0.650345959567598
TAF8,0.37414370317544254,0.6258562968245575
TAF9,0.3402703194213765,0.6597296805786235
TAF9B,0.46382330836994307,0.536176691630057
TAGAP,0.4876372127660683,0.5123627872339317
TAGLN,0.40263177933437483,0.5973682206656252
TAGLN2,0.40789007526057375,0.5921099247394263
TAL1,0.46231687015720774,0.5376831298427922
TALDO1,0.37405384252113955,0.6259461574788605
TAMALIN,0.4708773573594434,0.5291226426405566
TAMM41,0.3968423558399081,0.6031576441600919
TANC1,0.4144321394019893,0.5855678605980107
TANGO2,0.3334561213850975,0.6665438786149025
TANGO6,0.2785407129808196,0.7214592870191804
TANK,0.32623800888125387,0.6737619911187461
TAOK1,0.3578819033822843,0.6421180966177157
TAOK2,0.29618166972483906,0.7038183302751609
TAOK3,0.3421538309859378,0.6578461690140622
TAP1,0.5589809369828019,0.44101906301719807
TAP2,0.4360840937920979,0.5639159062079021
TAPBP,0.4585178318832602,0.5414821681167399
TAPBPL,0.4442156744854791,0.555784325514521
TAPT1,0.399019522060241,0.600980477939759
TARBP1,0.45919687088046757,0.5408031291195324
TARBP2,0.37023397628217936,0.6297660237178206
TARDBP,0.2761042968236974,0.7238957031763026
TARS1,0.3173079078218767,0.6826920921781233
TARS2,0.3568308747240475,0.6431691252759525
TARS3,0.37653571207608494,0.6234642879239151
TASOR,0.36574120114424397,0.634258798855756
TASOR2,0.4382599560277803,0.5617400439722198
TASP1,0.38316861699734417,0.6168313830026558
TATDN1,0.3560885108475174,0.6439114891524826
TATDN2,0.3910188690892288,0.6089811309107712
TATDN3,0.385668401739427,0.614331598260573
TAX1BP1,0.300432511073138,0.6995674889268619
TBC1D1,0.32513805984386374,0.6748619401561362
TBC1D10A,0.31711237837693523,0.6828876216230648
TBC1D10B,0.2631358611397445,0.7368641388602555
TBC1D10C,0.5740379456962857,0.42596205430371425
TBC1D12,0.4170896751540048,0.5829103248459953
TBC1D13,0.30937981233000755,0.6906201876699924
TBC1D14,0.4257253051868507,0.5742746948131493
TBC1D15,0.3396570137036698,0.6603429862963301
TBC1D16,0.37492505993161884,0.6250749400683812
TBC1D17,0.40297027624079157,0.5970297237592084
TBC1D19,0.40614125904228005,0.59385874095772
TBC1D2,0.3473551044506686,0.6526448955493314
TBC1D20,0.2791060110820191,0.7208939889179808
TBC1D22A,0.2966422526431935,0.7033577473568065
TBC1D22B,0.2980537571545158,0.7019462428454841
TBC1D23,0.30900778381952215,0.6909922161804778
TBC1D24,0.41914471252156155,0.5808552874784385
TBC1D25,0.3087603954066123,0.6912396045933877
TBC1D2B,0.3532292361238173,0.6467707638761827
TBC1D31,0.4264537449926138,0.5735462550073862
TBC1D4,0.48059822086777004,0.51940177913223
TBC1D5,0.4106197915971279,0.5893802084028721
TBC1D7,0.33087521764848915,0.6691247823515108
TBC1D8,0.3833195940325303,0.6166804059674698
TBC1D8B,0.4399680660239288,0.5600319339760712
TBC1D9B,0.3563543064519763,0.6436456935480237
TBCA,0.34363168983587195,0.656368310164128
TBCB,0.3449307696095535,0.6550692303904465
TBCC,0.3993404499654259,0.6006595500345742
TBCCD1,0.4407105860965593,0.5592894139034408
TBCD,0.39100390965385096,0.6089960903461491
TBCEL,0.3735530179526125,0.6264469820473875
TBCK,0.3927191945591143,0.6072808054408857
TBK1,0.3659759496471712,0.6340240503528288
TBL1X,0.4990822837821075,0.5009177162178925
TBL1XR1,0.3919100172019431,0.6080899827980569
TBL2,0.30299323996795074,0.6970067600320493
TBL3,0.31622569023498465,0.6837743097650153
TBP,0.36884906861398903,0.631150931386011
TBPL1,0.3580483911292894,0.6419516088707107
TBRG1,0.3148398942181042,0.6851601057818958
TBRG4,0.31473055721393656,0.6852694427860635
TBX1,0.4698493137423481,0.5301506862576519
TBX2,0.6674642679946763,0.3325357320053237
TBX21,0.4474976712039539,0.5525023287960461
TBXAS1,0.4806461887700217,0.5193538112299783
TC2N,0.5688974947801658,0.4311025052198342
TCAF1,0.4134951132748808,0.5865048867251192
TCAIM,0.3582496784095253,0.6417503215904747
TCAP,0.810474870460374,0.18952512953962597
TCEA1,0.3205642267795546,0.6794357732204455
TCEA2,0.4630001501313278,0.5369998498686722
TCEA3,0.6553699459348407,0.34463005406515934
TCEAL1,0.4065250333930765,0.5934749666069234
TCEAL3,0.3901656347193888,0.6098343652806112
TCEAL4,0.3217601529987795,0.6782398470012205
TCEAL8,0.38786066563001703,0.612139334369983
TCEAL9,0.3056202455689864,0.6943797544310135
TCEANC,0.5122049961771283,0.48779500382287166
TCEANC2,0.39769335250769344,0.6023066474923066
TCERG1,0.350839578313753,0.649160421686247
TCF12,0.403885081410408,0.596114918589592
TCF19,0.47364070106829914,0.5263592989317009
TCF20,0.43391710493181435,0.5660828950681857
TCF25,0.2959065894995417,0.7040934105004584
TCF3,0.37165515311062336,0.6283448468893766
TCF4,0.45486006646284033,0.5451399335371596
TCF7,0.5265469902328083,0.47345300976719173
TCF7L1,0.5003786677760738,0.49962133222392624
TCFL5,0.3130688469058701,0.6869311530941299
TCHP,0.41778879133718355,0.5822112086628164
TCIRG1,0.36697917378374506,0.6330208262162549
TCL1A,0.6895144230553082,0.3104855769446918
TCN2,0.5297000605080809,0.47029993949191906
TCOF1,0.35506529327748076,0.6449347067225193
TCP1,0.3336226272263697,0.6663773727736303
TCP11L2,0.47256786801985334,0.5274321319801467
TCTA,0.35860949914370266,0.6413905008562973
TCTN1,0.47148171599422184,0.5285182840057782
TCTN3,0.2798044194600412,0.7201955805399588
TDG,0.33605633676052094,0.6639436632394791
TDP1,0.3154195157278861,0.6845804842721139
TDP2,0.3257512056401798,0.6742487943598202
TDRD3,0.3487438037991524,0.6512561962008476
TDRD7,0.4323784442884581,0.5676215557115418
TDRD9,0.8079057953187397,0.19209420468126026
TDRKH,0.5619159564375877,0.43808404356241226
TDRKH-AS1,0.4950487038918904,0.5049512961081096
TEC,0.48758550147925106,0.5124144985207489
TECPR1,0.3582213811044182,0.6417786188955819
TECR,0.30155129563562305,0.698448704364377
TEDC1,0.4550518680896078,0.5449481319103922
TEF,0.45488173780696733,0.5451182621930326
TEFM,0.408802687057427,0.5911973129425729
TEKT3,0.5263086051813194,0.4736913948186806
TELO2,0.3439588939238872,0.6560411060761129
TENM2,0.4994308650493622,0.5005691349506378
TENM4,0.426242396235466,0.573757603764534
TENT2,0.30613778358591454,0.6938622164140855
TENT4A,0.3302722444225635,0.6697277555774366
TENT4B,0.2886797047020601,0.7113202952979398
TENT5A,0.501680060156754,0.49831993984324596
TENT5B,0.4088783890807203,0.5911216109192797
TENT5C,0.6638239749840328,0.3361760250159672
TEP1,0.3024346438635673,0.6975653561364328
TEPSIN,0.42477284584726605,0.575227154152734
TERF1,0.3525600620944585,0.6474399379055416
TERF2,0.25827077722975184,0.7417292227702481
TERF2IP,0.25653188289808376,0.7434681171019162
TES,0.29273269658109974,0.7072673034189003
TESK1,0.4238212082002844,0.5761787917997157
TESK2,0.5157381014100143,0.4842618985899857
TESPA1,0.573481600199427,0.42651839980057304
TET1,0.5527164925421987,0.4472835074578013
TET2,0.41540577581950594,0.584594224180494
TET3,0.42918473056384493,0.570815269436155
TEX10,0.3376014324437295,0.6623985675562705
TEX14,0.5517606831022671,0.4482393168977329
TEX2,0.28563130194587366,0.7143686980541264
TEX261,0.2871653280620064,0.7128346719379937
TEX264,0.340789814346603,0.659210185653397
TEX30,0.4277853774172919,0.572214622582708
TFAM,0.38251899129578043,0.6174810087042195
TFAP2A,0.3930652514100075,0.6069347485899925
TFAP2C,0.419880144830261,0.5801198551697391
TFAP2E-AS1,0.5861308191503797,0.4138691808496203
TFB1M,0.41815356883619514,0.5818464311638049
TFB2M,0.4031194256884711,0.5968805743115289
TFCP2,0.37185149267315865,0.6281485073268414
TFDP1,0.3646257288221802,0.6353742711778199
TFDP2,0.5154150298663548,0.4845849701336452
TFE3,0.26208497317773954,0.7379150268222605
TFG,0.27165175455489327,0.7283482454451067
TFIP11,0.3308283548269953,0.6691716451730048
TFPT,0.4037534732903753,0.5962465267096246
TFRC,0.5440939340208258,0.45590606597917416
TGDS,0.3872606062463352,0.6127393937536648
TGFA,0.3829562770468848,0.6170437229531152
TGFB1,0.4143818127922714,0.5856181872077286
TGFB1I1,0.32153871529070394,0.6784612847092961
TGFBI,0.5065947523606675,0.49340524763933247
TGFBR1,0.34426194841840435,0.6557380515815956
TGFBR2,0.409458373274122,0.5905416267258781
TGFBRAP1,0.36801886265831335,0.6319811373416866
TGIF1,0.35693698482854025,0.6430630151714598
TGIF2,0.46271671088678495,0.5372832891132151
TGM1,0.5847882830670902,0.4152117169329098
TGM5,0.5242190754839352,0.4757809245160648
TGOLN2,0.3691314434898751,0.6308685565101249
TGS1,0.3939493556639978,0.6060506443360022
THADA,0.3200862890641604,0.6799137109358395
THAP1,0.3638449146279267,0.6361550853720733
THAP11,0.3307632891727345,0.6692367108272654
THAP12,0.3868118167987892,0.6131881832012108
THAP2,0.3741167554897921,0.6258832445102078
THAP3,0.40409254162971464,0.5959074583702854
THAP4,0.34830508747005035,0.6516949125299496
THAP5,0.4032498813633408,0.5967501186366593
THAP6,0.3957674152084759,0.6042325847915241
THAP7,0.4534080390419279,0.546591960958072
THAP7-AS1,0.5675020287079471,0.4324979712920529
THAP8,0.41809607456837383,0.5819039254316262
THAP9,0.46940537276012556,0.5305946272398745
THAP9-AS1,0.4417817810816424,0.5582182189183575
THBS1,0.482866500637361,0.5171334993626391
THEM4,0.4785742631980351,0.5214257368019649
THEM5,0.5349940966282573,0.46500590337174275
THEM6,0.4596189356275967,0.5403810643724033
THEMIS2,0.40274975076317787,0.5972502492368221
THG1L,0.4156907235405275,0.5843092764594725
THNSL1,0.4676448537835053,0.5323551462164947
THNSL2,0.5591974189238889,0.44080258107611114
THOC1,0.43181691957371576,0.5681830804262842
THOC2,0.3686394297318267,0.6313605702681733
THOC3,0.494848294449704,0.505151705550296
THOC5,0.33359576602067265,0.6664042339793274
THOC6,0.3524785558693111,0.6475214441306889
THOC7,0.31176762921469553,0.6882323707853044
THOP1,0.360701478219458,0.639298521780542
THRA,0.4063964512731348,0.5936035487268652
THRAP3,0.3128917806981398,0.6871082193018603
THTPA,0.4361390011118991,0.5638609988881009
THUMPD1,0.3366802312146839,0.6633197687853161
THUMPD2,0.39242602405803545,0.6075739759419645
THUMPD3,0.35914468419338974,0.6408553158066103
THUMPD3-AS1,0.47816418962819235,0.5218358103718077
THYN1,0.44550100926842007,0.5544989907315799
TIA1,0.43661198232855114,0.5633880176714489
TIAL1,0.3007716725447348,0.6992283274552652
TIAM1,0.4747012050024101,0.5252987949975899
TIAM2,0.4381648070578064,0.5618351929421936
TICAM1,0.34231404587626457,0.6576859541237354
TICAM2,0.4348862740610327,0.5651137259389674
TIFA,0.4761961895440306,0.5238038104559695
TIGAR,0.44026138686708044,0.5597386131329196
TIGD4,0.5226346568337509,0.4773653431662491
TIGD5,0.40229273747120586,0.5977072625287941
TIGD6,0.35406755323388744,0.6459324467661125
TIGD7,0.6121443914515632,0.3878556085484368
TIGIT,0.5934658199548721,0.40653418004512787
TIMELESS,0.4743415644126279,0.5256584355873721
TIMM10,0.3781724095876728,0.6218275904123272
TIMM10B,0.368323137202034,0.631676862797966
TIMM13,0.41074748816234724,0.5892525118376528
TIMM17A,0.30050814331376124,0.6994918566862387
TIMM17B,0.40752071727599415,0.5924792827240059
TIMM21,0.4521192902965205,0.5478807097034795
TIMM22,0.2809906129592231,0.7190093870407769
TIMM23,0.33587532823107075,0.6641246717689293
TIMM23B,0.3906138778797218,0.6093861221202782
TIMM29,0.389555424451828,0.610444575548172
TIMM44,0.36740326029913767,0.6325967397008623
TIMM50,0.3359141409663217,0.6640858590336782
TIMM8A,0.371765298768878,0.628234701231122
TIMM8B,0.3798124162214143,0.6201875837785857
TIMM9,0.32934607844799757,0.6706539215520024
TIMMDC1,0.32607835730803864,0.6739216426919614
TIMP1,0.47127695807388853,0.5287230419261115
TIMP2,0.40173163996743305,0.5982683600325669
TIMP3,0.4385002606681415,0.5614997393318585
TINAGL1,0.5357193409332207,0.4642806590667793
TINCR,0.5055099379803453,0.49449006201965473
TINF2,0.2814275221233921,0.7185724778766078
TIPARP,0.4485922743167196,0.5514077256832803
TIPARP-AS1,0.5738651369299207,0.4261348630700793
TIPIN,0.4451845277632986,0.5548154722367014
TIPRL,0.33066816149013384,0.6693318385098661
TIRAP,0.405538996681571,0.594461003318429
TJAP1,0.36688417329319883,0.6331158267068011
TJP1,0.3811944904071944,0.6188055095928056
TJP2,0.5068278600062642,0.49317213999373577
TK2,0.34966882531132015,0.6503311746886798
TKFC,0.3541941972715514,0.6458058027284486
TKT,0.4396056341273444,0.5603943658726556
TLCD2,0.4210359438189438,0.5789640561810562
TLCD3A,0.26141993601673413,0.7385800639832658
TLDC2,0.5074673646262714,0.4925326353737286
TLE1,0.4114562102726528,0.5885437897273472
TLE3,0.30923092611400144,0.6907690738859986
TLE4,0.44379028784377234,0.5562097121562277
TLE5,0.3832262137106487,0.6167737862893513
TLE6,0.5905924732131618,0.4094075267868382
TLK1,0.2973275404988921,0.7026724595011079
TLK2,0.31225563931678024,0.6877443606832198
TLN1,0.4919027015566826,0.5080972984433174
TLNRD1,0.2879856629463445,0.7120143370536556
TLR4,0.5090840618525233,0.4909159381474767
TLR5,0.6169832210455622,0.38301677895443775
TM2D1,0.31760256976953577,0.6823974302304643
TM2D2,0.34331637753971983,0.6566836224602801
TM2D3,0.3439897485077381,0.6560102514922619
TM6SF1,0.5540723534567016,0.4459276465432984
TM7SF2,0.4871222853128399,0.5128777146871601
TM7SF3,0.4584637811141355,0.5415362188858646
TM9SF1,0.3140379986060517,0.6859620013939483
TM9SF2,0.3337774584069848,0.6662225415930152
TM9SF3,0.3169819465173142,0.6830180534826857
TM9SF4,0.3233639717634235,0.6766360282365764
TMA16,0.33628900734973804,0.663710992650262
TMA7,0.4958058643553938,0.5041941356446062
TMBIM1,0.3167502911778034,0.6832497088221966
TMBIM4,0.5235002764633724,0.4764997235366276
TMBIM6,0.3361807932545032,0.6638192067454969
TMC6,0.4050638196879715,0.5949361803120286
TMC8,0.6040748517428126,0.3959251482571874
TMCC1,0.3017643436822774,0.6982356563177226
TMCC2,0.45013037004641127,0.5498696299535888
TMCC3,0.42295423948339056,0.5770457605166095
TMCO1,0.24828358669765294,0.7517164133023471
TMCO3,0.3199514307613884,0.6800485692386116
TMCO4,0.4789211382823331,0.5210788617176669
TMED1,0.3794633889836924,0.6205366110163075
TMED10,0.37069062180151896,0.6293093781984811
TMED2,0.27101868484169245,0.7289813151583076
TMED3,0.2943912276199886,0.7056087723800114
TMED4,0.29040307458490133,0.7095969254150987
TMED5,0.3074244012657021,0.6925755987342979
TMED7,0.3423226121813059,0.6576773878186941
TMED8,0.35720233685736147,0.6427976631426385
TMED9,0.3233845042330878,0.6766154957669122
TMEM101,0.28221138287335634,0.7177886171266437
TMEM102,0.3316115343144962,0.6683884656855038
TMEM104,0.26566000562161207,0.7343399943783879
TMEM106A,0.379723728501371,0.620276271498629
TMEM106B,0.34237029855804785,0.6576297014419521
TMEM106C,0.38430794261928114,0.6156920573807189
TMEM107,0.30364764681352036,0.6963523531864797
TMEM109,0.3587486049426453,0.6412513950573546
TMEM11,0.30836900669549194,0.6916309933045081
TMEM115,0.3113291946106723,0.6886708053893277
TMEM116,0.5892973776374545,0.4107026223625455
TMEM117,0.3768766477171864,0.6231233522828137
TMEM120A,0.3172985509570156,0.6827014490429844
TMEM120B,0.2665178309294528,0.7334821690705472
TMEM123,0.4533550680748054,0.5466449319251946
TMEM126A,0.3341699479413884,0.6658300520586116
TMEM126B,0.3319397727692766,0.6680602272307234
TMEM127,0.2655162230969706,0.7344837769030295
TMEM128,0.39642048361045973,0.6035795163895403
TMEM129,0.3750930250223194,0.6249069749776806
TMEM131,0.2904281135873004,0.7095718864126996
TMEM131L,0.3720065240881273,0.6279934759118727
TMEM134,0.31753072262342485,0.6824692773765751
TMEM135,0.35635099706373047,0.6436490029362696
TMEM138,0.3126533044768231,0.6873466955231768
TMEM140,0.410263969962086,0.589736030037914
TMEM141,0.40579610637256075,0.5942038936274392
TMEM143,0.5061441931341376,0.4938558068658624
TMEM144,0.38023461986865315,0.6197653801313469
TMEM147,0.3241276195538895,0.6758723804461104
TMEM14A,0.4503173109676157,0.5496826890323843
TMEM14B,0.36057522733296665,0.6394247726670333
TMEM14C,0.35462601642523495,0.645373983574765
TMEM150A,0.3665877431631088,0.6334122568368912
TMEM150B,0.446728840470314,0.553271159529686
TMEM154,0.4694945753685066,0.5305054246314934
TMEM156,0.4814624419169767,0.5185375580830234
TMEM158,0.6320299495543752,0.3679700504456248
TMEM160,0.47411301944937023,0.5258869805506298
TMEM161A,0.36049781393791946,0.6395021860620805
TMEM161B,0.4321575436208929,0.5678424563791071
TMEM164,0.3214009974950126,0.6785990025049874
TMEM165,0.3312366067298821,0.6687633932701179
TMEM167A,0.3028936731030366,0.6971063268969634
TMEM167B,0.30623044761263635,0.6937695523873637
TMEM168,0.4255729660923992,0.5744270339076007
TMEM17,0.4216118162231786,0.5783881837768214
TMEM170A,0.31857139324503286,0.6814286067549671
TMEM175,0.3808652865035193,0.6191347134964806
TMEM176A,0.6210437768271991,0.37895622317280087
TMEM176B,0.5838812153254237,0.4161187846745763
TMEM177,0.41175268430794987,0.5882473156920501
TMEM179B,0.3256005747243762,0.6743994252756238
TMEM18,0.37111280326332363,0.6288871967366764
TMEM181,0.30171485072267906,0.698285149277321
TMEM182,0.5171588696539402,0.4828411303460598
TMEM183A,0.37843697065753595,0.6215630293424641
TMEM184A,0.4456676308597837,0.5543323691402162
TMEM184B,0.2307452879446958,0.7692547120553042
TMEM184C,0.3500849746965936,0.6499150253034064
TMEM185A,0.2797330229410103,0.7202669770589897
TMEM185B,0.2872936644458345,0.7127063355541655
TMEM186,0.39048529442931923,0.6095147055706808
TMEM187,0.41407567049775806,0.5859243295022419
TMEM19,0.3731101463947977,0.6268898536052023
TMEM191B,0.5343539858503001,0.46564601414969986
TMEM191C,0.5735864740397248,0.42641352596027515
TMEM192,0.3536715842783451,0.6463284157216549
TMEM199,0.34382802593920914,0.6561719740607909
TMEM201,0.3989036429141249,0.6010963570858752
TMEM203,0.349735135744725,0.6502648642552751
TMEM205,0.4684733673930168,0.5315266326069832
TMEM208,0.30248812486284543,0.6975118751371545
TMEM209,0.3892505466938019,0.6107494533061981
TMEM214,0.26105530453579767,0.7389446954642023
TMEM216,0.4899968116411141,0.5100031883588859
TMEM217,0.4641784826027496,0.5358215173972505
TMEM218,0.3184608440580113,0.6815391559419888
TMEM219,0.3474680281111172,0.6525319718888828
TMEM220,0.6343040743044445,0.36569592569555553
TMEM222,0.32681077319596497,0.673189226804035
TMEM223,0.36141146453363554,0.6385885354663645
TMEM229B,0.5758707683001246,0.4241292316998754
TMEM230,0.309302370729191,0.690697629270809
TMEM231,0.6266666214380946,0.3733333785619054
TMEM232,0.5745653034786561,0.4254346965213439
TMEM234,0.3650014051901443,0.6349985948098558
TMEM238,0.49780919988240513,0.5021908001175949
TMEM242,0.31383433618715834,0.6861656638128417
TMEM243,0.4061418686594282,0.5938581313405717
TMEM245,0.3427517909024443,0.6572482090975558
TMEM248,0.30699659923889805,0.6930034007611019
TMEM25,0.5303597918578556,0.46964020814214436
TMEM250,0.3231294520997575,0.6768705479002425
TMEM255B,0.46176493753279957,0.5382350624672004
TMEM256,0.44100471852081163,0.5589952814791883
TMEM258,0.30890902650675606,0.691090973493244
TMEM259,0.33248159449015346,0.6675184055098465
TMEM260,0.42750695773533415,0.5724930422646659
TMEM263,0.31238932268960135,0.6876106773103987
TMEM267,0.3574624266475439,0.6425375733524561
TMEM268,0.4491658812122686,0.5508341187877315
TMEM30A,0.35344241426459383,0.6465575857354062
TMEM33,0.3122317934674876,0.6877682065325124
TMEM37,0.42409477599098216,0.5759052240090179
TMEM38B,0.4917049764522484,0.5082950235477516
TMEM39A,0.34895764557378633,0.6510423544262136
TMEM39B,0.3404346640620913,0.6595653359379088
TMEM41A,0.37436370125838686,0.6256362987416131
TMEM41B,0.3098678733887417,0.6901321266112583
TMEM42,0.406434298359922,0.5935657016400779
TMEM43,0.2942638499745434,0.7057361500254566
TMEM44,0.4472377888326134,0.5527622111673867
TMEM44-AS1,0.4770412003355367,0.5229587996644633
TMEM50A,0.2928154616882758,0.7071845383117241
TMEM50B,0.4185828167412962,0.5814171832587038
TMEM51,0.42785762303641867,0.5721423769635814
TMEM52,0.6496505779879433,0.35034942201205665
TMEM53,0.33403920370203977,0.6659607962979602
TMEM54,0.3756405192294291,0.6243594807705709
TMEM59,0.3012733827345073,0.6987266172654927
TMEM60,0.3670242533886007,0.6329757466113993
TMEM62,0.4611149680401598,0.5388850319598402
TMEM63A,0.4211940983576434,0.5788059016423566
TMEM63B,0.24456143450723694,0.7554385654927631
TMEM63C,0.556060115141528,0.443939884858472
TMEM64,0.41747986684952465,0.5825201331504753
TMEM67,0.4398857610566275,0.5601142389433724
TMEM68,0.3591095846412437,0.6408904153587562
TMEM69,0.34449117071926594,0.6555088292807341
TMEM70,0.31684832230010734,0.6831516776998927
TMEM79,0.3676261170102017,0.6323738829897982
TMEM80,0.4568578414618969,0.5431421585381031
TMEM86A,0.42940373346209526,0.5705962665379047
TMEM86B,0.5209227826978479,0.47907721730215214
TMEM87A,0.29938318241121514,0.7006168175887848
TMEM87B,0.306360807801996,0.6936391921980041
TMEM88,0.4536953004343169,0.5463046995656831
TMEM8B,0.5627768742186683,0.4372231257813317
TMEM9,0.3598712504442249,0.640128749555775
TMEM91,0.5030093762491431,0.4969906237508569
TMEM94,0.38958727355514255,0.6104127264448574
TMEM97,0.557790109621627,0.442209890378373
TMEM98,0.54556262918881,0.45443737081118996
TMEM9B,0.29467159429831163,0.7053284057016884
TMEM9B-AS1,0.5876830901418414,0.4123169098581586
TMF1,0.3699382655322552,0.6300617344677448
TMIGD2,0.6056402985538755,0.39435970144612453
TMLHE,0.3383774291058736,0.6616225708941263
TMOD1,0.6680226049252919,0.33197739507470814
TMOD3,0.2816249705917601,0.7183750294082398
TMOD4,0.7758817992040089,0.2241182007959911
TMPO,0.48464472059692654,0.5153552794030735
TMPPE,0.4304366468318871,0.5695633531681129
TMPRSS13,0.4196461726512228,0.5803538273487772
TMPRSS4,0.49534081667661667,0.5046591833233833
TMPRSS6,0.4855011524487054,0.5144988475512946
TMSB10,0.5882087924650737,0.41179120753492626
TMSB4X,0.7404509229319436,0.2595490770680564
TMSB4Y,0.7018378802708217,0.2981621197291783
TMTC3,0.42590017803013325,0.5740998219698668
TMTC4,0.5325831595276084,0.4674168404723916
TMUB1,0.30334852748949614,0.6966514725105039
TMUB2,0.27320255019835066,0.7267974498016494
TMX1,0.30440146071902874,0.6955985392809713
TMX2,0.3066338196929012,0.6933661803070987
TMX3,0.36675435836826054,0.6332456416317395
TMX4,0.40483890766544,0.59516109233456
TNC,0.47797318547964096,0.522026814520359
TNF,0.5521031192370823,0.44789688076291767
TNFAIP1,0.2745600257933672,0.7254399742066329
TNFAIP2,0.5695624362145152,0.4304375637854848
TNFAIP3,0.5258117078670433,0.47418829213295666
TNFAIP8,0.347289222159556,0.652710777840444
TNFAIP8L1,0.34620100698832956,0.6537989930116704
TNFAIP8L2,0.3935098161122629,0.6064901838877371
TNFRSF10A,0.3916684868080275,0.6083315131919724
TNFRSF10A-AS1,0.42588917032948564,0.5741108296705144
TNFRSF10B,0.3746250702866486,0.6253749297133514
TNFRSF10D,0.47087790817022324,0.5291220918297768
TNFRSF11A,0.5905592505420957,0.4094407494579043
TNFRSF14,0.5382835492491722,0.4617164507508278
TNFRSF14-AS1,0.6501458510756493,0.34985414892435074
TNFRSF18,0.6568885690399578,0.34311143096004215
TNFRSF1A,0.27025914112372057,0.7297408588762795
TNFRSF1B,0.5039519124797412,0.49604808752025875
TNFRSF21,0.4640511173222746,0.5359488826777254
TNFRSF4,0.661761611700058,0.338238388299942
TNFRSF8,0.5640545476760183,0.43594545232398174
TNFRSF9,0.6280018942696708,0.3719981057303292
TNFSF10,0.553751004593713,0.44624899540628704
TNFSF12,0.44651543136153904,0.553484568638461
TNFSF13,0.4372140057384968,0.5627859942615032
TNFSF4,0.6338970810174942,0.3661029189825058
TNFSF9,0.46032207938177244,0.5396779206182276
TNIK,0.581275616905519,0.418724383094481
TNIP1,0.3559553362429142,0.6440446637570858
TNIP2,0.3130832588566201,0.6869167411433799
TNK1,0.4135523486350264,0.5864476513649737
TNK2,0.35097427054175306,0.6490257294582469
TNKS,0.4002972615084478,0.5997027384915522
TNKS1BP1,0.2659648228270401,0.7340351771729599
TNKS2,0.36629113075988634,0.6337088692401136
TNNC1,0.7924075701407024,0.2075924298592976
TNNI1,0.7708536982536316,0.2291463017463684
TNNI2,0.7655443144696099,0.2344556855303901
TNNT1,0.621561559183257,0.37843844081674305
TNNT3,0.681897446513176,0.31810255348682404
TNPO1,0.33278740224029335,0.6672125977597066
TNPO2,0.3619860445282289,0.6380139554717711
TNPO3,0.3134930022060871,0.6865069977939129
TNRC18,0.33812044254903284,0.6618795574509672
TNRC6A,0.3266314638645521,0.6733685361354479
TNRC6B,0.4078803951186793,0.5921196048813206
TNRC6C,0.5437322551650661,0.45626774483493393
TNS1,0.5360481084457466,0.4639518915542534
TNS2,0.4437554787312235,0.5562445212687765
TNS3,0.43400157349450247,0.5659984265054976
TNS4,0.3805877821453448,0.6194122178546553
TOB1,0.34725830278226305,0.6527416972177369
TOB2,0.35899199465555803,0.641008005344442
TOE1,0.44866927872811047,0.5513307212718895
TOGARAM1,0.41925555786916185,0.5807444421308381
TOGARAM2,0.5718420876988343,0.42815791230116573
TOLLIP,0.2800210883308734,0.7199789116691266
TOM1,0.3533909547009638,0.6466090452990362
TOM1L2,0.35662181169859003,0.64337818830141
TOMM20,0.3584524443639176,0.6415475556360823
TOMM22,0.3195206742467625,0.6804793257532376
TOMM34,0.3124455933326057,0.6875544066673943
TOMM40,0.35639323480427265,0.6436067651957273
TOMM40L,0.35066026502421926,0.6493397349757808
TOMM5,0.5082409440406731,0.4917590559593269
TOMM7,0.36414281012756483,0.6358571898724352
TOMM70,0.31453890459878103,0.685461095401219
TONSL,0.4517872421337025,0.5482127578662974
TOP1,0.3329947314092091,0.6670052685907909
TOP1MT,0.3761580307036638,0.6238419692963362
TOP2B,0.40990625800830977,0.5900937419916903
TOP3A,0.34242338786966037,0.6575766121303397
TOP3B,0.45912089411701473,0.5408791058829853
TOPBP1,0.45234629086085726,0.5476537091391427
TOPORS,0.4198066491101469,0.5801933508898531
TOR1A,0.31127183019582716,0.6887281698041728
TOR1AIP1,0.3164861066532986,0.6835138933467013
TOR1AIP2,0.21132319928749763,0.7886768007125023
TOR1B,0.278690923870142,0.721309076129858
TOR2A,0.353599647592221,0.646400352407779
TOR3A,0.41612763835915495,0.583872361640845
TOR4A,0.4568385359432016,0.5431614640567983
TOX,0.5569730081728527,0.44302699182714733
TOX4,0.28706513345241547,0.7129348665475845
TP53,0.5596413410135678,0.4403586589864322
TP53BP1,0.4330437452133213,0.5669562547866787
TP53BP2,0.3690332042585526,0.6309667957414473
TP53I11,0.43249580689838957,0.5675041931016105
TP53I13,0.3382860084197351,0.6617139915802649
TP53I3,0.4011371268092522,0.5988628731907478
TP53INP1,0.44654111697205473,0.5534588830279452
TP53INP2,0.48264267455254284,0.5173573254474572
TP53RK,0.33525706534939154,0.6647429346506084
TP53TG1,0.4837352553648608,0.5162647446351392
TP63,0.4294535017439297,0.5705464982560703
TP73,0.5029916843133313,0.4970083156866687
TPCN1,0.4013477499995913,0.5986522500004088
TPD52,0.4470400597367968,0.5529599402632033
TPD52L1,0.43551086634397507,0.5644891336560249
TPD52L2,0.2580161550140474,0.7419838449859526
TPGS1,0.565390265413693,0.43460973458630703
TPGS2,0.4042514006474188,0.5957485993525812
TPH1,0.6083662265113422,0.3916337734886578
TPI1,0.3307941439291296,0.6692058560708705
TPK1,0.40935297310352325,0.5906470268964767
TPM1,0.44228399811046465,0.5577160018895353
TPM2,0.5797829478979111,0.42021705210208893
TPM3,0.3560294919796953,0.6439705080203046
TPM4,0.43537226718451294,0.5646277328154871
TPMT,0.3012906978172915,0.6987093021827084
TPP1,0.3107836235524571,0.689216376447543
TPP2,0.321007937459009,0.678992062540991
TPPP,0.5581875028354781,0.44181249716452187
TPPP3,0.5372509860566684,0.46274901394333157
TPR,0.4117052193198885,0.5882947806801115
TPRA1,0.30967237214956966,0.6903276278504303
TPRG1L,0.27664542448474094,0.7233545755152591
TPRKB,0.353154140258474,0.646845859741526
TPRN,0.45712221413850784,0.5428777858614922
TPSAB1,0.46443304180034567,0.5355669581996543
TPSB2,0.5136902041600219,0.48630979583997813
TPSD1,0.641259932092258,0.35874006790774204
TPSG1,0.5726601667702198,0.4273398332297802
TPST1,0.35026993442858967,0.6497300655714103
TPST2,0.29691105681870666,0.7030889431812933
TPT1,0.6560938853238311,0.34390611467616894
TPT1-AS1,0.4652166422456503,0.5347833577543497
TPX2,0.4481406163956438,0.5518593836043562
TRA2A,0.34332987998745274,0.6566701200125473
TRA2B,0.3471375033259392,0.6528624966740608
TRABD,0.34466199724868474,0.6553380027513153
TRAC,0.5803985329610961,0.4196014670389039
TRADD,0.29880092589051593,0.701199074109484
TRAF1,0.5566451443093163,0.44335485569068367
TRAF2,0.5108495487698487,0.48915045123015133
TRAF3,0.3501242324709892,0.6498757675290108
TRAF3IP1,0.4203481240464108,0.5796518759535891
TRAF3IP2,0.26974975151409,0.73025024848591
TRAF3IP2-AS1,0.49663531514150755,0.5033646848584925
TRAF3IP3,0.5810490005782672,0.41895099942173275
TRAF4,0.3668638713923948,0.6331361286076052
TRAF5,0.5013209549444062,0.4986790450555938
TRAF6,0.33689734525978565,0.6631026547402143
TRAF7,0.2719155776181391,0.7280844223818609
TRAFD1,0.41514244356325697,0.5848575564367431
TRAK1,0.3297525300378246,0.6702474699621754
TRAK2,0.38523993428264347,0.6147600657173565
TRAM1,0.3233907494827041,0.6766092505172959
TRAM2,0.4040349769805159,0.5959650230194842
TRAM2-AS1,0.47683699961219517,0.5231630003878048
TRANK1,0.5252943980906691,0.47470560190933087
TRAP1,0.3928921435560499,0.60710785644395
TRAPPC1,0.24299914033742556,0.7570008596625745
TRAPPC10,0.41567676487777916,0.5843232351222208
TRAPPC11,0.34816610666790176,0.6518338933320982
TRAPPC12,0.3435089832970074,0.6564910167029926
TRAPPC12-AS1,0.5129967911967209,0.4870032088032791
TRAPPC13,0.3957197860415493,0.6042802139584507
TRAPPC2,0.36289332221661297,0.637106677783387
TRAPPC2B,0.3822170440107584,0.6177829559892416
TRAPPC2L,0.34946618335587637,0.6505338166441237
TRAPPC3,0.2904208640434912,0.7095791359565088
TRAPPC4,0.32453830034605097,0.6754616996539491
TRAPPC5,0.5622137715773923,0.4377862284226077
TRAPPC6A,0.5640487617680005,0.43595123823199955
TRAPPC6B,0.40818311646580696,0.591816883534193
TRAPPC8,0.4259773487491267,0.5740226512508733
TRAPPC9,0.39927143284252714,0.6007285671574729
TRAV1-2,0.6906465291976929,0.30935347080230713
TRAV12-1,0.7009535123194967,0.29904648768050335
TRAV12-2,0.6030071957835129,0.3969928042164871
TRAV12-3,0.641011224261352,0.35898877573864796
TRAV13-1,0.6201347575656005,0.37986524243439945
TRAV19,0.6069653944245407,0.39303460557545933
TRAV2,0.665717460747276,0.334282539252724
TRAV21,0.6295948401093483,0.3704051598906517
TRAV22,0.6897292392594474,0.3102707607405526
TRAV26-1,0.5681613470826831,0.43183865291731693
TRAV29DV5,0.6079372316598892,0.3920627683401108
TRAV3,0.6476584545203617,0.35234154547963825
TRAV41,0.7271695019943374,0.2728304980056626
TRAV8-2,0.5217033164309604,0.47829668356903965
TRAV8-3,0.6564048262579101,0.3435951737420899
TRAV8-4,0.6497993469238281,0.3502006530761719
TRAV8-6,0.6960350924304554,0.30396490756954464
TRAV9-2,0.6513656505516597,0.34863434944834026
TRBC1,0.6439328789710999,0.35606712102890015
TRBV10-3,0.6782813189285142,0.3217186810714858
TRBV11-2,0.7453503002013478,0.25464969979865215
TRBV12-4,0.7578435423118728,0.2421564576881272
TRBV18,0.5975892772631985,0.40241072273680145
TRBV19,0.6489097752741405,0.3510902247258595
TRBV2,0.6392102752413068,0.3607897247586932
TRBV20-1,0.6455815445099559,0.35441845549004414
TRBV24-1,0.6803694782512528,0.3196305217487472
TRBV27,0.7399851882031986,0.2600148117968014
TRBV29-1,0.6215408588094371,0.3784591411905629
TRBV3-1,0.605191307408469,0.39480869259153095
TRBV4-1,0.6915530871067729,0.3084469128932271
TRBV4-2,0.6722104176878929,0.3277895823121071
TRBV5-1,0.5179456938058138,0.4820543061941862
TRBV5-4,0.700100051505225,0.29989994849477497
TRBV5-6,0.7013434980596814,0.29865650194031856
TRBV6-5,0.6802126988768578,0.31978730112314224
TRBV6-6,0.7525438527975764,0.2474561472024236
TRBV7-2,0.5961345806717873,0.40386541932821274
TRBV7-3,0.6280062411512647,0.3719937588487353
TRBV7-6,0.7404337716954095,0.25956622830459053
TRBV7-9,0.6492255590856075,0.35077444091439247
TRBV9,0.5972662413758891,0.40273375862411087
TRDMT1,0.39377412678939955,0.6062258732106005
TREM2,0.3556589855413352,0.6443410144586648
TRERF1,0.45845390749829157,0.5415460925017084
TREX2,0.5961374874625888,0.40386251253741123
TRG-AS1,0.5394113180892808,0.4605886819107192
TRIAP1,0.33672981343365144,0.6632701865663486
TRIB1,0.3841168241841452,0.6158831758158547
TRIB2,0.54957465082407,0.45042534917593
TRIB3,0.4084409001682486,0.5915590998317515
TRIM11,0.38248142866151674,0.6175185713384832
TRIM13,0.34383941787694183,0.6561605821230582
TRIM16,0.39642671602112906,0.603573283978871
TRIM2,0.5952907907111304,0.40470920928886955
TRIM21,0.4593731462955475,0.5406268537044525
TRIM22,0.618596151471138,0.381403848528862
TRIM23,0.40394256157534464,0.5960574384246553
TRIM24,0.48709837027958464,0.5129016297204154
TRIM25,0.34785987596426693,0.6521401240357331
TRIM26,0.3779928082866328,0.6220071917133672
TRIM27,0.34010082030934946,0.6598991796906506
TRIM28,0.37973504486892906,0.6202649551310709
TRIM29,0.35057175252586603,0.649428247474134
TRIM3,0.34963462268933654,0.6503653773106635
TRIM33,0.35241468287339167,0.6475853171266084
TRIM34,0.5247955572392259,0.4752044427607741
TRIM35,0.37274704101894585,0.6272529589810542
TRIM37,0.35500829360846964,0.6449917063915304
TRIM38,0.40669989452830385,0.5933001054716962
TRIM39,0.28719220075540114,0.7128077992445989
TRIM4,0.3749657640499728,0.6250342359500272
TRIM41,0.3546630141458341,0.6453369858541659
TRIM44,0.39426162572843687,0.6057383742715632
TRIM45,0.5444506114082677,0.45554938859173233
TRIM47,0.4805976338684559,0.5194023661315441
TRIM5,0.43373223340937067,0.5662677665906293
TRIM52,0.5011984179062503,0.4988015820937497
TRIM52-AS1,0.4491361887859447,0.5508638112140554
TRIM56,0.43349787539669443,0.5665021246033055
TRIM59,0.5396969627056803,0.46030303729431965
TRIM61,0.5466871085975852,0.4533128914024148
TRIM62,0.3954965908612524,0.6045034091387476
TRIM65,0.34096112767500536,0.6590388723249947
TRIM69,0.45553750704441753,0.5444624929555825
TRIM7,0.48541962781122755,0.5145803721887725
TRIM72,0.7282295525074005,0.2717704474925995
TRIM73,0.6468262603240353,0.35317373967596466
TRIM8,0.40515647030302454,0.5948435296969754
TRIO,0.3300341548664229,0.669965845133577
TRIOBP,0.341377056869013,0.658622943130987
TRIP10,0.30436845323336975,0.6956315467666303
TRIP11,0.31127480790019035,0.6887251920998096
TRIP12,0.3462905889443521,0.6537094110556478
TRIP4,0.2665926305843251,0.7334073694156749
TRIP6,0.37593803235462736,0.6240619676453727
TRIQK,0.41435145613338265,0.5856485438666174
TRIR,0.37224228786570684,0.6277577121342932
TRIT1,0.36349865874009474,0.6365013412599052
TRMO,0.3795679858220475,0.6204320141779525
TRMT1,0.3816333647285189,0.6183666352714812
TRMT10A,0.43851782754063606,0.5614821724593639
TRMT10B,0.5026314173425946,0.49736858265740536
TRMT10C,0.32844846409612466,0.6715515359038753
TRMT11,0.4296857396672879,0.570314260332712
TRMT112,0.27672593348792623,0.7232740665120738
TRMT12,0.38224244703139576,0.6177575529686042
TRMT13,0.39465090951749254,0.6053490904825074
TRMT1L,0.3474716552134071,0.6525283447865928
TRMT2A,0.39470833486744333,0.6052916651325566
TRMT2B,0.411360020882317,0.5886399791176831
TRMT44,0.4470955016357558,0.5529044983642442
TRMT6,0.36521254666149616,0.6347874533385038
TRMT61A,0.34889932482370306,0.6511006751762969
TRMT61B,0.40410001469509943,0.5958999853049005
TRMT9B,0.654657709811415,0.345342290188585
TRMU,0.4005898873188666,0.5994101126811334
TRNAU1AP,0.2928722105654223,0.7071277894345778
TRNP1,0.45247615767376764,0.5475238423262323
TRNT1,0.3650899739669902,0.6349100260330098
TROAP,0.5124887047069413,0.4875112952930587
TRPC4,0.40328881583575693,0.5967111841642431
TRPC4AP,0.28955953208995716,0.7104404679100429
TRPM2,0.5279788949659893,0.47202110503401074
TRPM4,0.28702289039003,0.71297710960997
TRPM7,0.4347040371171066,0.5652959628828934
TRPS1,0.5022184348532132,0.49778156514678684
TRPT1,0.2937934510409832,0.7062065489590168
TRPV2,0.4818078263529709,0.5181921736470291
TRPV3,0.3948120465502143,0.6051879534497857
TRRAP,0.4420242277639253,0.5579757722360748
TRUB1,0.4066363386809826,0.5933636613190174
TRUB2,0.35326521032090696,0.646734789679093
TSBP1-AS1,0.5803925416299275,0.4196074583700725
TSC1,0.3535757791250944,0.6464242208749056
TSC2,0.369787351627435,0.630212648372565
TSC22D1,0.4282301754823753,0.5717698245176247
TSC22D1-AS1,0.5572300111608846,0.44276998883911545
TSC22D2,0.3482250403612852,0.6517749596387148
TSC22D3,0.5141426127936158,0.48585738720638416
TSC22D4,0.33450514716761454,0.6654948528323854
TSEN15,0.4047736834202494,0.5952263165797507
TSEN2,0.45447022946817534,0.5455297705318247
TSEN34,0.3349371312984398,0.6650628687015602
TSEN54,0.3841912294072764,0.6158087705927235
TSG101,0.2721821318014658,0.7278178681985342
TSGA10,0.5118727801101548,0.4881272198898452
TSHZ1,0.4634027156446661,0.5365972843553339
TSHZ3,0.39703056522245916,0.6029694347775408
TSIX,0.6815476130161967,0.3184523869838033
TSKU,0.3464222445285746,0.6535777554714254
TSN,0.3305120151489973,0.6694879848510027
TSNARE1,0.45951245139752117,0.5404875486024788
TSNAX,0.35071845898138626,0.6492815410186137
TSPAN1,0.6707966742771012,0.3292033257228988
TSPAN10,0.4890779560165746,0.5109220439834254
TSPAN13,0.45590944375310627,0.5440905562468937
TSPAN14,0.35579315865678446,0.6442068413432156
TSPAN17,0.3458123720650162,0.6541876279349839
TSPAN18,0.5530415730816978,0.44695842691830223
TSPAN3,0.35109631238239153,0.6489036876176084
TSPAN31,0.2887385741674474,0.7112614258325526
TSPAN4,0.45678374277693884,0.5432162572230612
TSPAN9,0.4030311017164162,0.5969688982835838
TSPO,0.37961514773113386,0.6203848522688662
TSPOAP1,0.6249315600310054,0.37506843996899464
TSPOAP1-AS1,0.5702260466558593,0.4297739533441407
TSPYL1,0.3114733984693885,0.6885266015306115
TSPYL2,0.45961204703365055,0.5403879529663494
TSPYL4,0.4312814601830074,0.5687185398169926
TSPYL5,0.6639651783875057,0.3360348216124943
TSR1,0.3588535288747932,0.6411464711252068
TSR2,0.32730755036962883,0.6726924496303712
TSR3,0.31129954356168,0.68870045643832
TSSC4,0.3510236189966755,0.6489763810033244
TSSK4,0.4675997534234609,0.5324002465765392
TSSK6,0.444868266582489,0.555131733417511
TST,0.4622930322906801,0.5377069677093199
TSTD1,0.45790479917611393,0.5420952008238861
TSTD2,0.5188060381582805,0.4811939618417195
TSTD3,0.450907207227179,0.5490927927728211
TTBK2,0.406264778226614,0.593735221773386
TTC1,0.3395839775247233,0.6604160224752766
TTC13,0.4103232244295733,0.5896767755704266
TTC14,0.4353376262422119,0.564662373757788
TTC17,0.32420019313160864,0.6757998068683914
TTC19,0.41542902109878405,0.5845709789012159
TTC21B,0.42188454179891516,0.5781154582010848
TTC22,0.3926330663795982,0.6073669336204017
TTC27,0.352286848771785,0.647713151228215
TTC28,0.586100139788219,0.41389986021178105
TTC28-AS1,0.4851816248680864,0.5148183751319135
TTC3,0.37682983625148025,0.6231701637485197
TTC31,0.3500089001442705,0.6499910998557294
TTC32,0.49931889453104567,0.5006811054689544
TTC33,0.3815828862466982,0.6184171137533018
TTC38,0.37850857472845484,0.6214914252715451
TTC39A,0.5509094164839813,0.4490905835160187
TTC39B,0.475317149822201,0.5246828501777989
TTC39C,0.4757946181510176,0.5242053818489825
TTC4,0.3784584939213736,0.6215415060786265
TTC5,0.412736251950264,0.587263748049736
TTC7A,0.24863556772470474,0.7513644322752953
TTC7B,0.3460551320708224,0.6539448679291776
TTC8,0.36967798522008316,0.6303220147799169
TTC9,0.559083708695003,0.440916291304997
TTC9C,0.353564266115427,0.646435733884573
TTF1,0.34601976722478867,0.6539802327752113
TTF2,0.4688367077282497,0.5311632922717503
TTI1,0.36223350944263594,0.6377664905573641
TTI2,0.46012868732213974,0.5398713126778603
TTK,0.5106921563191074,0.48930784368089264
TTL,0.29996744544977055,0.7000325545502295
TTLL1,0.4657871946692467,0.5342128053307533
TTLL11,0.44779206200369764,0.5522079379963023
TTLL12,0.39983973891607355,0.6001602610839265
TTLL3,0.5855512118765286,0.4144487881234714
TTLL4,0.4487885385751724,0.5512114614248276
TTLL5,0.3341153583356312,0.6658846416643688
TTLL9,0.6864479684403965,0.31355203155960354
TTN,0.8156053572893143,0.18439464271068573
TTN-AS1,0.48269510162728174,0.5173048983727182
TTPAL,0.27436758800675826,0.7256324119932418
TTTY14,0.7057257496884891,0.2942742503115109
TTYH2,0.49578727914818693,0.504212720851813
TTYH3,0.30649801290460993,0.69350198709539
TUBA1A,0.4643365022327219,0.5356634977672781
TUBA1B,0.38870640711060594,0.6112935928893941
TUBA1C,0.3295734209407653,0.6704265790592348
TUBA3D,0.5261698530188629,0.4738301469811371
TUBA4A,0.481971359412585,0.518028640587415
TUBAL3,0.48769283580726813,0.5123071641927319
TUBB,0.4162456378606813,0.5837543621393186
TUBB2A,0.44395363703370094,0.5560463629662991
TUBB2B,0.7328874937125615,0.26711250628743854
TUBB4B,0.40571501079414574,0.5942849892058543
TUBB6,0.35530358526323524,0.6446964147367648
TUBD1,0.4259902153696333,0.5740097846303667
TUBE1,0.47791593255741255,0.5220840674425875
TUBG1,0.27471722062078435,0.7252827793792156
TUBG2,0.33398992767823593,0.6660100723217641
TUBGCP2,0.31593329682280974,0.6840667031771903
TUBGCP3,0.3424884997574346,0.6575115002425653
TUBGCP4,0.44497470770563397,0.555025292294366
TUBGCP5,0.3957206918192761,0.6042793081807238
TUBGCP6,0.3961685866649662,0.6038314133350338
TUFM,0.2961934265414519,0.7038065734585481
TUFT1,0.33408787871927154,0.6659121212807284
TUG1,0.3432851133069822,0.6567148866930178
TULP3,0.45460574861083713,0.5453942513891629
TULP4,0.4042724014392921,0.5957275985607079
TUSC1,0.5598611677331584,0.4401388322668416
TUSC2,0.37091583918247906,0.6290841608175209
TUT1,0.37985869736543726,0.6201413026345628
TUT4,0.4007407308423093,0.5992592691576907
TUT7,0.36418506636151243,0.6358149336384875
TVP23B,0.3308240255074842,0.6691759744925159
TVP23C,0.4508882439030068,0.5491117560969931
TWF1,0.3368533163198403,0.6631466836801597
TWF2,0.3213317599812789,0.6786682400187212
TWNK,0.4209041930735111,0.5790958069264889
TWSG1,0.32376440720898764,0.6762355927910124
TXK,0.5459088342530387,0.4540911657469613
TXLNA,0.3545323029559638,0.6454676970440363
TXLNB,0.7457481324672699,0.2542518675327301
TXLNG,0.42422626220754217,0.5757737377924579
TXN,0.45465679014367716,0.5453432098563229
TXN2,0.31416294870099853,0.6858370512990015
TXNDC11,0.2774169130633319,0.7225830869366681
TXNDC12,0.3625401356922729,0.6374598643077272
TXNDC15,0.32239045295864344,0.6776095470413566
TXNDC16,0.5480332156377179,0.4519667843622821
TXNDC17,0.3630755723321012,0.6369244276678988
TXNDC5,0.46148836981904295,0.538511630180957
TXNDC9,0.30165991612843107,0.698340083871569
TXNIP,0.6020726742488998,0.39792732575110024
TXNL1,0.34042185664709124,0.6595781433529088
TXNL4A,0.38849111859287533,0.6115088814071247
TXNL4B,0.3213412788297449,0.678658721170255
TXNRD1,0.5683213679918221,0.4316786320081779
TXNRD2,0.3250262053916231,0.6749737946083769
TXNRD3,0.4328133149870804,0.5671866850129196
TYK2,0.4248085745743343,0.5751914254256657
TYMP,0.5239644753081458,0.4760355246918542
TYMS,0.5764437339135579,0.42355626608644215
TYROBP,0.42427786093737396,0.575722139062626
TYSND1,0.3688677142241171,0.6311322857758829
TYW1,0.3888490351715258,0.6111509648284742
TYW1B,0.5439854434558323,0.45601455654416767
TYW3,0.36086689773947,0.63913310226053
TYW5,0.40276723195399555,0.5972327680460044
U2AF1,0.5665892884135246,0.4334107115864754
U2AF1L4,0.5421957724860736,0.45780422751392635
U2AF2,0.3216231861151755,0.6783768138848245
U2SURP,0.39827436953783035,0.6017256304621696
UAP1,0.29849338677844833,0.7015066132215517
UAP1L1,0.38482425761009964,0.6151757423899004
UBA1,0.33867412911994116,0.6613258708800589
UBA2,0.3602662890085152,0.6397337109914848
UBA3,0.38984901032277514,0.6101509896772248
UBA5,0.3410555573978594,0.6589444426021406
UBA6,0.356338056070464,0.643661943929536
UBA7,0.5903247083936419,0.40967529160635807
UBAC1,0.37203261548919336,0.6279673845108067
UBAC2,0.2589710133283266,0.7410289866716734
UBALD1,0.35413284679608686,0.6458671532039131
UBALD2,0.3543370392622559,0.6456629607377441
UBAP1,0.35554234656904427,0.6444576534309557
UBAP1L,0.573228402861527,0.426771597138473
UBAP2,0.3866555908960955,0.6133444091039044
UBAP2L,0.3553159713212933,0.6446840286787068
UBASH3B,0.398550902360252,0.601449097639748
UBB,0.42645603897316114,0.5735439610268389
UBC,0.4769283418676683,0.5230716581323317
UBE2A,0.2831310389363872,0.7168689610636128
UBE2B,0.31697317119687796,0.683026828803122
UBE2D1,0.2778876665979624,0.7221123334020376
UBE2D2,0.2956775527314416,0.7043224472685584
UBE2D3,0.28776147974921124,0.7122385202507888
UBE2D3-AS1,0.3824621329882315,0.6175378670117685
UBE2D4,0.4563638355050768,0.5436361644949232
UBE2E1,0.376965108992798,0.623034891007202
UBE2E2,0.30602797493338585,0.6939720250666142
UBE2E3,0.26517694130805985,0.7348230586919402
UBE2F,0.3301522010671241,0.6698477989328759
UBE2G1,0.31885526196232866,0.6811447380376714
UBE2G2,0.3810773251711258,0.6189226748288742
UBE2H,0.3134867164106773,0.6865132835893226
UBE2I,0.31622940020835294,0.683770599791647
UBE2J1,0.3198791061128889,0.680120893887111
UBE2J2,0.2920285938307643,0.7079714061692357
UBE2K,0.2766377933855568,0.7233622066144432
UBE2L3,0.2686481423942106,0.7313518576057894
UBE2L6,0.5360667056271008,0.4639332943728992
UBE2M,0.3300618488075478,0.6699381511924523
UBE2N,0.31542348748605165,0.6845765125139484
UBE2O,0.33259296643414665,0.6674070335658533
UBE2Q1,0.30309697586510864,0.6969030241348914
UBE2Q2,0.2821264281935458,0.7178735718064542
UBE2R2,0.3275874594359526,0.6724125405640474
UBE2S,0.427911550072687,0.572088449927313
UBE2T,0.510020234222923,0.489979765777077
UBE2V1,0.435765658638307,0.564234341361693
UBE2V2,0.3095610528585634,0.6904389471414366
UBE2W,0.2894435398380405,0.7105564601619595
UBE2Z,0.24777356189276492,0.7522264381072351
UBE3A,0.3558853186134781,0.644114681386522
UBE3B,0.3209238432879959,0.679076156712004
UBE3C,0.34391567164233755,0.6560843283576625
UBE4A,0.4448677955993584,0.5551322044006416
UBE4B,0.3266259908143963,0.6733740091856038
UBFD1,0.3487234945808138,0.6512765054191862
UBIAD1,0.34340335907680647,0.6565966409231936
UBL3,0.33991191456360476,0.6600880854363953
UBL4A,0.33686443897230284,0.6631355610276972
UBL5,0.3313411083072424,0.6686588916927576
UBL7,0.3536165915429592,0.6463834084570408
UBLCP1,0.3513242224497454,0.6486757775502545
UBN1,0.2890407058377085,0.7109592941622915
UBN2,0.3913282637617418,0.6086717362382582
UBOX5,0.382038514928094,0.617961485071906
UBP1,0.345068414828607,0.654931585171393
UBQLN1,0.3245268114177244,0.6754731885822756
UBQLN2,0.2882186861575714,0.7117813138424286
UBQLN4,0.3283670431535159,0.671632956846484
UBR1,0.29619511808933957,0.7038048819106604
UBR2,0.33823616217289654,0.6617638378271035
UBR3,0.3634636913027082,0.6365363086972917
UBR4,0.3849272906913289,0.6150727093086711
UBR5,0.3707187721239669,0.6292812278760331
UBR7,0.3297914340094264,0.6702085659905737
UBTD1,0.3212607700510749,0.6787392299489251
UBTD2,0.33211128706378595,0.6678887129362141
UBTF,0.32232029430036035,0.6776797056996396
UBXN1,0.3270442871642964,0.6729557128357035
UBXN10,0.567246824502945,0.43275317549705505
UBXN11,0.5616653465798923,0.4383346534201077
UBXN2A,0.3380763003868716,0.6619236996131284
UBXN2B,0.4411766880324909,0.5588233119675091
UBXN4,0.3634150456637144,0.6365849543362856
UBXN6,0.2744218172239406,0.7255781827760595
UBXN7,0.3838861725692238,0.6161138274307763
UBXN8,0.4062001266117607,0.5937998733882393
UCHL3,0.4647547868745668,0.5352452131254333
UCHL5,0.3314543419650623,0.6685456580349377
UCK1,0.38335860640342745,0.6166413935965726
UCK2,0.41848180655922207,0.5815181934407779
UCKL1,0.3405078694756542,0.6594921305243457
UCN,0.5458127191024167,0.4541872808975833
UCP2,0.6328522030796323,0.3671477969203677
UEVLD,0.30421727603035315,0.6957827239696468
UFC1,0.3432483541380082,0.6567516458619918
UFD1,0.29583847150206566,0.7041615284979343
UFL1,0.3578742511038269,0.6421257488961731
UFM1,0.31496114672959913,0.6850388532704008
UFSP2,0.33686283683138235,0.6631371631686176
UGCG,0.4300105358873095,0.5699894641126906
UGDH,0.45674712636641096,0.5432528736335891
UGGT1,0.30852487457117866,0.6914751254288214
UGGT2,0.32603980068649563,0.6739601993135044
UGP2,0.2911399963444897,0.7088600036555103
UHMK1,0.38338712602853775,0.6166128739714622
UHRF2,0.3924371794398342,0.6075628205601658
UIMC1,0.3092667965351471,0.6907332034648529
ULK1,0.3241854076331947,0.6758145923668053
ULK2,0.40437797111059937,0.5956220288894006
ULK3,0.42118127218314577,0.5788187278168542
ULK4,0.4391104296914169,0.5608895703085831
UMAD1,0.34809613866465433,0.6519038613353456
UMPS,0.34079207240470816,0.6592079275952918
UNC119,0.40037847283695427,0.5996215271630457
UNC119B,0.4201351558523519,0.5798648441476482
UNC13B,0.34376175668356673,0.6562382433164333
UNC13D,0.47645195786442074,0.5235480421355793
UNC45A,0.2173890245072211,0.7826109754927789
UNC45B,0.760255611368588,0.239744388631412
UNC50,0.32640843173222883,0.6735915682677711
UNC5B,0.38648192065634895,0.613518079343651
UNC5CL,0.6188499097313199,0.3811500902686801
UNC93A,0.49203792826405596,0.5079620717359441
UNC93B1,0.39430813438126017,0.6056918656187398
UNG,0.4084572669650827,0.5915427330349172
UNK,0.34709886235318016,0.6529011376468199
UNKL,0.443417260955487,0.556582739044513
UPF1,0.384888547871794,0.615111452128206
UPF2,0.3553555089685168,0.6446444910314832
UPF3A,0.4035933565880571,0.5964066434119428
UPF3B,0.42994797815169605,0.570052021848304
UPP1,0.41459512231605394,0.585404877683946
UPRT,0.3953158450978143,0.6046841549021857
UQCC1,0.38435596972703934,0.6156440302729607
UQCC2,0.3810938857495785,0.6189061142504215
UQCC3,0.45268348178693224,0.5473165182130677
UQCR10,0.414347631590707,0.585652368409293
UQCR11,0.40986211172172,0.59013788827828
UQCRB,0.38533271609672476,0.6146672839032752
UQCRC1,0.3350336171154465,0.6649663828845536
UQCRC2,0.3113777387355055,0.6886222612644946
UQCRFS1,0.3709723965397903,0.6290276034602097
UQCRH,0.34232605355126516,0.6576739464487349
UQCRHL,0.4430910756013223,0.5569089243986777
UQCRQ,0.3706551582685539,0.6293448417314461
URB1,0.44469896437866346,0.5553010356213366
URB2,0.4315233326383999,0.5684766673616001
URGCP,0.27714673306659926,0.7228532669334007
URI1,0.35780708312190007,0.6421929168781
URM1,0.35317367661212173,0.6468263233878783
UROD,0.31438514803137096,0.685614851968629
UROS,0.3750918031271015,0.6249081968728984
USB1,0.3039328463242522,0.6960671536757478
USE1,0.36662035884468686,0.6333796411553132
USF1,0.37735220044851303,0.622647799551487
USF2,0.33114251188401667,0.6688574881159833
USF3,0.42598665612084524,0.5740133438791548
USH1G,0.5096521244517395,0.49034787554826054
USO1,0.3456846451652901,0.6543153548347098
USP1,0.44215298869780134,0.5578470113021987
USP10,0.30688874423503876,0.6931112557649612
USP11,0.44853566374097553,0.5514643362590245
USP12,0.3038971330970526,0.6961028669029474
USP13,0.5790116084473473,0.42098839155265266
USP14,0.34511817885296686,0.6548818211470331
USP15,0.2974417593463191,0.7025582406536809
USP16,0.3856492351208414,0.6143507648791586
USP18,0.6213146767445973,0.3786853232554027
USP19,0.3576371112306203,0.6423628887693797
USP2,0.5451520489794868,0.45484795102051323
USP20,0.3664164175944669,0.6335835824055331
USP21,0.3889396557850497,0.6110603442149503
USP22,0.37669745087623596,0.623302549123764
USP24,0.3476409205634679,0.6523590794365322
USP25,0.3508647752127477,0.6491352247872523
USP28,0.4155311132115977,0.5844688867884023
USP3,0.35354825308812515,0.6464517469118749
USP3-AS1,0.5206688908593995,0.4793311091406005
USP30,0.4048383858587061,0.5951616141412939
USP30-AS1,0.7050981851560729,0.2949018148439271
USP32,0.27541912799435003,0.7245808720056499
USP33,0.3375576184397297,0.6624423815602702
USP34,0.4807389293398176,0.5192610706601823
USP35,0.39429395998428973,0.6057060400157103
USP36,0.3156509903409252,0.6843490096590747
USP37,0.5404843203723431,0.45951567962765694
USP38,0.30022692400962114,0.6997730759903789
USP39,0.36434724368155,0.63565275631845
USP4,0.3160282847072397,0.6839717152927602
USP40,0.3676881000532636,0.6323118999467364
USP42,0.3621991172965084,0.6378008827034916
USP45,0.3658714738807508,0.6341285261192492
USP46,0.3846119644918612,0.6153880355081388
USP47,0.3477525357156992,0.6522474642843008
USP48,0.2820112303431545,0.7179887696568454
USP49,0.5032706691750458,0.4967293308249542
USP5,0.31176328419574667,0.6882367158042533
USP53,0.3738875769610916,0.6261124230389084
USP54,0.5539542846381664,0.4460457153618336
USP6,0.6036195542131152,0.3963804457868848
USP6NL,0.4295480379036495,0.5704519620963505
USP7,0.3026531876197883,0.6973468123802117
USP8,0.3400427629905088,0.6599572370094913
USP9X,0.375955142346876,0.624044857653124
USP9Y,0.7428544110485485,0.25714558895145145
USPL1,0.34123908661838087,0.6587609133816191
UTP11,0.28245718085340094,0.7175428191465991
UTP14A,0.3524660883205278,0.6475339116794723
UTP18,0.29604797274805605,0.703952027251944
UTP20,0.4200157959546362,0.5799842040453638
UTP23,0.3560517279963408,0.6439482720036591
UTP25,0.3797956303294216,0.6202043696705783
UTP3,0.30758349783718586,0.6924165021628141
UTP4,0.33052533080003094,0.6694746691999691
UTP6,0.2951859112436068,0.7048140887563932
UTRN,0.5026401302644184,0.49735986973558155
UTS2,0.65633788811309,0.34366211188691
UTY,0.7460005027907235,0.2539994972092765
UVRAG,0.3537861808602299,0.6462138191397702
UVSSA,0.38987349692199913,0.6101265030780009
UXS1,0.34213149175047874,0.6578685082495213
UXT,0.381627100652882,0.618372899347118
VAC14,0.2454108457147543,0.7545891542852456
VAMP1,0.6025485013212476,0.3974514986787524
VAMP2,0.3618772884032556,0.6381227115967444
VAMP3,0.24832717217421824,0.7516728278257818
VAMP4,0.2911570109426975,0.7088429890573025
VAMP5,0.5374850231621947,0.4625149768378053
VAMP7,0.2911973111331463,0.7088026888668537
VAMP8,0.4057186663682972,0.5942813336317028
VANGL1,0.31995096523314714,0.6800490347668529
VANGL2,0.46090659060116324,0.5390934093988368
VAPA,0.2877951989815171,0.7122048010184829
VAPB,0.2542551898264459,0.7457448101735541
VARS1,0.3458396103233099,0.6541603896766901
VASH1,0.4545326472393104,0.5454673527606896
VASN,0.5096846419785704,0.49031535802142956
VASP,0.2567620087148888,0.7432379912851113
VAT1,0.27093023214755313,0.7290697678524469
VAV1,0.5375115035900048,0.46248849640999523
VAV2,0.3131478365061672,0.6868521634938328
VAV3,0.5039073713123798,0.49609262868762016
VBP1,0.32779433910868,0.6722056608913201
VCL,0.3400871013956411,0.659912898604359
VCP,0.41027127685291426,0.5897287231470858
VCPIP1,0.3164645381537931,0.6835354618462068
VCPKMT,0.3894261560801949,0.6105738439198052
VDAC1,0.31695973397498683,0.6830402660250132
VDAC2,0.28924302224602016,0.7107569777539798
VDAC3,0.414619293063879,0.585380706936121
VDR,0.36025576905480455,0.6397442309451955
VEGFA,0.45975689749632564,0.5402431025036744
VEGFB,0.32234728362943443,0.6776527163705656
VENTX,0.5320496229188783,0.46795037708112175
VEZF1,0.4158370303256171,0.5841629696743829
VEZT,0.33231928013265133,0.6676807198673487
VGLL4,0.43685307779482435,0.5631469222051757
VHL,0.3848488889634609,0.6151511110365391
VIL1,0.8536083762134824,0.1463916237865176
VILL,0.516780716500112,0.48321928349988796
VIM,0.49118749105504583,0.5088125089449542
VIM-AS1,0.537987408893449,0.462012591106551
VIPAS39,0.3106837108997362,0.6893162891002638
VIPR1,0.39953427297794925,0.6004657270220508
VIRMA,0.29530751216225326,0.7046924878377467
VKORC1,0.38160025607794523,0.6183997439220548
VKORC1L1,0.3433045409619808,0.6566954590380192
VMA21,0.3271696310756462,0.6728303689243538
VMAC,0.5256898520248277,0.47431014797517235
VMO1,0.6080700999924115,0.39192990000758854
VMP1,0.3777146703962769,0.6222853296037232
VNN2,0.600338048168591,0.39966195183140896
VOPP1,0.4527234099805355,0.5472765900194645
VPS11,0.3143870952938284,0.6856129047061716
VPS13A,0.4248282965272665,0.5751717034727335
VPS13B,0.36319293321243357,0.6368070667875665
VPS13B-DT,0.4760946455810751,0.5239053544189249
VPS13C,0.42074355243572165,0.5792564475642783
VPS13D,0.3845433864210333,0.6154566135789667
VPS16,0.33690051920711994,0.6630994807928801
VPS18,0.2787320490128228,0.7212679509871772
VPS25,0.2936081484492336,0.7063918515507663
VPS26A,0.291587483137846,0.708412516862154
VPS26B,0.3315981264625277,0.6684018735374724
VPS26C,0.33379106942032066,0.6662089305796793
VPS28,0.3621435835957527,0.6378564164042473
VPS29,0.31830834530826124,0.6816916546917388
VPS33A,0.3398117361856358,0.6601882638143641
VPS33B,0.40170277269291027,0.5982972273070897
VPS35,0.25842210923188497,0.741577890768115
VPS35L,0.38966528831848074,0.6103347116815192
VPS36,0.33627730049192905,0.663722699508071
VPS37A,0.33895324622946127,0.6610467537705387
VPS37B,0.2842656056662755,0.7157343943337244
VPS37C,0.3276570977510086,0.6723429022489914
VPS39,0.33001615785594496,0.669983842144055
VPS41,0.2932660845773561,0.706733915422644
VPS45,0.32502091489732265,0.6749790851026773
VPS4A,0.29801911641178386,0.7019808835882162
VPS4B,0.3653553287897791,0.634644671210221
VPS50,0.3574325876044376,0.6425674123955625
VPS51,0.3215516290760466,0.6784483709239534
VPS52,0.39639759888606413,0.6036024011139358
VPS53,0.2766898551157543,0.7233101448842457
VPS54,0.35525211146367447,0.6447478885363256
VPS72,0.3462748639909218,0.6537251360090782
VPS8,0.3477960601449013,0.6522039398550987
VPS9D1,0.399177225040538,0.600822774959462
VRK1,0.38836612632232054,0.6116338736776794
VRK2,0.45942124511514393,0.5405787548848561
VRK3,0.3279748774532761,0.672025122546724
VSIG10,0.49108562831367764,0.5089143716863224
VSIG10L,0.6072898347462926,0.3927101652537074
VSIG4,0.4274983654863068,0.5725016345136932
VSIR,0.43181473336049486,0.5681852666395051
VSTM2L,0.6770811006426811,0.3229188993573189
VSTM4,0.5764516788933959,0.4235483211066041
VTA1,0.3026984669268131,0.6973015330731869
VTI1A,0.2856775495622839,0.7143224504377161
VTI1B,0.24799419354115212,0.7520058064588478
VWA1,0.40453506793294636,0.5954649320670536
VWA5A,0.5795365327170917,0.4204634672829083
VWA7,0.48950547139559475,0.5104945286044053
WAC,0.3382871498220733,0.6617128501779267
WAC-AS1,0.3916173130273819,0.6083826869726181
WAKMAR2,0.4448204306619508,0.5551795693380492
WAPL,0.35190543878291336,0.6480945612170866
WARS1,0.6413706828440938,0.3586293171559062
WARS2,0.3841800218714135,0.6158199781285865
WAS,0.4109704116625445,0.5890295883374554
WASF2,0.3490846018706049,0.6509153981293951
WASHC1,0.4593721793166229,0.5406278206833771
WASHC2A,0.3654733215059553,0.6345266784940446
WASHC2C,0.3575853348842689,0.6424146651157311
WASHC3,0.33773867626275333,0.6622613237372467
WASHC4,0.33860851638019085,0.6613914836198092
WASHC5,0.28409883858902113,0.7159011614109789
WASL,0.3386453360851322,0.6613546639148677
WBP1,0.5698628633150032,0.43013713668499676
WBP11,0.3803173468581268,0.6196826531418732
WBP1L,0.3046503478128995,0.6953496521871005
WBP2,0.26798743857736035,0.7320125614226396
WBP4,0.335026961352144,0.6649730386478561
WDCP,0.38286604173481464,0.6171339582651854
WDFY1,0.3863007804112775,0.6136992195887225
WDFY2,0.2781687944661826,0.7218312055338174
WDFY3,0.3748564214578697,0.6251435785421303
WDFY4,0.5372805222868919,0.46271947771310806
WDHD1,0.4466751499899796,0.5533248500100204
WDPCP,0.5106967676963124,0.48930323230368755
WDR1,0.3459413636342755,0.6540586363657245
WDR11,0.39153230616024565,0.6084676938397544
WDR12,0.350477809086442,0.649522190913558
WDR13,0.3573610857129097,0.6426389142870903
WDR18,0.3878240657172033,0.6121759342827967
WDR19,0.49908195968185154,0.5009180403181485
WDR20,0.28560853217329296,0.714391467826707
WDR24,0.40616389284176485,0.5938361071582352
WDR25,0.3909423260816506,0.6090576739183494
WDR26,0.3126282407902181,0.6873717592097819
WDR27,0.48644822144082617,0.5135517785591739
WDR3,0.38707171753048897,0.612928282469511
WDR31,0.5314258454101426,0.4685741545898574
WDR33,0.2832216753823949,0.7167783246176052
WDR35,0.5059767636869635,0.49402323631303646
WDR36,0.35758819138365133,0.6424118086163486
WDR37,0.37939641943999697,0.620603580560003
WDR4,0.3671977787411639,0.6328022212588361
WDR41,0.36880069651774,0.63119930348226
WDR43,0.3268052227795124,0.6731947772204876
WDR44,0.34052526258996557,0.6594747374100345
WDR45,0.3972420043178967,0.6027579956821033
WDR45B,0.33161696984565686,0.6683830301543432
WDR46,0.2945876495713102,0.7054123504286898
WDR47,0.3787927737991725,0.6212072262008275
WDR48,0.42919754955385414,0.5708024504461459
WDR5,0.36134237317102297,0.638657626828977
WDR53,0.35171615571847986,0.6482838442815202
WDR54,0.33353557218132274,0.6664644278186773
WDR55,0.3199202532746962,0.6800797467253038
WDR59,0.2712248399454568,0.7287751600545431
WDR5B,0.4801767697291715,0.5198232302708286
WDR6,0.422931401857308,0.577068598142692
WDR62,0.46059036946722437,0.5394096305327756
WDR7,0.4133879223040172,0.5866120776959828
WDR70,0.32904812400894506,0.6709518759910549
WDR72,0.5454992896744183,0.4545007103255817
WDR73,0.48010481894016266,0.5198951810598373
WDR74,0.33021006719874485,0.6697899328012551
WDR75,0.32688992177801474,0.6731100782219852
WDR76,0.5377953483590058,0.4622046516409942
WDR77,0.3461263480463198,0.6538736519536802
WDR81,0.32830338665683356,0.6716966133431664
WDR82,0.3512436944459166,0.6487563055540835
WDR83,0.4537765673760857,0.5462234326239144
WDR88,0.42509748407506515,0.5749025159249348
WDR89,0.331285429187119,0.668714570812881
WDR90,0.5476125563894,0.4523874436106
WDR91,0.3556920939258167,0.6443079060741833
WDR97,0.556929887937648,0.44307011206235203
WDSUB1,0.4813943457390581,0.5186056542609419
WDTC1,0.3682096717613084,0.6317903282386916
WEE1,0.46682931536010336,0.5331706846398967
WFDC12,0.6701705913458552,0.3298294086541448
WFDC5,0.444061750945236,0.555938249054764
WHAMM,0.3515593209969146,0.6484406790030854
WHRN,0.5361912431461471,0.4638087568538529
WIF1,0.8629819452762604,0.13701805472373962
WIPF1,0.47770361815180096,0.522296381848199
WIPF2,0.30880304678742376,0.6911969532125762
WIPI1,0.4332246429153851,0.5667753570846149
WIPI2,0.2649738590366074,0.7350261409633926
WIZ,0.35085453279316425,0.6491454672068357
WNK1,0.4367776622197458,0.5632223377802542
WNT10A,0.5379509856658322,0.4620490143341678
WNT11,0.6087568838681493,0.3912431161318507
WNT2B,0.612315754273108,0.387684245726892
WNT3A,0.4895017258822918,0.5104982741177082
WNT4,0.5033793539873191,0.49662064601268086
WNT5A,0.5797005700213569,0.4202994299786431
WNT9A,0.43617837969213724,0.5638216203078628
WRAP53,0.3547872794525964,0.6452127205474036
WRAP73,0.4285758938640356,0.5714241061359644
WRN,0.4315962895218815,0.5684037104781186
WRNIP1,0.31395312352105975,0.6860468764789402
WSB1,0.34302911907434464,0.6569708809256554
WSB2,0.32837590628436636,0.6716240937156337
WSCD1,0.6787982125367437,0.32120178746325634
WSCD2,0.73201898591859,0.26798101408140995
WTAP,0.33889052777418066,0.6611094722258193
WWC2,0.3842280862985977,0.6157719137014023
WWC3,0.3549064086484058,0.6450935913515943
WWOX,0.43734029068478514,0.5626597093152148
WWP1,0.2958506293860929,0.704149370613907
WWP2,0.2583109393183674,0.7416890606816327
XAB2,0.36517687274941374,0.6348231272505862
XACT,0.603883051446506,0.396116948553494
XAF1,0.6068899599569184,0.3931100400430816
XBP1,0.4452616588345596,0.5547383411654404
XCL1,0.5314039822135653,0.46859601778643467
XCL2,0.5250800241317067,0.47491997586829326
XCR1,0.6165036261081696,0.38349637389183044
XIAP,0.32686501475317137,0.6731349852468287
XIRP2,0.8255732016904014,0.17442679830959862
XIST,0.7995388060808182,0.20046119391918182
XKR8,0.36660910291331156,0.6333908970866884
XKRX,0.3656761050889535,0.6343238949110466
XPA,0.44957832486501764,0.5504216751349824
XPC,0.5005105824342796,0.4994894175657204
XPC-AS1,0.5754452369042805,0.4245547630957195
XPNPEP1,0.3390768093190023,0.6609231906809977
XPNPEP3,0.37912086956202984,0.6208791304379702
XPO1,0.3550190273339727,0.6449809726660273
XPO4,0.37379816360771656,0.6262018363922834
XPO5,0.3102700734244926,0.6897299265755075
XPO6,0.25365285349211525,0.7463471465078848
XPO7,0.3864940388926438,0.6135059611073562
XPOT,0.37239583315593855,0.6276041668440615
XPR1,0.4089284496647971,0.5910715503352029
XRCC1,0.39130494158182827,0.6086950584181717
XRCC3,0.4148377813398838,0.5851622186601162
XRCC4,0.3511791613751224,0.6488208386248776
XRCC5,0.3130070921033621,0.6869929078966379
XRCC6,0.34503854465271744,0.6549614553472826
XRN1,0.4504126688199384,0.5495873311800616
XRN2,0.33241860728178707,0.6675813927182129
XRRA1,0.44670350796410013,0.5532964920358998
XXYLT1,0.42988747198666843,0.5701125280133316
XYLT1,0.5142004165266242,0.4857995834733758
XYLT2,0.2996183321146028,0.7003816678853971
YAE1,0.4298754728266171,0.5701245271733829
YAF2,0.33669539354741573,0.6633046064525843
YARS1,0.2675893623714468,0.7324106376285532
YARS2,0.33475238936288015,0.6652476106371199
YBEY,0.45418410854680197,0.5458158914531981
YBX1,0.3738213208104883,0.6261786791895116
YBX3,0.3391499665698835,0.6608500334301165
YDJC,0.39663724707705633,0.6033627529229437
YEATS2,0.3844808940110462,0.6155191059889538
YEATS4,0.46272531896829605,0.537274681031704
YES1,0.3615683330489056,0.6384316669510943
YIF1A,0.2980050074069628,0.7019949925930372
YIF1B,0.36562988148736103,0.6343701185126389
YIPF1,0.30197794416121077,0.6980220558387893
YIPF2,0.25466982840693425,0.7453301715930658
YIPF3,0.2841605522802898,0.7158394477197102
YIPF4,0.2894764661655894,0.7105235338344106
YIPF5,0.26596912568701164,0.7340308743129884
YIPF6,0.30700839470539776,0.6929916052946022
YJEFN3,0.6636351080877441,0.33636489191225594
YJU2,0.3981441826160465,0.6018558173839534
YKT6,0.23912111460231245,0.7608788853976876
YLPM1,0.34056848658032585,0.6594315134196742
YME1L1,0.33411091818873373,0.6658890818112663
YOD1,0.4153254058744226,0.5846745941255773
YPEL1,0.7211884813649314,0.2788115186350686
YPEL2,0.4043780642428568,0.5956219357571432
YPEL3,0.38789399207702707,0.612106007922973
YPEL4,0.489260981125491,0.510739018874509
YPEL5,0.34439165431207847,0.6556083456879216
YRDC,0.30978421600801603,0.690215783991984
YTHDC1,0.3234813923814467,0.6765186076185533
YTHDC2,0.3924707490950823,0.6075292509049177
YTHDF1,0.2500727162696421,0.7499272837303579
YTHDF2,0.28164548062652883,0.7183545193734712
YTHDF3,0.3202294091294919,0.6797705908705081
YWHAB,0.3225508800574711,0.6774491199425289
YWHAE,0.2939393224992922,0.7060606775007078
YWHAG,0.31241218546139343,0.6875878145386065
YWHAH,0.30645230133086443,0.6935476986691356
YWHAQ,0.284570156596601,0.715429843403399
YWHAZ,0.6789044019367013,0.3210955980632987
YY1,0.24335088803698973,0.7566491119630103
YY1AP1,0.38595301817570415,0.6140469818242958
ZAN,0.5690683174346175,0.4309316825653825
ZBED1,0.3871241110776152,0.6128758889223849
ZBED3,0.707715035549232,0.292284964450768
ZBED4,0.34320927504450083,0.6567907249554992
ZBED5,0.39592648297548294,0.6040735170245171
ZBED5-AS1,0.43534450978040695,0.564655490219593
ZBP1,0.6491956348930087,0.3508043651069913
ZBTB1,0.3493689995791231,0.6506310004208768
ZBTB10,0.5495372526347637,0.4504627473652363
ZBTB11,0.34153141134551596,0.6584685886544841
ZBTB11-AS1,0.3847074843943119,0.6152925156056881
ZBTB12,0.5039121044267502,0.49608789557324984
ZBTB14,0.4361501288201128,0.5638498711798872
ZBTB17,0.29758497460612227,0.7024150253938777
ZBTB18,0.5019353191767421,0.49806468082325794
ZBTB2,0.32525628139930113,0.6747437186006988
ZBTB20,0.6016248890331813,0.39837511096681866
ZBTB21,0.4096255036337035,0.5903744963662965
ZBTB22,0.3162110647452729,0.6837889352547271
ZBTB24,0.4148984258728368,0.5851015741271632
ZBTB25,0.3827905330274786,0.6172094669725214
ZBTB26,0.465850896601166,0.5341491033988339
ZBTB32,0.45653892534651924,0.5434610746534807
ZBTB33,0.40323614488754955,0.5967638551124504
ZBTB34,0.34940981339397176,0.6505901866060282
ZBTB37,0.4424550586513111,0.5575449413486889
ZBTB38,0.4086777823311942,0.5913222176688058
ZBTB39,0.5143567105489117,0.48564328945108826
ZBTB4,0.31565570791385006,0.68434429208615
ZBTB40,0.3499123062938452,0.6500876937061548
ZBTB41,0.40181875973939896,0.598181240260601
ZBTB42,0.44582932176334517,0.5541706782366549
ZBTB43,0.3575021829456091,0.6424978170543909
ZBTB44,0.41636689140328337,0.5836331085967166
ZBTB45,0.3824424788888012,0.6175575211111988
ZBTB46,0.4686487168073654,0.5313512831926346
ZBTB47,0.44977767020463943,0.5502223297953606
ZBTB48,0.3970105977995055,0.6029894022004945
ZBTB49,0.4593878303255354,0.5406121696744646
ZBTB5,0.4431947650653975,0.5568052349346024
ZBTB6,0.3850072558437075,0.6149927441562926
ZBTB7A,0.28940075819264166,0.7105992418073583
ZBTB7B,0.360953131158437,0.6390468688415629
ZBTB8A,0.4556310996413231,0.5443689003586769
ZBTB8OS,0.36326657448496136,0.6367334255150386
ZC2HC1A,0.5625819792704922,0.43741802072950775
ZC3H10,0.4730013039495264,0.5269986960504736
ZC3H11A,0.5203223590339933,0.47967764096600674
ZC3H12A,0.4923083537391254,0.5076916462608746
ZC3H12B,0.5187503828534058,0.4812496171465942
ZC3H12C,0.45584889341677937,0.5441511065832206
ZC3H12D,0.48629672080278397,0.513703279197216
ZC3H13,0.3487316191728626,0.6512683808271373
ZC3H14,0.31014521952186314,0.6898547804781369
ZC3H15,0.34318652988544535,0.6568134701145547
ZC3H18,0.2970413630661954,0.7029586369338046
ZC3H3,0.2986564572035734,0.7013435427964265
ZC3H4,0.35937601673815933,0.6406239832618407
ZC3H6,0.4624622187444142,0.5375377812555858
ZC3H7A,0.32998052884691526,0.6700194711530847
ZC3H7B,0.36134096926876474,0.6386590307312352
ZC3H8,0.3996144901694996,0.6003855098305004
ZC3HAV1,0.3745289406340037,0.6254710593659962
ZC3HC1,0.3499670944043568,0.6500329055956432
ZC4H2,0.5423914635820049,0.45760853641799515
ZCCHC10,0.3368764990674598,0.6631235009325402
ZCCHC12,0.6251363658479282,0.3748636341520718
ZCCHC14,0.3696393308096698,0.6303606691903302
ZCCHC17,0.28141495971275227,0.7185850402872478
ZCCHC2,0.42549003447805134,0.5745099655219487
ZCCHC24,0.4195106625556946,0.5804893374443054
ZCCHC3,0.3921366671898535,0.6078633328101465
ZCCHC4,0.39735397483621326,0.6026460251637867
ZCCHC7,0.3927010079579694,0.6072989920420306
ZCCHC8,0.3802623240543263,0.6197376759456736
ZCCHC9,0.3173025737383536,0.6826974262616464
ZCRB1,0.3071783069255097,0.6928216930744904
ZCWPW1,0.5754565314522812,0.42454346854771885
ZCWPW2,0.5772974778498922,0.42270252215010784
ZDBF2,0.5254725084773132,0.4745274915226868
ZDHHC1,0.4215595025037016,0.5784404974962984
ZDHHC12,0.31630566263837473,0.6836943373616253
ZDHHC13,0.40415813374732223,0.5958418662526778
ZDHHC14,0.4009550261710371,0.5990449738289629
ZDHHC16,0.2759088668307023,0.7240911331692976
ZDHHC17,0.35598864566002575,0.6440113543399743
ZDHHC18,0.24995766802957015,0.7500423319704299
ZDHHC2,0.648868550147329,0.351131449852671
ZDHHC20,0.34852524820183006,0.6514747517981699
ZDHHC21,0.5128775324140277,0.48712246758597233
ZDHHC23,0.5677134352070945,0.4322865647929055
ZDHHC24,0.3102443294067468,0.6897556705932533
ZDHHC3,0.3278403463108199,0.6721596536891801
ZDHHC4,0.3888325808303697,0.6111674191696304
ZDHHC5,0.2919935577415994,0.7080064422584006
ZDHHC6,0.336020598720227,0.6639794012797731
ZDHHC7,0.28615695730383905,0.713843042696161
ZDHHC8,0.29760362580418587,0.7023963741958141
ZDHHC9,0.2646599976079805,0.7353400023920196
ZEB1,0.44356320638741764,0.5564367936125824
ZEB2,0.4437374956905842,0.5562625043094158
ZER1,0.3090019534741129,0.6909980465258871
ZFAND1,0.3210019049750242,0.6789980950249759
ZFAND2A,0.3588829701766372,0.6411170298233628
ZFAND2A-DT,0.47978854019727024,0.5202114598027298
ZFAND2B,0.36283516112182823,0.6371648388781718
ZFAND3,0.264317815591182,0.7356821844088179
ZFAND4,0.5215335333985942,0.4784664666014058
ZFAND5,0.3841192940516131,0.6158807059483868
ZFAND6,0.29335302620061804,0.7066469737993819
ZFAS1,0.4511904125767095,0.5488095874232906
ZFAT,0.37287546454795767,0.6271245354520423
ZFC3H1,0.3930906637438706,0.6069093362561294
ZFHX2-AS1,0.5492724153612342,0.45072758463876583
ZFHX3,0.35772104162190643,0.6422789583780936
ZFP1,0.3275518502507891,0.672448149749211
ZFP14,0.5809711601052966,0.4190288398947034
ZFP28,0.5726198766912732,0.42738012330872677
ZFP30,0.5385803676077298,0.46141963239227024
ZFP36,0.6172517500817776,0.3827482499182224
ZFP36L1,0.37437842533524546,0.6256215746647545
ZFP36L2,0.5086404574768884,0.49135954252311165
ZFP57,0.5926120121564183,0.40738798784358166
ZFP62,0.48935068185840336,0.5106493181415966
ZFP69,0.39363523572683334,0.6063647642731667
ZFP82,0.5846278848392623,0.4153721151607377
ZFP90,0.3279886224440166,0.6720113775559834
ZFP91,0.32628050612817916,0.6737194938718208
ZFP92,0.5078942142426968,0.49210578575730324
ZFPL1,0.3560850058815309,0.6439149941184691
ZFPM1,0.38033728381352766,0.6196627161864723
ZFR,0.37383818440139294,0.6261618155986071
ZFX,0.395026419577854,0.604973580422146
ZFY,0.7216279187372753,0.2783720812627247
ZFYVE1,0.2780008194469182,0.7219991805530819
ZFYVE16,0.39039738156965803,0.609602618430342
ZFYVE19,0.37883188149758745,0.6211681185024125
ZFYVE21,0.2803181703867657,0.7196818296132343
ZFYVE26,0.31285709500246284,0.6871429049975372
ZFYVE27,0.3637649063686175,0.6362350936313825
ZFYVE28,0.4791328710104738,0.5208671289895261
ZFYVE9,0.41254496201872826,0.5874550379812717
ZG16B,0.8140511023146766,0.1859488976853234
ZGPAT,0.36698671031211105,0.633013289687889
ZGRF1,0.5263100319675037,0.4736899680324963
ZHX1,0.3648580322707338,0.6351419677292662
ZHX2,0.41819738037884235,0.5818026196211576
ZHX3,0.2513891701819375,0.7486108298180625
ZIC2,0.6742170612726893,0.3257829387273107
ZIK1,0.6147500893899372,0.38524991061006275
ZKSCAN1,0.4103790944708245,0.5896209055291755
ZKSCAN2,0.406143832685692,0.593856167314308
ZKSCAN2-DT,0.6144942497568471,0.3855057502431529
ZKSCAN3,0.38615770315352294,0.6138422968464771
ZKSCAN4,0.45700316556862425,0.5429968344313758
ZKSCAN5,0.34854270038860186,0.6514572996113981
ZKSCAN8,0.47193969200764385,0.5280603079923561
ZMAT1,0.7712827495166233,0.22871725048337666
ZMAT2,0.2821655140391418,0.7178344859608582
ZMAT3,0.3938663181449686,0.6061336818550314
ZMAT5,0.3862173996333565,0.6137826003666436
ZMIZ1,0.37954166140739937,0.6204583385926006
ZMIZ2,0.3707094434648752,0.6292905565351248
ZMPSTE24,0.28941994932081017,0.7105800506791898
ZMYM1,0.3800045225237097,0.6199954774762904
ZMYM2,0.36647602383579525,0.6335239761642047
ZMYM3,0.4086015173899276,0.5913984826100724
ZMYM4,0.3471259315099035,0.6528740684900964
ZMYM5,0.40020919032394886,0.5997908096760511
ZMYM6,0.30530482849904467,0.6946951715009553
ZMYND11,0.38921209052205086,0.6107879094779491
ZMYND15,0.531436205974647,0.468563794025353
ZMYND19,0.40254332817026545,0.5974566718297345
ZMYND8,0.3842476135385888,0.6157523864614112
ZNF10,0.489911182650498,0.510088817349502
ZNF100,0.5275436022451946,0.4724563977548054
ZNF101,0.3963994192225592,0.6036005807774407
ZNF106,0.47137805606637684,0.5286219439336232
ZNF107,0.4515435067670686,0.5484564932329314
ZNF114,0.4437696814004864,0.5562303185995137
ZNF117,0.5329838230141571,0.46701617698584286
ZNF12,0.37416324445179533,0.6258367555482047
ZNF121,0.3950415692691292,0.6049584307308709
ZNF124,0.5574999111039298,0.4425000888960702
ZNF131,0.3755389632923262,0.6244610367076737
ZNF132,0.4745988143341882,0.5254011856658118
ZNF133,0.36605072553668705,0.633949274463313
ZNF134,0.3787123018077442,0.6212876981922558
ZNF135,0.6252266424042838,0.37477335759571617
ZNF136,0.46480575682861464,0.5351942431713854
ZNF138,0.39309472617294106,0.6069052738270589
ZNF140,0.47225339870367733,0.5277466012963227
ZNF141,0.4473450237086841,0.5526549762913159
ZNF142,0.3822300673595497,0.6177699326404503
ZNF143,0.28878750282871934,0.7112124971712807
ZNF146,0.36045477565910133,0.6395452243408987
ZNF148,0.3777950070798397,0.6222049929201603
ZNF154,0.5345397016831807,0.46546029831681934
ZNF155,0.40253188288105385,0.5974681171189462
ZNF16,0.3945601335061448,0.6054398664938552
ZNF160,0.46121267282537054,0.5387873271746295
ZNF165,0.40665525171373573,0.5933447482862643
ZNF169,0.4983746755336012,0.5016253244663988
ZNF17,0.399140935923372,0.600859064076628
ZNF174,0.39879462708319935,0.6012053729168007
ZNF175,0.43380441463419367,0.5661955853658063
ZNF180,0.47279466156448635,0.5272053384355136
ZNF181,0.49746596281017574,0.5025340371898243
ZNF182,0.4835106533552919,0.516489346644708
ZNF184,0.4293882032590253,0.5706117967409747
ZNF185,0.3878809559558119,0.6121190440441882
ZNF189,0.4420350688908781,0.5579649311091219
ZNF195,0.4347501923995359,0.5652498076004642
ZNF197,0.35387690870889593,0.646123091291104
ZNF202,0.39325591176748276,0.6067440882325172
ZNF207,0.27480014476792086,0.7251998552320791
ZNF211,0.3390164974012545,0.6609835025987455
ZNF212,0.34326049419386045,0.6567395058061396
ZNF213,0.3087118565537302,0.6912881434462699
ZNF213-AS1,0.4977788893239839,0.5022211106760162
ZNF215,0.5350787416100502,0.4649212583899498
ZNF217,0.43351217705224243,0.5664878229477576
ZNF219,0.4064383458878313,0.5935616541121687
ZNF22,0.45439955379281727,0.5456004462071827
ZNF22-AS1,0.5123979627553906,0.4876020372446094
ZNF222,0.4617751049143927,0.5382248950856072
ZNF223,0.5656703816992896,0.4343296183007104
ZNF224,0.45582140662840437,0.5441785933715957
ZNF225,0.48012698761054445,0.5198730123894555
ZNF226,0.3876826252256121,0.612317374774388
ZNF227,0.41908651483910425,0.5809134851608957
ZNF23,0.47785622054444893,0.522143779455551
ZNF230,0.42333170904644896,0.576668290953551
ZNF232,0.5133649637656552,0.4866350362343448
ZNF232-AS1,0.5186161372278418,0.48138386277215817
ZNF234,0.429642275507961,0.570357724492039
ZNF235,0.41099818316953524,0.5890018168304647
ZNF236,0.46568749924855574,0.5343125007514442
ZNF239,0.628896660038403,0.37110333996159695
ZNF24,0.4126717655786446,0.5873282344213554
ZNF248,0.4949440040758678,0.5050559959241322
ZNF25,0.4502254080559526,0.5497745919440473
ZNF250,0.37328170984983444,0.6267182901501656
ZNF251,0.45630690295781406,0.5436930970421859
ZNF254,0.5022209584712982,0.4977790415287018
ZNF256,0.5356897195535046,0.46431028044649536
ZNF26,0.43758545922381537,0.5624145407761847
ZNF260,0.44301525237304823,0.5569847476269518
ZNF263,0.3179750796407461,0.6820249203592539
ZNF264,0.3598617457651666,0.6401382542348334
ZNF266,0.37724287807941437,0.6227571219205856
ZNF267,0.37908197407211575,0.6209180259278843
ZNF268,0.4589194974728993,0.5410805025271007
ZNF273,0.47459386555211885,0.5254061344478811
ZNF274,0.38559870634760174,0.6144012936523983
ZNF275,0.47558238570179256,0.5244176142982074
ZNF276,0.4109480934483664,0.5890519065516335
ZNF277,0.28328243576522383,0.7167175642347762
ZNF28,0.4800484286887305,0.5199515713112695
ZNF280D,0.4526354795587914,0.5473645204412085
ZNF281,0.3154048267751932,0.6845951732248068
ZNF282,0.2870305496866682,0.7129694503133318
ZNF283,0.4074773666049753,0.5925226333950246
ZNF286A,0.4309113174676895,0.5690886825323105
ZNF287,0.4691352035318102,0.5308647964681898
ZNF292,0.4149566212935107,0.5850433787064893
ZNF296,0.43869198246725966,0.5613080175327403
ZNF3,0.45283681952527594,0.5471631804747241
ZNF30,0.513520073145628,0.486479926854372
ZNF300,0.6004469501120704,0.3995530498879296
ZNF302,0.5208603276738099,0.47913967232619015
ZNF304,0.4022194045994963,0.5977805954005038
ZNF316,0.3206928605878992,0.6793071394121009
ZNF317,0.32087987368660315,0.6791201263133968
ZNF318,0.4057360344699451,0.5942639655300549
ZNF319,0.3212960941184844,0.6787039058815156
ZNF32,0.456917800541435,0.5430821994585651
ZNF320,0.5081973432430199,0.4918026567569801
ZNF322,0.5337162869317191,0.46628371306828087
ZNF324,0.3862212353519031,0.6137787646480969
ZNF326,0.40680281684866976,0.5931971831513303
ZNF329,0.4700590489166124,0.5299409510833877
ZNF330,0.3038899512030184,0.6961100487969816
ZNF331,0.5375901540475232,0.4624098459524768
ZNF333,0.4515466916241816,0.5484533083758184
ZNF335,0.3156911778662886,0.6843088221337115
ZNF337,0.5720488397138459,0.4279511602861541
ZNF33A,0.43391395413449835,0.5660860458655017
ZNF33B,0.4481048227420875,0.5518951772579125
ZNF34,0.3799345078212874,0.6200654921787125
ZNF341,0.3549153948468821,0.6450846051531178
ZNF343,0.3862157499949847,0.6137842500050152
ZNF345,0.5538589890514102,0.4461410109485898
ZNF346,0.4149216903107507,0.5850783096892493
ZNF347,0.6076792457274028,0.39232075427259716
ZNF35,0.3951827210507223,0.6048172789492777
ZNF350,0.4457266905478069,0.5542733094521931
ZNF354A,0.41711814648338724,0.5828818535166127
ZNF354B,0.5031853605593953,0.49681463944060467
ZNF358,0.5092105003339904,0.4907894996660096
ZNF362,0.4386794577751841,0.561320542224816
ZNF37A,0.4535877954746996,0.5464122045253004
ZNF382,0.5688112559063094,0.43118874409369057
ZNF383,0.47087362515074865,0.5291263748492514
ZNF384,0.46771883059825214,0.5322811694017479
ZNF385A,0.27788805168581476,0.7221119483141852
ZNF385C,0.6530111495937619,0.34698885040623806
ZNF391,0.5153268554380962,0.4846731445619038
ZNF394,0.3488732677485262,0.6511267322514738
ZNF395,0.36426205347691265,0.6357379465230873
ZNF397,0.4723970985838345,0.5276029014161655
ZNF398,0.3451086395819272,0.6548913604180728
ZNF404,0.47379630378314425,0.5262036962168557
ZNF407,0.40568590270621435,0.5943140972937857
ZNF408,0.3548075013927051,0.6451924986072949
ZNF410,0.4985262948487486,0.5014737051512514
ZNF414,0.4688592031598091,0.5311407968401909
ZNF416,0.3682569433003664,0.6317430566996336
ZNF417,0.4355460139257567,0.5644539860742432
ZNF420,0.6083344114678246,0.39166558853217537
ZNF425,0.48957243295652525,0.5104275670434748
ZNF426,0.4535622846867357,0.5464377153132642
ZNF428,0.5179509930312634,0.48204900696873665
ZNF429,0.5832199741687093,0.4167800258312907
ZNF43,0.5930690584438187,0.40693094155618126
ZNF430,0.45185087035809246,0.5481491296419075
ZNF431,0.4475114137998649,0.5524885862001351
ZNF432,0.41081686823495794,0.589183131765042
ZNF433-AS1,0.5215805444334235,0.4784194555665765
ZNF438,0.43414934458477156,0.5658506554152285
ZNF439,0.5514429589467389,0.4485570410532611
ZNF44,0.4514697140880993,0.5485302859119007
ZNF440,0.4381406913910593,0.5618593086089407
ZNF441,0.5333098306187561,0.46669016938124386
ZNF444,0.40068852795021875,0.5993114720497812
ZNF445,0.43823608702846933,0.5617639129715306
ZNF446,0.4668123131351812,0.5331876868648189
ZNF45,0.42075261367218836,0.5792473863278116
ZNF451,0.32579460154686657,0.6742053984531334
ZNF460,0.4823664219251701,0.5176335780748299
ZNF462,0.4640136523438351,0.5359863476561648
ZNF468,0.48404065679226604,0.515959343207734
ZNF471,0.6663836006607328,0.33361639933926723
ZNF474,0.6605991582785334,0.33940084172146656
ZNF48,0.5117746085992881,0.48822539140071186
ZNF480,0.3752346307571445,0.6247653692428554
ZNF484,0.36929611435958315,0.6307038856404168
ZNF487,0.4309212256755148,0.5690787743244852
ZNF488,0.61681982715215,0.38318017284785
ZNF493,0.5865271091461182,0.41347289085388184
ZNF496,0.4029297051685197,0.5970702948314803
ZNF500,0.3906646767365081,0.6093353232634919
ZNF503,0.4454179693545614,0.5545820306454385
ZNF506,0.4797602338450296,0.5202397661549705
ZNF507,0.4503158341561045,0.5496841658438956
ZNF510,0.4161745820726667,0.5838254179273332
ZNF511,0.4494304454752377,0.5505695545247623
ZNF512,0.5210750512778759,0.4789249487221241
ZNF512B,0.40956119554383413,0.5904388044561659
ZNF513,0.39442627664123264,0.6055737233587674
ZNF514,0.3932249556694712,0.6067750443305289
ZNF517,0.42053865268826485,0.5794613473117352
ZNF518A,0.49353775062731337,0.5064622493726867
ZNF518B,0.4778474521424089,0.522152547857591
ZNF519,0.6096149374331746,0.39038506256682537
ZNF521,0.5269762564982686,0.4730237435017314
ZNF524,0.38814503519928883,0.6118549648007112
ZNF525,0.5433379331869739,0.4566620668130261
ZNF526,0.3788745382002422,0.6211254617997578
ZNF527,0.49985603030238834,0.5001439696976117
ZNF528,0.5440500607447964,0.45594993925520355
ZNF528-AS1,0.6011097441826548,0.39889025581734516
ZNF529,0.4562155641615391,0.5437844358384609
ZNF532,0.3981939705887011,0.6018060294112989
ZNF540,0.6295570837599891,0.3704429162400109
ZNF543,0.4640147297510079,0.5359852702489921
ZNF544,0.3780610128971083,0.6219389871028917
ZNF548,0.3775923709784235,0.6224076290215765
ZNF549,0.47025687247514725,0.5297431275248528
ZNF550,0.48753981771213667,0.5124601822878634
ZNF551,0.459996134308832,0.540003865691168
ZNF552,0.4574292499039854,0.5425707500960146
ZNF554,0.5734153597482613,0.4265846402517387
ZNF556,0.5892702575240817,0.4107297424759183
ZNF557,0.4468567842351539,0.5531432157648462
ZNF558,0.43428355348961695,0.565716446510383
ZNF559,0.4456452855042049,0.5543547144957951
ZNF561,0.3723424156861646,0.6276575843138354
ZNF561-AS1,0.3807193208485842,0.6192806791514158
ZNF562,0.3656097187527588,0.6343902812472412
ZNF563,0.417589114180633,0.5824108858193671
ZNF564,0.5235498313392911,0.4764501686607089
ZNF565,0.4339997300079891,0.5660002699920109
ZNF566,0.564874359539577,0.435125640460423
ZNF567,0.5081191882491112,0.4918808117508888
ZNF568,0.5744994644607816,0.4255005355392184
ZNF569,0.5591574077095304,0.4408425922904696
ZNF57,0.3795049179877554,0.6204950820122446
ZNF570,0.558312422462872,0.44168757753712795
ZNF571,0.5087973353053842,0.4912026646946158
ZNF571-AS1,0.6083697889532361,0.3916302110467639
ZNF573,0.4850187301635742,0.5149812698364258
ZNF574,0.3834917599867497,0.6165082400132502
ZNF575,0.4000480292098863,0.5999519707901138
ZNF576,0.4304195578609194,0.5695804421390807
ZNF577,0.48581262518252644,0.5141873748174736
ZNF579,0.46668105093496187,0.5333189490650381
ZNF580,0.43112535029649734,0.5688746497035027
ZNF581,0.3640968580065029,0.6359031419934971
ZNF582,0.572514034807682,0.42748596519231796
ZNF583,0.601793705352715,0.39820629464728496
ZNF585A,0.5325811776731696,0.4674188223268304
ZNF585B,0.4522836905504976,0.5477163094495023
ZNF586,0.3920783666627748,0.6079216333372253
ZNF587,0.4218342219080244,0.5781657780919756
ZNF592,0.3392641557646649,0.660735844235335
ZNF594,0.5532608308962413,0.44673916910375866
ZNF595,0.5446496254631451,0.4553503745368549
ZNF596,0.5581758027630193,0.44182419723698074
ZNF597,0.4382828154734203,0.5617171845265797
ZNF598,0.31735382571683396,0.682646174283166
ZNF599,0.4847481846809387,0.5152518153190613
ZNF600,0.4666735253163746,0.5333264746836254
ZNF605,0.5685883717877525,0.43141162821224754
ZNF606,0.5558886394969055,0.4441113605030945
ZNF607,0.5367964458252702,0.4632035541747298
ZNF608,0.5567558769668851,0.4432441230331149
ZNF609,0.36228262074291706,0.6377173792570829
ZNF611,0.43741699680685997,0.56258300319314
ZNF613,0.4936199864106519,0.5063800135893481
ZNF614,0.5069490910640785,0.4930509089359215
ZNF615,0.50081069873912,0.49918930126088
ZNF616,0.40687122169349876,0.5931287783065012
ZNF618,0.5671017095446587,0.43289829045534134
ZNF619,0.5473752628479686,0.45262473715203144
ZNF620,0.6816416499870164,0.3183583500129836
ZNF621,0.4197166029896055,0.5802833970103944
ZNF622,0.2881690876425377,0.7118309123574623
ZNF623,0.3829523364880255,0.6170476635119745
ZNF624,0.3563309734953301,0.6436690265046698
ZNF626,0.6246658595544952,0.37533414044550484
ZNF627,0.44814359875661985,0.5518564012433802
ZNF628,0.3741590330111129,0.6258409669888871
ZNF629,0.39588337178741184,0.6041166282125882
ZNF638,0.33647338886346134,0.6635266111365387
ZNF639,0.41623804638428347,0.5837619536157166
ZNF641,0.47410313093236517,0.5258968690676349
ZNF644,0.3803224550294025,0.6196775449705976
ZNF646,0.3434249290398189,0.6565750709601811
ZNF649,0.523236830319677,0.47676316968032295
ZNF652,0.3842891558472599,0.6157108441527401
ZNF653,0.4169708849596126,0.5830291150403875
ZNF654,0.4070771613291332,0.5929228386708668
ZNF655,0.3979928009212017,0.6020071990787983
ZNF658,0.5009333305060863,0.49906666949391365
ZNF66,0.6204578312379974,0.37954216876200264
ZNF660,0.6494794232504708,0.3505205767495292
ZNF664,0.3831296863832644,0.6168703136167356
ZNF667,0.7264076556478228,0.27359234435217716
ZNF667-AS1,0.6889449432492256,0.3110550567507744
ZNF668,0.3892867863178253,0.6107132136821747
ZNF669,0.47085810026952196,0.529141899730478
ZNF671,0.509709215589932,0.490290784410068
ZNF672,0.3903850886438574,0.6096149113561427
ZNF674-AS1,0.46563747099467684,0.5343625290053231
ZNF675,0.4940734473722322,0.5059265526277679
ZNF677,0.5721011938793319,0.4278988061206681
ZNF678,0.5063036786658424,0.49369632133415764
ZNF680,0.5091061533561775,0.4908938466438225
ZNF681,0.5909750791532653,0.4090249208467347
ZNF682,0.6485813281365803,0.3514186718634197
ZNF683,0.5008620353182778,0.4991379646817222
ZNF687,0.3983544534338372,0.6016455465661628
ZNF687-AS1,0.537727023341826,0.462272976658174
ZNF688,0.4254141290272985,0.5745858709727014
ZNF689,0.45116311577813967,0.5488368842218603
ZNF69,0.6104293167591095,0.3895706832408905
ZNF691,0.4733152150043419,0.5266847849956581
ZNF699,0.3855096929307495,0.6144903070692505
ZNF7,0.34002971595951487,0.6599702840404851
ZNF70,0.4380182570644787,0.5619817429355213
ZNF700,0.4795394843178136,0.5204605156821864
ZNF701,0.5277706661394664,0.47222933386053356
ZNF704,0.46843932196497917,0.5315606780350208
ZNF706,0.3096908461302519,0.6903091538697481
ZNF707,0.34804306872787755,0.6519569312721225
ZNF708,0.520484484732151,0.47951551526784897
ZNF709,0.649931903396334,0.350068096603666
ZNF71,0.4595141735460077,0.5404858264539922
ZNF710,0.35789339024839656,0.6421066097516035
ZNF711,0.7114723090614591,0.2885276909385409
ZNF713,0.5651370026171207,0.43486299738287926
ZNF714,0.5516165164964539,0.44838348350354607
ZNF717,0.6094181835651398,0.39058181643486023
ZNF721,0.43950382832969936,0.5604961716703006
ZNF724,0.5814334180738244,0.4185665819261756
ZNF726,0.6490112990140915,0.3509887009859085
ZNF727,0.6370959058403969,0.3629040941596031
ZNF736,0.580156320972102,0.419843679027898
ZNF737,0.6510714931147439,0.3489285068852561
ZNF738,0.5952768176794052,0.4047231823205948
ZNF74,0.43095909378358294,0.569040906216417
ZNF740,0.4024474815066372,0.5975525184933628
ZNF746,0.33944547256188734,0.6605545274381126
ZNF747,0.4404657839664391,0.5595342160335609
ZNF749,0.4572501342211451,0.542749865778855
ZNF75A,0.4499699766082423,0.5500300233917577
ZNF75D,0.43396376445889473,0.5660362355411053
ZNF76,0.42744992673397064,0.5725500732660294
ZNF764,0.4216338241738932,0.5783661758261067
ZNF765,0.3935789990105799,0.6064210009894201
ZNF766,0.3977820686995983,0.6022179313004017
ZNF768,0.35471050574311186,0.6452894942568881
ZNF770,0.503406190446445,0.49659380955355503
ZNF771,0.5285682140716484,0.47143178592835155
ZNF776,0.4203014203480312,0.5796985796519688
ZNF777,0.3741198248629059,0.6258801751370942
ZNF778,0.4124327658542565,0.5875672341457435
ZNF780A,0.4549282640218735,0.5450717359781265
ZNF780B,0.5222402933452811,0.4777597066547189
ZNF781,0.5766435414552689,0.42335645854473114
ZNF783,0.47059398144483566,0.5294060185551643
ZNF784,0.40805127950651304,0.591948720493487
ZNF785,0.49723525398543905,0.502764746014561
ZNF786,0.41313261246042593,0.586867387539574
ZNF787,0.3233038325394903,0.6766961674605096
ZNF789,0.5149041712284088,0.4850958287715912
ZNF79,0.43306046830756323,0.5669395316924368
ZNF790,0.5343968932117734,0.4656031067882266
ZNF790-AS1,0.5783861673304013,0.42161383266959873
ZNF791,0.3452147937246731,0.6547852062753269
ZNF792,0.4759445233004434,0.5240554766995567
ZNF793,0.6528823769518307,0.3471176230481693
ZNF799,0.4761417524090835,0.5238582475909165
ZNF8,0.44822944541062626,0.5517705545893737
ZNF800,0.3516311038817678,0.6483688961182321
ZNF805,0.3958447836339474,0.6041552163660526
ZNF808,0.5228899818445955,0.47711001815540455
ZNF81,0.5009218401142529,0.4990781598857471
ZNF813,0.6232538116829736,0.37674618831702644
ZNF814,0.4677594559533255,0.5322405440466744
ZNF816,0.5351799981934684,0.4648200018065316
ZNF821,0.40043841927711454,0.5995615807228855
ZNF823,0.40096861869096756,0.5990313813090324
ZNF827,0.49546834720032557,0.5045316527996744
ZNF829,0.6252557028617177,0.3747442971382823
ZNF83,0.531465969979763,0.46853403002023697
ZNF830,0.35263014611388954,0.6473698538861105
ZNF831,0.6105330708835807,0.38946692911641934
ZNF836,0.38560779658811434,0.6143922034118856
ZNF839,0.4486525154539517,0.5513474845460483
ZNF84,0.48187331163457464,0.5181266883654254
ZNF841,0.38923413146819386,0.6107658685318061
ZNF844,0.623208302472319,0.37679169752768105
ZNF845,0.38290165790489744,0.6170983420951026
ZNF846,0.3911014579768692,0.6088985420231308
ZNF85,0.5252927121307168,0.4747072878692832
ZNF850,0.5861586859183652,0.4138413140816348
ZNF853,0.6063354249511447,0.3936645750488553
ZNF862,0.5596667347209794,0.4403332652790206
ZNF865,0.34591786726377904,0.654082132736221
ZNF875,0.4518816178398473,0.5481183821601527
ZNF879,0.6689729413815907,0.3310270586184093
ZNF880,0.5444899797439575,0.4555100202560425
ZNF888,0.5433174946478435,0.4566825053521565
ZNF891,0.4402414102639471,0.5597585897360529
ZNF91,0.517952776913132,0.482047223086868
ZNF92,0.4387788900307247,0.5612211099692753
ZNF93,0.5847444513014385,0.4152555486985615
ZNFX1,0.4361171376492296,0.5638828623507703
ZNHIT1,0.35434891070638386,0.6456510892936161
ZNHIT2,0.4380877763032913,0.5619122236967087
ZNHIT3,0.354352275707892,0.6456477242921079
ZNHIT6,0.3224939573556185,0.6775060426443815
ZNNT1,0.5198832478906427,0.48011675210935734
ZNRD2,0.3513126905475344,0.6486873094524657
ZNRF1,0.3420727246307901,0.6579272753692099
ZNRF2,0.30251377674617935,0.6974862232538206
ZNRF3,0.4346804858318397,0.5653195141681603
ZP3,0.46186889175857815,0.5381311082414219
ZPR1,0.2778569297598941,0.7221430702401059
ZRANB1,0.3829070497304201,0.6170929502695799
ZRANB2,0.3759973405727318,0.6240026594272682
ZRANB3,0.4408887358648436,0.5591112641351563
ZRSR2,0.4547003550188882,0.5452996449811118
ZSCAN12,0.5605065364922796,0.43949346350772045
ZSCAN16,0.5912134115185056,0.4087865884814944
ZSCAN16-AS1,0.4638079564486231,0.536192043551377
ZSCAN18,0.5910049112779754,0.4089950887220246
ZSCAN2,0.45794025835181984,0.5420597416481802
ZSCAN21,0.4830469712615013,0.5169530287384987
ZSCAN26,0.44727299867996145,0.5527270013200385
ZSCAN29,0.36517343829785076,0.6348265617021492
ZSCAN30,0.4775645546615124,0.5224354453384876
ZSCAN31,0.46055273871336666,0.5394472612866333
ZSCAN32,0.3906248587050608,0.6093751412949392
ZSCAN5A,0.4555422232619354,0.5444577767380646
ZSCAN9,0.4742951824196747,0.5257048175803253
ZSWIM1,0.2415125296683982,0.7584874703316018
ZSWIM3,0.4208619887275355,0.5791380112724644
ZSWIM4,0.5282345387552466,0.4717654612447534
ZSWIM6,0.37439499968396767,0.6256050003160323
ZSWIM7,0.3948694214757,0.6051305785243
ZSWIM8,0.3775029932813985,0.6224970067186015
ZSWIM9,0.435108677351049,0.5648913226489509
ZUP1,0.33349045153175083,0.6665095484682492
ZW10,0.32531600445508957,0.6746839955449104
ZWILCH,0.4159812360469784,0.5840187639530217
ZWINT,0.47931517341307234,0.5206848265869277
ZXDA,0.464813767267125,0.535186232732875
ZXDB,0.4362102299928665,0.5637897700071335
ZXDC,0.36797044945082497,0.6320295505491751
ZYG11B,0.34703092463314533,0.6529690753668547
ZYX,0.3215735208775316,0.6784264791224683
ZZEF1,0.34169728481876,0.65830271518124
ZZZ3,0.34203360096684526,0.6579663990331548
